tv_grab_uk_freeview, 2026-06-13 22:54:49
----------------------------------------
getting list of channels:  URL= https://www.freeview.co.uk/api/channel-list?nid=64403 
Fetching https://www.freeview.co.uk/api/channel-list?nid=64403 from server.
##################################################
using cache '/home/runner/work/xmltv/xmltv/scripts//.xmltv/cache' 
using channel format 'number' 
using region id '64403' 
using icon ch string '?w=160' 
using icon pg string '?w=800' 
fetch 20 channels 
start/end grab: 1781395200 1781481600 
getting listings:  URL= https://www.freeview.co.uk/api/tv-guide?nid=64403&start=1781395200 
Fetching https://www.freeview.co.uk/api/tv-guide?nid=64403&start=1781395200 from server.
 Wanted 8384 
Fetching https://www.freeview.co.uk/api/program?sid=4&nid=64403&pid=crid://csi.enh.digitaluk.co.uk/37c84cce-5704-49c8-a538-906da6961f7e&start=2026-06-14T00:20:00+0000&duration=PT15M from server.
Fetching https://www.freeview.co.uk/api/program?sid=4&nid=64403&pid=crid://csi.digitaluk.co.uk/a2d95db0-19a6-4fa2-94bd-262a49b23be6&start=2026-06-14T00:35:00+0000&duration=PT50M from server.
Fetching https://www.freeview.co.uk/api/program?sid=4&nid=64403&pid=crid://csi.enh.digitaluk.co.uk/ac6ddf59-52c0-4671-ad16-0b77b607281d&start=2026-06-14T01:25:00+0000&duration=PT30M from server.
Fetching https://www.freeview.co.uk/api/program?sid=4&nid=64403&pid=crid://csi.enh.digitaluk.co.uk/a1d8912f-54c4-4904-801c-3d03e6a68fcc&start=2026-06-14T01:55:00+0000&duration=PT25M from server.
Fetching https://www.freeview.co.uk/api/program?sid=4&nid=64403&pid=crid://csi.enh.digitaluk.co.uk/f42d6fa8-b149-44ad-9d68-627014a6e547&start=2026-06-14T02:20:00+0000&duration=PT25M from server.
Fetching https://www.freeview.co.uk/api/program?sid=4&nid=64403&pid=crid://csi.enh.digitaluk.co.uk/bb323259-b786-4f58-806a-809d6873ebf2&start=2026-06-14T02:45:00+0000&duration=PT55M from server.
Fetching https://www.freeview.co.uk/api/program?sid=4&nid=64403&pid=crid://csi.enh.digitaluk.co.uk/6e1df89a-26aa-4f00-af9c-69b4628fa793&start=2026-06-14T03:40:00+0000&duration=PT25M from server.
Fetching https://www.freeview.co.uk/api/program?sid=4&nid=64403&pid=crid://csi.enh.digitaluk.co.uk/0e2c6711-a2a9-4fe4-a196-bf14fda8c2bf&start=2026-06-14T04:05:00+0000&duration=PT25M from server.
Fetching https://www.freeview.co.uk/api/program?sid=4&nid=64403&pid=crid://csi.enh.digitaluk.co.uk/97aa646e-2630-4463-b2ec-76da7ad205d3&start=2026-06-14T04:30:00+0000&duration=PT25M from server.
Fetching https://www.freeview.co.uk/api/program?sid=4&nid=64403&pid=crid://csi.enh.digitaluk.co.uk/05df666d-7eb6-422b-8cb5-a86aee0e0864&start=2026-06-14T04:55:00+0000&duration=PT25M from server.
Fetching https://www.freeview.co.uk/api/program?sid=4&nid=64403&pid=crid://csi.enh.digitaluk.co.uk/0e23aa2e-ebb9-473a-911a-ac65026febe8&start=2026-06-14T05:20:00+0000&duration=PT25M from server.
Fetching https://www.freeview.co.uk/api/program?sid=4&nid=64403&pid=crid://csi.enh.digitaluk.co.uk/cb3a0b19-7310-4e16-b7e5-84930d9a8953&start=2026-06-14T05:45:00+0000&duration=PT25M from server.
Fetching https://www.freeview.co.uk/api/program?sid=4&nid=64403&pid=crid://csi.enh.digitaluk.co.uk/d3a31937-a49a-479e-9739-cf843f7dd7e3&start=2026-06-14T06:10:00+0000&duration=PT25M from server.
Fetching https://www.freeview.co.uk/api/program?sid=4&nid=64403&pid=crid://csi.enh.digitaluk.co.uk/95a7b068-d202-435a-9e86-f8bcacd714b6&start=2026-06-14T06:35:00+0000&duration=PT25M from server.
Fetching https://www.freeview.co.uk/api/program?sid=4&nid=64403&pid=crid://csi.enh.digitaluk.co.uk/f2850255-94b3-4ad1-bdc0-fc85cb05014f&start=2026-06-14T07:00:00+0000&duration=PT30M from server.
Fetching https://www.freeview.co.uk/api/program?sid=4&nid=64403&pid=crid://csi.enh.digitaluk.co.uk/3773b1a4-6f6f-4a23-bc6e-78548c90439f&start=2026-06-14T07:30:00+0000&duration=PT30M from server.
Fetching https://www.freeview.co.uk/api/program?sid=4&nid=64403&pid=crid://csi.enh.digitaluk.co.uk/347d52a4-54e6-42ee-827b-1fbeaa4e237b&start=2026-06-14T08:00:00+0000&duration=PT30M from server.
Fetching https://www.freeview.co.uk/api/program?sid=4&nid=64403&pid=crid://csi.enh.digitaluk.co.uk/8f5f7b4c-41da-45fe-86d0-797f0bb64915&start=2026-06-14T08:30:00+0000&duration=PT30M from server.
Fetching https://www.freeview.co.uk/api/program?sid=4&nid=64403&pid=crid://csi.enh.digitaluk.co.uk/c0c8ac8e-1418-4fea-ac82-dff628dadd82&start=2026-06-14T09:00:00+0000&duration=PT3H from server.
Fetching https://www.freeview.co.uk/api/program?sid=4&nid=64403&pid=crid://csi.enh.digitaluk.co.uk/5773fb30-1a4c-4750-a9bd-85d1e08f0c32&start=2026-06-14T12:00:00+0000&duration=PT30M from server.
Fetching https://www.freeview.co.uk/api/program?sid=4&nid=64403&pid=crid://csi.enh.digitaluk.co.uk/75550262-8ea2-4363-94fb-ccf402d41d3e&start=2026-06-14T12:30:00+0000&duration=PT30M from server.
Fetching https://www.freeview.co.uk/api/program?sid=4&nid=64403&pid=crid://csi.enh.digitaluk.co.uk/df39068e-55ca-41d8-b0d7-1597af595725&start=2026-06-14T13:00:00+0000&duration=PT30M from server.
Fetching https://www.freeview.co.uk/api/program?sid=4&nid=64403&pid=crid://csi.enh.digitaluk.co.uk/5c362e01-9a40-4c0c-95f7-2d162003fe48&start=2026-06-14T13:30:00+0000&duration=PT30M from server.
Fetching https://www.freeview.co.uk/api/program?sid=4&nid=64403&pid=crid://csi.enh.digitaluk.co.uk/0535ed59-e714-4cf6-8024-d5d6bc18e2e8&start=2026-06-14T14:00:00+0000&duration=PT30M from server.
Fetching https://www.freeview.co.uk/api/program?sid=4&nid=64403&pid=crid://csi.enh.digitaluk.co.uk/33524c44-935a-4e30-8f79-88463ece83c4&start=2026-06-14T14:30:00+0000&duration=PT30M from server.
Fetching https://www.freeview.co.uk/api/program?sid=4&nid=64403&pid=crid://csi.enh.digitaluk.co.uk/baa9232b-4bcb-476f-9f61-b916d01b2076&start=2026-06-14T15:00:00+0000&duration=PT30M from server.
Fetching https://www.freeview.co.uk/api/program?sid=4&nid=64403&pid=crid://csi.enh.digitaluk.co.uk/c6a28f1f-ae86-46fe-b282-116ff6ff5390&start=2026-06-14T15:30:00+0000&duration=PT30M from server.
Fetching https://www.freeview.co.uk/api/program?sid=4&nid=64403&pid=crid://csi.enh.digitaluk.co.uk/6f81aba8-4035-4763-bb0d-f7d5dd0f188f&start=2026-06-14T16:00:00+0000&duration=PT1H from server.
Fetching https://www.freeview.co.uk/api/program?sid=4&nid=64403&pid=crid://csi.enh.digitaluk.co.uk/bd046eef-ee7b-479f-afef-09add9fc8f61&start=2026-06-14T17:00:00+0000&duration=PT30M from server.
Fetching https://www.freeview.co.uk/api/program?sid=4&nid=64403&pid=crid://csi.enh.digitaluk.co.uk/e68cc18b-3b87-4d95-819d-24f79e324da8&start=2026-06-14T17:30:00+0000&duration=PT2H30M from server.
Fetching https://www.freeview.co.uk/api/program?sid=4&nid=64403&pid=crid://movida.bebanjo.net/mas/version/77436/001/POSTWATERSHED2100/C&start=2026-06-14T20:00:00+0000&duration=PT1H from server.
Fetching https://www.freeview.co.uk/api/program?sid=4&nid=64403&pid=crid://movida.bebanjo.net/mas/version/78327/002/ASDELIVERED/C&start=2026-06-14T21:00:00+0000&duration=PT1H from server.
Fetching https://www.freeview.co.uk/api/program?sid=4&nid=64403&pid=crid://csi.digitaluk.co.uk/fab8011e-7c43-431e-ae1c-188c923bc80e&start=2026-06-14T22:00:00+0000&duration=PT1H from server.
Fetching https://www.freeview.co.uk/api/program?sid=4&nid=64403&pid=crid://movida.bebanjo.net/mas/version/73812/001/POSTWATERSHED2100/C&start=2026-06-14T23:00:00+0000&duration=PT1H45M from server.
## Wanted 8500 
Fetching https://www.freeview.co.uk/api/program?sid=5&nid=64403&pid=crid://panorama.five.tv/versions/C5349600001A&start=2026-06-14T00:00:00+0000&duration=PT1H from server.
Fetching https://www.freeview.co.uk/api/program?sid=5&nid=64403&pid=crid://csi.digitaluk.co.uk/a607252e-6fd6-4548-b924-10258699f2ed&start=2026-06-14T01:00:00+0000&duration=PT30M from server.
Fetching https://www.freeview.co.uk/api/program?sid=5&nid=64403&pid=crid://csi.digitaluk.co.uk/50139df4-e669-419b-bc32-948f2ae1c74a&start=2026-06-14T01:30:00+0000&duration=PT50M from server.
Fetching https://www.freeview.co.uk/api/program?sid=5&nid=64403&pid=crid://csi.digitaluk.co.uk/a8a93dd3-d26c-4072-aea5-3c67cde975ad&start=2026-06-14T02:20:00+0000&duration=PT25M from server.
Fetching https://www.freeview.co.uk/api/program?sid=5&nid=64403&pid=crid://csi.digitaluk.co.uk/5e061297-fda1-449d-b534-76dfc49daffa&start=2026-06-14T02:45:00+0000&duration=PT25M from server.
Fetching https://www.freeview.co.uk/api/program?sid=5&nid=64403&pid=crid://csi.digitaluk.co.uk/c101e522-8306-42c6-8bca-794f006f8793&start=2026-06-14T03:10:00+0000&duration=PT25M from server.
Fetching https://www.freeview.co.uk/api/program?sid=5&nid=64403&pid=crid://csi.digitaluk.co.uk/9246aae2-7b3f-4200-8257-fed725670e36&start=2026-06-14T03:35:00+0000&duration=PT50M from server.
Fetching https://www.freeview.co.uk/api/program?sid=5&nid=64403&pid=crid://csi.digitaluk.co.uk/5b1c85d3-7b6e-457a-9ca3-dee95c4e451a&start=2026-06-14T04:25:00+0000&duration=PT10M from server.
Fetching https://www.freeview.co.uk/api/program?sid=5&nid=64403&pid=crid://csi.digitaluk.co.uk/5846ad61-a08a-4858-9fd9-b3726a179310&start=2026-06-14T04:35:00+0000&duration=PT15M from server.
Fetching https://www.freeview.co.uk/api/program?sid=5&nid=64403&pid=crid://csi.digitaluk.co.uk/1553f67c-d77f-403f-90c7-9b97ca33d022&start=2026-06-14T04:50:00+0000&duration=PT10M from server.
Fetching https://www.freeview.co.uk/api/program?sid=5&nid=64403&pid=crid://csi.digitaluk.co.uk/6a6af9be-96f4-4c38-b046-f829e0be9325&start=2026-06-14T05:00:00+0000&duration=PT5M from server.
Fetching https://www.freeview.co.uk/api/program?sid=5&nid=64403&pid=crid://csi.digitaluk.co.uk/bcdd4857-44a2-4032-aabf-c857b692e468&start=2026-06-14T05:05:00+0000&duration=PT5M from server.
Fetching https://www.freeview.co.uk/api/program?sid=5&nid=64403&pid=crid://csi.digitaluk.co.uk/a9c19d24-279f-426a-9634-18d9f29a68fa&start=2026-06-14T05:10:00+0000&duration=PT5M from server.
Fetching https://www.freeview.co.uk/api/program?sid=5&nid=64403&pid=crid://csi.digitaluk.co.uk/99692a3a-bd76-470f-b5f3-4a7a83983865&start=2026-06-14T05:15:00+0000&duration=PT10M from server.
Fetching https://www.freeview.co.uk/api/program?sid=5&nid=64403&pid=crid://csi.digitaluk.co.uk/00d21f6d-2cd8-46d3-a60b-9a9fa0a67f58&start=2026-06-14T05:25:00+0000&duration=PT10M from server.
Fetching https://www.freeview.co.uk/api/program?sid=5&nid=64403&pid=crid://csi.digitaluk.co.uk/52b2186f-5971-4782-931f-3aecfc92b964&start=2026-06-14T05:35:00+0000&duration=PT10M from server.
Fetching https://www.freeview.co.uk/api/program?sid=5&nid=64403&pid=crid://csi.digitaluk.co.uk/282b6376-1ed5-494a-bc6b-cdee47469b67&start=2026-06-14T05:45:00+0000&duration=PT10M from server.
Fetching https://www.freeview.co.uk/api/program?sid=5&nid=64403&pid=crid://csi.digitaluk.co.uk/c2faebb0-50ab-41aa-9674-89b892ed3da1&start=2026-06-14T05:55:00+0000&duration=PT10M from server.
Fetching https://www.freeview.co.uk/api/program?sid=5&nid=64403&pid=crid://csi.digitaluk.co.uk/76990f07-b2b8-466b-9eba-71ef01c51fbf&start=2026-06-14T06:05:00+0000&duration=PT10M from server.
Fetching https://www.freeview.co.uk/api/program?sid=5&nid=64403&pid=crid://csi.digitaluk.co.uk/706e970c-4ec0-4d45-baa0-162270bf1d3d&start=2026-06-14T06:15:00+0000&duration=PT5M from server.
Fetching https://www.freeview.co.uk/api/program?sid=5&nid=64403&pid=crid://csi.digitaluk.co.uk/47fd3737-71c1-4a51-8665-d338e56d7bbf&start=2026-06-14T06:20:00+0000&duration=PT5M from server.
Fetching https://www.freeview.co.uk/api/program?sid=5&nid=64403&pid=crid://csi.digitaluk.co.uk/fa9d819f-312d-450a-900a-ae79bb16ddad&start=2026-06-14T06:25:00+0000&duration=PT5M from server.
Fetching https://www.freeview.co.uk/api/program?sid=5&nid=64403&pid=crid://csi.digitaluk.co.uk/72e46866-7db3-462e-8383-3979f95f9472&start=2026-06-14T06:30:00+0000&duration=PT15M from server.
Fetching https://www.freeview.co.uk/api/program?sid=5&nid=64403&pid=crid://csi.digitaluk.co.uk/419d76bc-177b-42b6-b5ea-f746411c7d7b&start=2026-06-14T06:45:00+0000&duration=PT15M from server.
Fetching https://www.freeview.co.uk/api/program?sid=5&nid=64403&pid=crid://csi.digitaluk.co.uk/16a02b30-d3c0-4b76-807e-e2e6c2f4fa9e&start=2026-06-14T07:00:00+0000&duration=PT20M from server.
Fetching https://www.freeview.co.uk/api/program?sid=5&nid=64403&pid=crid://csi.digitaluk.co.uk/31484370-40e8-440c-8901-78eb85ca3bc2&start=2026-06-14T07:20:00+0000&duration=PT15M from server.
Fetching https://www.freeview.co.uk/api/program?sid=5&nid=64403&pid=crid://csi.digitaluk.co.uk/7a7c140e-83cc-4671-af49-98b1067ea86f&start=2026-06-14T07:35:00+0000&duration=PT15M from server.
Fetching https://www.freeview.co.uk/api/program?sid=5&nid=64403&pid=crid://panorama.five.tv/versions/C5521620012A&start=2026-06-14T07:50:00+0000&duration=PT15M from server.
Fetching https://www.freeview.co.uk/api/program?sid=5&nid=64403&pid=crid://csi.digitaluk.co.uk/f78cf3c3-a88b-4ee2-8041-434e4e04e0e6&start=2026-06-14T08:05:00+0000&duration=PT5M from server.
Fetching https://www.freeview.co.uk/api/program?sid=5&nid=64403&pid=crid://csi.digitaluk.co.uk/5a67dfc7-fb2d-4d17-ae53-df93dcd443fc&start=2026-06-14T08:10:00+0000&duration=PT10M from server.
Fetching https://www.freeview.co.uk/api/program?sid=5&nid=64403&pid=crid://csi.digitaluk.co.uk/104b664a-af78-4766-86ae-83c1268d3352&start=2026-06-14T08:20:00+0000&duration=PT50M from server.
Fetching https://www.freeview.co.uk/api/program?sid=5&nid=64403&pid=crid://csi.digitaluk.co.uk/f9a8621e-6133-4070-bd1b-793365afec4a&start=2026-06-14T09:10:00+0000&duration=PT1H from server.
Fetching https://www.freeview.co.uk/api/program?sid=5&nid=64403&pid=crid://csi.digitaluk.co.uk/d3e7d5f1-32ac-45ce-b73b-a3e14ae8fbd2&start=2026-06-14T10:10:00+0000&duration=PT1H55M from server.
Fetching https://www.freeview.co.uk/api/program?sid=5&nid=64403&pid=crid://csi.digitaluk.co.uk/6eb8b378-1e68-46b7-b41b-cbf6a210ebb1&start=2026-06-14T12:05:00+0000&duration=PT1H from server.
Fetching https://www.freeview.co.uk/api/program?sid=5&nid=64403&pid=crid://csi.digitaluk.co.uk/017e274b-ac09-43ce-97c1-56ef23cd40a0&start=2026-06-14T13:05:00+0000&duration=PT55M from server.
Fetching https://www.freeview.co.uk/api/program?sid=5&nid=64403&pid=crid://csi.digitaluk.co.uk/89458b26-da84-49e2-ac33-70a319ce47b5&start=2026-06-14T14:00:00+0000&duration=PT1H from server.
Fetching https://www.freeview.co.uk/api/program?sid=5&nid=64403&pid=crid://csi.digitaluk.co.uk/abf893b9-9117-4f30-bc0a-0a294ae0b8b8&start=2026-06-14T15:00:00+0000&duration=PT1H from server.
Fetching https://www.freeview.co.uk/api/program?sid=5&nid=64403&pid=crid://csi.digitaluk.co.uk/93667f41-650d-49f8-a05f-886551bf26f6&start=2026-06-14T16:00:00+0000&duration=PT1H30M from server.
Fetching https://www.freeview.co.uk/api/program?sid=5&nid=64403&pid=crid://csi.digitaluk.co.uk/b4783233-7d6c-4eba-b57a-88908799c2e9&start=2026-06-14T17:30:00+0000&duration=PT5M from server.
Fetching https://www.freeview.co.uk/api/program?sid=5&nid=64403&pid=crid://csi.digitaluk.co.uk/22d4f7ca-c668-4d0c-a16d-9094cf3fd815&start=2026-06-14T17:35:00+0000&duration=PT1H25M from server.
Fetching https://www.freeview.co.uk/api/program?sid=5&nid=64403&pid=crid://csi.digitaluk.co.uk/1e0629ec-3a8c-4485-ac28-5e5ac94d0734&start=2026-06-14T19:00:00+0000&duration=PT1H from server.
Fetching https://www.freeview.co.uk/api/program?sid=5&nid=64403&pid=crid://csi.digitaluk.co.uk/e2f63173-3e84-44a7-a9ee-68993a61e450&start=2026-06-14T20:00:00+0000&duration=PT1H from server.
Fetching https://www.freeview.co.uk/api/program?sid=5&nid=64403&pid=crid://csi.digitaluk.co.uk/ebfc13af-7c67-4930-9b1e-15dbafad14f3&start=2026-06-14T21:00:00+0000&duration=PT1H from server.
Fetching https://www.freeview.co.uk/api/program?sid=5&nid=64403&pid=crid://csi.digitaluk.co.uk/8166dd68-4c9a-4fad-ab2d-a05d5181c09c&start=2026-06-14T22:00:00+0000&duration=PT2H from server.
### Wanted 28000 
Fetching https://www.freeview.co.uk/api/program?sid=12&nid=64403&pid=crid://csi.digitaluk.co.uk/264501d1-802c-4c9e-b5d3-d38f6aad6570&start=2026-06-14T00:00:00+0000&duration=PT30M from server.
Fetching https://www.freeview.co.uk/api/program?sid=12&nid=64403&pid=crid://csi.digitaluk.co.uk/7c14b756-8c27-4609-b9d3-a03f6b7ae5b7&start=2026-06-14T00:30:00+0000&duration=PT30M from server.
Fetching https://www.freeview.co.uk/api/program?sid=12&nid=64403&pid=crid://csi.digitaluk.co.uk/5174c4cb-4e6e-46a9-8c24-25421b6b657d&start=2026-06-14T01:00:00+0000&duration=PT30M from server.
Fetching https://www.freeview.co.uk/api/program?sid=12&nid=64403&pid=crid://csi.digitaluk.co.uk/3d0033f8-ba99-491d-99f2-de0b60214f78&start=2026-06-14T01:30:00+0000&duration=PT30M from server.
Fetching https://www.freeview.co.uk/api/program?sid=12&nid=64403&pid=crid://csi.digitaluk.co.uk/95da41cc-bab7-4d96-9a75-955520f77165&start=2026-06-14T02:00:00+0000&duration=PT1H from server.
Fetching https://www.freeview.co.uk/api/program?sid=12&nid=64403&pid=crid://csi.digitaluk.co.uk/80fa9395-92b7-4693-94da-a808c4a23002&start=2026-06-14T03:00:00+0000&duration=PT30M from server.
Fetching https://www.freeview.co.uk/api/program?sid=12&nid=64403&pid=crid://csi.digitaluk.co.uk/5d4f8062-ae81-40ee-913e-c75e1010f50a&start=2026-06-14T03:30:00+0000&duration=PT30M from server.
Fetching https://www.freeview.co.uk/api/program?sid=12&nid=64403&pid=crid://csi.digitaluk.co.uk/19fbcfc1-bb83-4023-9903-f5766efac146&start=2026-06-14T04:00:00+0000&duration=PT30M from server.
Fetching https://www.freeview.co.uk/api/program?sid=12&nid=64403&pid=crid://csi.digitaluk.co.uk/67cc647b-b965-45d2-9556-7d1d066ed572&start=2026-06-14T04:30:00+0000&duration=PT30M from server.
Fetching https://www.freeview.co.uk/api/program?sid=12&nid=64403&pid=crid://csi.digitaluk.co.uk/381775c0-a8ee-491a-8314-98159da9b3c4&start=2026-06-14T05:00:00+0000&duration=PT30M from server.
Fetching https://www.freeview.co.uk/api/program?sid=12&nid=64403&pid=crid://csi.digitaluk.co.uk/50855865-16f6-4e2f-817a-fb97e6388065&start=2026-06-14T05:30:00+0000&duration=PT30M from server.
Fetching https://www.freeview.co.uk/api/program?sid=12&nid=64403&pid=crid://csi.digitaluk.co.uk/00b8bd50-2e71-494f-87aa-ea821641fc48&start=2026-06-14T06:00:00+0000&duration=PT30M from server.
Fetching https://www.freeview.co.uk/api/program?sid=12&nid=64403&pid=crid://csi.digitaluk.co.uk/76c63f53-3c7b-4e96-a0cc-bc2ab43242dd&start=2026-06-14T06:30:00+0000&duration=PT30M from server.
Fetching https://www.freeview.co.uk/api/program?sid=12&nid=64403&pid=crid://csi.digitaluk.co.uk/7205a1dd-a244-4d23-b836-c6d77fc5bdfc&start=2026-06-14T07:00:00+0000&duration=PT30M from server.
Fetching https://www.freeview.co.uk/api/program?sid=12&nid=64403&pid=crid://csi.digitaluk.co.uk/1d01df90-80b2-44a9-9843-7be29c44abfa&start=2026-06-14T07:30:00+0000&duration=PT30M from server.
Fetching https://www.freeview.co.uk/api/program?sid=12&nid=64403&pid=crid://csi.digitaluk.co.uk/166d475f-b8b4-48f3-9ff3-e5c1b93014c9&start=2026-06-14T08:00:00+0000&duration=PT30M from server.
Fetching https://www.freeview.co.uk/api/program?sid=12&nid=64403&pid=crid://csi.digitaluk.co.uk/1a724a8d-e01a-4b76-9e0b-602f9a987e70&start=2026-06-14T08:30:00+0000&duration=PT30M from server.
Fetching https://www.freeview.co.uk/api/program?sid=12&nid=64403&pid=crid://csi.digitaluk.co.uk/13ffed87-d69d-4f0e-ad7a-8f9d905b249a&start=2026-06-14T09:00:00+0000&duration=PT30M from server.
Fetching https://www.freeview.co.uk/api/program?sid=12&nid=64403&pid=crid://csi.digitaluk.co.uk/3b3da3df-8c23-49c9-ae96-f2217dbc1448&start=2026-06-14T09:30:00+0000&duration=PT30M from server.
Fetching https://www.freeview.co.uk/api/program?sid=12&nid=64403&pid=crid://csi.digitaluk.co.uk/145cfdfc-61ea-4abf-afcc-42f450c57f63&start=2026-06-14T10:00:00+0000&duration=PT30M from server.
Fetching https://www.freeview.co.uk/api/program?sid=12&nid=64403&pid=crid://csi.digitaluk.co.uk/10f986c8-6eaf-4dff-8167-8732ee9b521d&start=2026-06-14T10:30:00+0000&duration=PT30M from server.
Fetching https://www.freeview.co.uk/api/program?sid=12&nid=64403&pid=crid://csi.digitaluk.co.uk/0151aa6f-cd67-42b1-b1c7-05c4348cf481&start=2026-06-14T11:00:00+0000&duration=PT30M from server.
Fetching https://www.freeview.co.uk/api/program?sid=12&nid=64403&pid=crid://csi.digitaluk.co.uk/b53ab1aa-fcd7-47dc-a039-32a8795ce936&start=2026-06-14T11:30:00+0000&duration=PT30M from server.
Fetching https://www.freeview.co.uk/api/program?sid=12&nid=64403&pid=crid://csi.digitaluk.co.uk/c4d22e95-eac4-4c84-942c-85f5b6e851b5&start=2026-06-14T12:00:00+0000&duration=PT30M from server.
Fetching https://www.freeview.co.uk/api/program?sid=12&nid=64403&pid=crid://csi.digitaluk.co.uk/08b02e27-4f30-4abd-afcf-452d2fa3c333&start=2026-06-14T12:30:00+0000&duration=PT30M from server.
Fetching https://www.freeview.co.uk/api/program?sid=12&nid=64403&pid=crid://csi.digitaluk.co.uk/be432bd6-1582-4afe-98e6-cf79919a4905&start=2026-06-14T13:00:00+0000&duration=PT30M from server.
Fetching https://www.freeview.co.uk/api/program?sid=12&nid=64403&pid=crid://csi.digitaluk.co.uk/14c239c0-f5bf-4460-a329-3c62f5b7a5e3&start=2026-06-14T13:30:00+0000&duration=PT30M from server.
Fetching https://www.freeview.co.uk/api/program?sid=12&nid=64403&pid=crid://csi.digitaluk.co.uk/c2ef71d0-9688-493f-8d33-70757b44ec15&start=2026-06-14T14:00:00+0000&duration=PT30M from server.
Fetching https://www.freeview.co.uk/api/program?sid=12&nid=64403&pid=crid://csi.digitaluk.co.uk/826239f2-fef9-44c3-9ec8-c06c99d52c9e&start=2026-06-14T14:30:00+0000&duration=PT30M from server.
Fetching https://www.freeview.co.uk/api/program?sid=12&nid=64403&pid=crid://csi.digitaluk.co.uk/f7223712-9cc0-4065-b6a2-d32cbfd462b8&start=2026-06-14T15:00:00+0000&duration=PT30M from server.
Fetching https://www.freeview.co.uk/api/program?sid=12&nid=64403&pid=crid://csi.digitaluk.co.uk/b3b8f491-65d0-4a6e-a509-b582be4fbcbc&start=2026-06-14T15:30:00+0000&duration=PT30M from server.
Fetching https://www.freeview.co.uk/api/program?sid=12&nid=64403&pid=crid://csi.digitaluk.co.uk/6c53d698-5a7a-4c9e-abf4-d80b4e9b2ff1&start=2026-06-14T16:00:00+0000&duration=PT30M from server.
Fetching https://www.freeview.co.uk/api/program?sid=12&nid=64403&pid=crid://csi.digitaluk.co.uk/87cf2bcf-6ee3-4897-b4e3-806ceb7e0e38&start=2026-06-14T16:30:00+0000&duration=PT30M from server.
Fetching https://www.freeview.co.uk/api/program?sid=12&nid=64403&pid=crid://csi.digitaluk.co.uk/217b66d4-ad90-4717-80b4-12250e20f19c&start=2026-06-14T17:00:00+0000&duration=PT30M from server.
Fetching https://www.freeview.co.uk/api/program?sid=12&nid=64403&pid=crid://csi.digitaluk.co.uk/858242b9-3346-41c1-9928-d61b64e80a30&start=2026-06-14T17:30:00+0000&duration=PT30M from server.
Fetching https://www.freeview.co.uk/api/program?sid=12&nid=64403&pid=crid://csi.digitaluk.co.uk/dea2ec7c-e207-4edb-8626-b464da3e9134&start=2026-06-14T18:00:00+0000&duration=PT30M from server.
Fetching https://www.freeview.co.uk/api/program?sid=12&nid=64403&pid=crid://csi.digitaluk.co.uk/292870ab-3418-4f07-970e-24a9fc81e7d2&start=2026-06-14T18:30:00+0000&duration=PT30M from server.
Fetching https://www.freeview.co.uk/api/program?sid=12&nid=64403&pid=crid://csi.digitaluk.co.uk/38e08d31-0bed-4a3a-ad89-dd4a869a6a51&start=2026-06-14T19:00:00+0000&duration=PT30M from server.
Fetching https://www.freeview.co.uk/api/program?sid=12&nid=64403&pid=crid://csi.digitaluk.co.uk/e33cc4b4-98cf-442f-8e0e-fafb07317fa8&start=2026-06-14T19:30:00+0000&duration=PT30M from server.
Fetching https://www.freeview.co.uk/api/program?sid=12&nid=64403&pid=crid://csi.digitaluk.co.uk/a46909bc-4468-44ff-bf99-7b48fa755818&start=2026-06-14T20:00:00+0000&duration=PT1H from server.
Fetching https://www.freeview.co.uk/api/program?sid=12&nid=64403&pid=crid://csi.digitaluk.co.uk/de51ed36-91a6-4ce0-963e-4cf81e158f26&start=2026-06-14T21:00:00+0000&duration=PT1H from server.
Fetching https://www.freeview.co.uk/api/program?sid=12&nid=64403&pid=crid://csi.digitaluk.co.uk/1ff12a04-e1fe-498d-b3f2-0040bdf3c7f6&start=2026-06-14T22:00:00+0000&duration=PT1H from server.
Fetching https://www.freeview.co.uk/api/program?sid=12&nid=64403&pid=crid://csi.digitaluk.co.uk/ec6b43c8-3903-411b-9423-32861b623c15&start=2026-06-14T23:00:00+0000&duration=PT1H from server.
## Wanted 8448 
Fetching https://www.freeview.co.uk/api/program?sid=13&nid=64403&pid=crid://csi.enh.digitaluk.co.uk/4670ae87-fe5c-4cfb-81ca-aecae1d1d366&start=2026-06-14T00:10:00+0000&duration=PT1H5M from server.
Fetching https://www.freeview.co.uk/api/program?sid=13&nid=64403&pid=crid://csi.enh.digitaluk.co.uk/b0755c78-fefd-4dc0-a01c-87905c63fd2b&start=2026-06-14T01:15:00+0000&duration=PT25M from server.
Fetching https://www.freeview.co.uk/api/program?sid=13&nid=64403&pid=crid://csi.digitaluk.co.uk/ba4110a4-d127-44c6-bc67-1d942558e375&start=2026-06-14T01:40:00+0000&duration=PT55M from server.
Fetching https://www.freeview.co.uk/api/program?sid=13&nid=64403&pid=crid://csi.enh.digitaluk.co.uk/b000251e-f0b7-4aaa-9fc0-bd9dba4aa9e0&start=2026-06-14T02:35:00+0000&duration=PT55M from server.
Fetching https://www.freeview.co.uk/api/program?sid=13&nid=64403&pid=crid://csi.enh.digitaluk.co.uk/0edcdd9d-0593-42ab-9bf7-b77c19d19b70&start=2026-06-14T03:30:00+0000&duration=PT45M from server.
Fetching https://www.freeview.co.uk/api/program?sid=13&nid=64403&pid=crid://csi.enh.digitaluk.co.uk/fa874ae2-f1f6-424a-b43e-05a18dd4cc9a&start=2026-06-14T04:15:00+0000&duration=PT45M from server.
Fetching https://www.freeview.co.uk/api/program?sid=13&nid=64403&pid=crid://csi.enh.digitaluk.co.uk/4c8ef146-b2bf-4cff-b80d-3dd795f7859e&start=2026-06-14T05:00:00+0000&duration=PT1H10M from server.
Fetching https://www.freeview.co.uk/api/program?sid=13&nid=64403&pid=crid://csi.enh.digitaluk.co.uk/1314ad46-2169-42f9-b4ae-0ab1038f397a&start=2026-06-14T06:10:00+0000&duration=PT20M from server.
Fetching https://www.freeview.co.uk/api/program?sid=13&nid=64403&pid=crid://csi.enh.digitaluk.co.uk/56dd704f-57cc-446a-9fa2-46691909767f&start=2026-06-14T06:30:00+0000&duration=PT30M from server.
Fetching https://www.freeview.co.uk/api/program?sid=13&nid=64403&pid=crid://csi.enh.digitaluk.co.uk/5b27f360-74e8-48ab-beae-70004c05ad76&start=2026-06-14T07:00:00+0000&duration=PT30M from server.
Fetching https://www.freeview.co.uk/api/program?sid=13&nid=64403&pid=crid://csi.enh.digitaluk.co.uk/3143db64-029c-4b75-8ff0-fd6bc0eb1211&start=2026-06-14T07:30:00+0000&duration=PT25M from server.
Fetching https://www.freeview.co.uk/api/program?sid=13&nid=64403&pid=crid://csi.enh.digitaluk.co.uk/a9c8c600-bc2f-4e35-b716-6a15abf20948&start=2026-06-14T07:55:00+0000&duration=PT1H30M from server.
Fetching https://www.freeview.co.uk/api/program?sid=13&nid=64403&pid=crid://csi.enh.digitaluk.co.uk/79adf9e7-236f-457b-b336-74943e325faf&start=2026-06-14T09:25:00+0000&duration=PT55M from server.
Fetching https://www.freeview.co.uk/api/program?sid=13&nid=64403&pid=crid://csi.digitaluk.co.uk/1223f624-fd33-4945-b148-90a74f4c20e4&start=2026-06-14T10:20:00+0000&duration=PT1H from server.
Fetching https://www.freeview.co.uk/api/program?sid=13&nid=64403&pid=crid://csi.enh.digitaluk.co.uk/e414dbdb-6356-44a5-9c9f-bdbaed599f78&start=2026-06-14T11:20:00+0000&duration=PT1H from server.
Fetching https://www.freeview.co.uk/api/program?sid=13&nid=64403&pid=crid://csi.enh.digitaluk.co.uk/61329858-c05c-4a21-bc98-eda7dad695f6&start=2026-06-14T12:20:00+0000&duration=PT1H from server.
Fetching https://www.freeview.co.uk/api/program?sid=13&nid=64403&pid=crid://csi.enh.digitaluk.co.uk/7e55f770-dfeb-4f1f-8ee9-ada52b3d5aec&start=2026-06-14T13:20:00+0000&duration=PT30M from server.
Fetching https://www.freeview.co.uk/api/program?sid=13&nid=64403&pid=crid://csi.enh.digitaluk.co.uk/e762afe5-0f6d-45c1-be68-0ca179e77a4d&start=2026-06-14T13:50:00+0000&duration=PT30M from server.
Fetching https://www.freeview.co.uk/api/program?sid=13&nid=64403&pid=crid://csi.enh.digitaluk.co.uk/ce4e0cb1-d20b-4b18-814d-d38f877e3115&start=2026-06-14T14:20:00+0000&duration=PT30M from server.
Fetching https://www.freeview.co.uk/api/program?sid=13&nid=64403&pid=crid://csi.enh.digitaluk.co.uk/c98748f3-a632-4c68-9255-196b5eea67aa&start=2026-06-14T14:50:00+0000&duration=PT2H from server.
Fetching https://www.freeview.co.uk/api/program?sid=13&nid=64403&pid=crid://movida.bebanjo.net/mas/version/78830/002/ALLTIMES/C&start=2026-06-14T16:50:00+0000&duration=PT1H10M from server.
Fetching https://www.freeview.co.uk/api/program?sid=13&nid=64403&pid=crid://csi.enh.digitaluk.co.uk/469205b2-d792-4866-972d-132284b2f372&start=2026-06-14T18:00:00+0000&duration=PT30M from server.
Fetching https://www.freeview.co.uk/api/program?sid=13&nid=64403&pid=crid://csi.enh.digitaluk.co.uk/2ae9b193-5dd5-4688-84d4-13f8a4c0d994&start=2026-06-14T18:30:00+0000&duration=PT30M from server.
Fetching https://www.freeview.co.uk/api/program?sid=13&nid=64403&pid=crid://csi.enh.digitaluk.co.uk/e25f4590-badc-4a78-999b-aa32c4d9dcd0&start=2026-06-14T19:00:00+0000&duration=PT30M from server.
Fetching https://www.freeview.co.uk/api/program?sid=13&nid=64403&pid=crid://csi.enh.digitaluk.co.uk/004895bd-a1bc-43c6-8332-696a1c367873&start=2026-06-14T19:30:00+0000&duration=PT30M from server.
Fetching https://www.freeview.co.uk/api/program?sid=13&nid=64403&pid=crid://csi.enh.digitaluk.co.uk/b862ecbc-9dc9-4868-938a-50ebc37062cf&start=2026-06-14T20:00:00+0000&duration=PT2H5M from server.
Fetching https://www.freeview.co.uk/api/program?sid=13&nid=64403&pid=crid://csi.enh.digitaluk.co.uk/987a3470-154d-4967-94a3-39f067ddb667&start=2026-06-14T22:05:00+0000&duration=PT1H10M from server.
Fetching https://www.freeview.co.uk/api/program?sid=13&nid=64403&pid=crid://csi.enh.digitaluk.co.uk/835528b9-e206-4015-b5fc-d2e173526adc&start=2026-06-14T23:15:00+0000&duration=PT1H from server.
### Wanted 8385 
Fetching https://www.freeview.co.uk/api/program?sid=14&nid=64403&pid=crid://csi.enh.digitaluk.co.uk/371d7821-2020-497b-9d25-f9e9ea7fcb04&start=2026-06-14T02:10:00+0000&duration=PT3H50M from server.
Fetching https://www.freeview.co.uk/api/program?sid=14&nid=64403&pid=crid://csi.enh.digitaluk.co.uk/33841517-c935-4424-a95b-fc39140f70de&start=2026-06-14T06:00:00+0000&duration=PT4H from server.
Fetching https://www.freeview.co.uk/api/program?sid=14&nid=64403&pid=crid://csi.enh.digitaluk.co.uk/a92e3286-1330-4d3a-8e8b-28b2b2922caa&start=2026-06-14T10:00:00+0000&duration=PT2H25M from server.
Fetching https://www.freeview.co.uk/api/program?sid=14&nid=64403&pid=crid://csi.enh.digitaluk.co.uk/91600324-ab1c-4891-99ed-843b0e5bbcf4&start=2026-06-14T12:25:00+0000&duration=PT2H15M from server.
Fetching https://www.freeview.co.uk/api/program?sid=14&nid=64403&pid=crid://csi.enh.digitaluk.co.uk/8826598d-8719-41f8-87c2-d94acba42cdf&start=2026-06-14T14:40:00+0000&duration=PT5M from server.
Fetching https://www.freeview.co.uk/api/program?sid=14&nid=64403&pid=crid://csi.enh.digitaluk.co.uk/be79177b-af5e-4000-bae0-bb82e435322b&start=2026-06-14T14:45:00+0000&duration=PT2H20M from server.
Fetching https://www.freeview.co.uk/api/program?sid=14&nid=64403&pid=crid://csi.enh.digitaluk.co.uk/c29e8991-fe48-49cf-b3c5-46f9c67a7af7&start=2026-06-14T17:05:00+0000&duration=PT10M from server.
Fetching https://www.freeview.co.uk/api/program?sid=14&nid=64403&pid=crid://csi.enh.digitaluk.co.uk/6a5607ee-a1f4-4aff-9ffc-681ece2e3b14&start=2026-06-14T17:15:00+0000&duration=PT2H45M from server.
Fetching https://www.freeview.co.uk/api/program?sid=14&nid=64403&pid=crid://csi.enh.digitaluk.co.uk/7a33e2f4-a300-47ab-9c89-e3bdd4d29c6c&start=2026-06-14T20:00:00+0000&duration=PT2H5M from server.
Fetching https://www.freeview.co.uk/api/program?sid=14&nid=64403&pid=crid://csi.enh.digitaluk.co.uk/26080265-6413-419f-b77e-fac7fb4a4a49&start=2026-06-14T22:05:00+0000&duration=PT2H5M from server.
## Wanted 27328 
Fetching https://www.freeview.co.uk/api/program?sid=17&nid=64403&pid=crid://csi.digitaluk.co.uk/112d2eb3-3132-40eb-af9d-cb11b117a9c6&start=2026-06-14T04:00:00+0000&duration=PT30M from server.
Fetching https://www.freeview.co.uk/api/program?sid=17&nid=64403&pid=crid://csi.digitaluk.co.uk/f8051fd9-07ef-41b7-83c2-58cbd51c7dea&start=2026-06-14T04:30:00+0000&duration=PT30M from server.
Fetching https://www.freeview.co.uk/api/program?sid=17&nid=64403&pid=crid://csi.digitaluk.co.uk/eb8bb059-1268-4a67-aec9-5d78d439cec9&start=2026-06-14T05:00:00+0000&duration=PT1H from server.
Fetching https://www.freeview.co.uk/api/program?sid=17&nid=64403&pid=crid://csi.digitaluk.co.uk/8788059a-ef8b-4fdb-a74b-fdefa7a3fe3d&start=2026-06-14T06:00:00+0000&duration=PT1H from server.
Fetching https://www.freeview.co.uk/api/program?sid=17&nid=64403&pid=crid://csi.digitaluk.co.uk/7a248d9b-cdec-463d-b147-480ae254a682&start=2026-06-14T07:00:00+0000&duration=PT1H from server.
Fetching https://www.freeview.co.uk/api/program?sid=17&nid=64403&pid=crid://csi.digitaluk.co.uk/1738b8ed-e21e-49e7-8139-321c7379ba96&start=2026-06-14T08:00:00+0000&duration=PT1H from server.
Fetching https://www.freeview.co.uk/api/program?sid=17&nid=64403&pid=crid://csi.digitaluk.co.uk/8eb1e147-23c2-4163-adaf-6eb11e44b0d7&start=2026-06-14T09:00:00+0000&duration=PT1H from server.
Fetching https://www.freeview.co.uk/api/program?sid=17&nid=64403&pid=crid://csi.digitaluk.co.uk/d840feb3-8d8f-4c37-a091-cec2866265a5&start=2026-06-14T10:00:00+0000&duration=PT1H from server.
Fetching https://www.freeview.co.uk/api/program?sid=17&nid=64403&pid=crid://csi.digitaluk.co.uk/b9f99483-f021-40a2-9491-6f393db114da&start=2026-06-14T11:00:00+0000&duration=PT1H from server.
Fetching https://www.freeview.co.uk/api/program?sid=17&nid=64403&pid=crid://csi.digitaluk.co.uk/39d8cccd-0e54-4572-b553-8995025a429f&start=2026-06-14T12:00:00+0000&duration=PT3H from server.
Fetching https://www.freeview.co.uk/api/program?sid=17&nid=64403&pid=crid://csi.digitaluk.co.uk/c065ab59-7fc7-4a3f-9ad7-575fda258e73&start=2026-06-14T15:00:00+0000&duration=PT1H from server.
Fetching https://www.freeview.co.uk/api/program?sid=17&nid=64403&pid=crid://csi.digitaluk.co.uk/aa9c4447-ee23-4833-b8c3-d90a48e4cbf1&start=2026-06-14T16:00:00+0000&duration=PT1H from server.
Fetching https://www.freeview.co.uk/api/program?sid=17&nid=64403&pid=crid://csi.digitaluk.co.uk/cde61e7b-2f39-4692-8448-76cfd33ab3bc&start=2026-06-14T17:00:00+0000&duration=PT1H from server.
Fetching https://www.freeview.co.uk/api/program?sid=17&nid=64403&pid=crid://csi.digitaluk.co.uk/2916645b-bed8-4deb-803c-23d2a546abfa&start=2026-06-14T18:00:00+0000&duration=PT1H from server.
Fetching https://www.freeview.co.uk/api/program?sid=17&nid=64403&pid=crid://csi.digitaluk.co.uk/0af13ed3-88b0-4c94-915d-b58dae1ce0f5&start=2026-06-14T19:00:00+0000&duration=PT1H from server.
Fetching https://www.freeview.co.uk/api/program?sid=17&nid=64403&pid=crid://csi.digitaluk.co.uk/b0833a65-fb33-49a2-b0e1-b99d6641bd63&start=2026-06-14T20:00:00+0000&duration=PT1H from server.
Fetching https://www.freeview.co.uk/api/program?sid=17&nid=64403&pid=crid://csi.digitaluk.co.uk/d95a7830-cdd7-428d-becd-3ef6ba50e45f&start=2026-06-14T21:00:00+0000&duration=PT1H from server.
Fetching https://www.freeview.co.uk/api/program?sid=17&nid=64403&pid=crid://csi.digitaluk.co.uk/9e956597-acb2-4a55-aece-f4e3b69fc387&start=2026-06-14T22:00:00+0000&duration=PT1H from server.
Fetching https://www.freeview.co.uk/api/program?sid=17&nid=64403&pid=crid://csi.digitaluk.co.uk/a1f10f75-a0d1-42e4-9a97-5af3febabda7&start=2026-06-14T23:00:00+0000&duration=PT1H from server.
### Wanted 8442 
Fetching https://www.freeview.co.uk/api/program?sid=18&nid=64403&pid=crid://csi.enh.digitaluk.co.uk/c158e74d-7754-4df5-ac11-0952164ee34f&start=2026-06-14T00:10:00+0000&duration=PT1H5M from server.
Fetching https://www.freeview.co.uk/api/program?sid=18&nid=64403&pid=crid://csi.enh.digitaluk.co.uk/92f990f3-f75b-46b5-98a5-48403fd3f0cd&start=2026-06-14T01:15:00+0000&duration=PT1H5M from server.
Fetching https://www.freeview.co.uk/api/program?sid=18&nid=64403&pid=crid://csi.enh.digitaluk.co.uk/187431a0-be9b-47c0-96d1-d41a6ca834c8&start=2026-06-14T02:20:00+0000&duration=PT30M from server.
Fetching https://www.freeview.co.uk/api/program?sid=18&nid=64403&pid=crid://csi.enh.digitaluk.co.uk/380dde0b-101f-4a3f-b6af-c2cea51e488f&start=2026-06-14T02:50:00+0000&duration=PT3H10M from server.
Fetching https://www.freeview.co.uk/api/program?sid=18&nid=64403&pid=crid://csi.enh.digitaluk.co.uk/8a53d9bb-5487-4f43-a332-5f51d7b5a3c6&start=2026-06-14T06:00:00+0000&duration=PT1H55M from server.
Fetching https://www.freeview.co.uk/api/program?sid=18&nid=64403&pid=crid://csi.enh.digitaluk.co.uk/d94931f7-1b2d-429b-81fc-0b1de4dec399&start=2026-06-14T07:55:00+0000&duration=PT35M from server.
Fetching https://www.freeview.co.uk/api/program?sid=18&nid=64403&pid=crid://csi.enh.digitaluk.co.uk/8bfe59e0-739d-447b-894a-7cc2a782f7cd&start=2026-06-14T08:30:00+0000&duration=PT25M from server.
Fetching https://www.freeview.co.uk/api/program?sid=18&nid=64403&pid=crid://csi.enh.digitaluk.co.uk/13ef571a-9b0d-4231-90ca-a907b7c8786f&start=2026-06-14T08:55:00+0000&duration=PT30M from server.
Fetching https://www.freeview.co.uk/api/program?sid=18&nid=64403&pid=crid://csi.enh.digitaluk.co.uk/16eb6551-5adc-4d74-b9e6-a9d179233d5a&start=2026-06-14T09:25:00+0000&duration=PT35M from server.
Fetching https://www.freeview.co.uk/api/program?sid=18&nid=64403&pid=crid://csi.enh.digitaluk.co.uk/e3e8ebf2-5908-4ce8-b7fd-73e5b6bb1615&start=2026-06-14T10:00:00+0000&duration=PT35M from server.
Fetching https://www.freeview.co.uk/api/program?sid=18&nid=64403&pid=crid://csi.digitaluk.co.uk/457657d9-0249-4e66-b93d-2dfd9d8a2723&start=2026-06-14T10:35:00+0000&duration=PT30M from server.
Fetching https://www.freeview.co.uk/api/program?sid=18&nid=64403&pid=crid://csi.digitaluk.co.uk/0cd1ba14-dbce-46be-ad78-526896e052d2&start=2026-06-14T11:05:00+0000&duration=PT1H from server.
Fetching https://www.freeview.co.uk/api/program?sid=18&nid=64403&pid=crid://csi.digitaluk.co.uk/820a7cf2-bbf7-4358-aa58-ff77ca7dbe0f&start=2026-06-14T12:05:00+0000&duration=PT1H from server.
Fetching https://www.freeview.co.uk/api/program?sid=18&nid=64403&pid=crid://csi.enh.digitaluk.co.uk/e8d213bd-311a-4069-95a7-73cdd2f43366&start=2026-06-14T13:05:00+0000&duration=PT1H5M from server.
Fetching https://www.freeview.co.uk/api/program?sid=18&nid=64403&pid=crid://csi.enh.digitaluk.co.uk/27ca2e76-c3d2-459e-ae55-6965aeacdf49&start=2026-06-14T14:10:00+0000&duration=PT1H5M from server.
Fetching https://www.freeview.co.uk/api/program?sid=18&nid=64403&pid=crid://csi.digitaluk.co.uk/8dd0c7c2-2a03-4f11-b4bb-f3bbb304ade5&start=2026-06-14T15:15:00+0000&duration=PT1H5M from server.
Fetching https://www.freeview.co.uk/api/program?sid=18&nid=64403&pid=crid://csi.digitaluk.co.uk/33eb34e3-492f-43ee-b47f-6d30c05c161f&start=2026-06-14T16:20:00+0000&duration=PT1H from server.
Fetching https://www.freeview.co.uk/api/program?sid=18&nid=64403&pid=crid://csi.enh.digitaluk.co.uk/0c3fc01f-a403-41ca-89b2-b5354772a571&start=2026-06-14T17:20:00+0000&duration=PT35M from server.
Fetching https://www.freeview.co.uk/api/program?sid=18&nid=64403&pid=crid://csi.enh.digitaluk.co.uk/e7cca088-3eb9-4ef4-a2c2-2c850b5af1fd&start=2026-06-14T17:55:00+0000&duration=PT30M from server.
Fetching https://www.freeview.co.uk/api/program?sid=18&nid=64403&pid=crid://csi.digitaluk.co.uk/ae303abd-6708-4727-ba04-1c856c389f1a&start=2026-06-14T18:25:00+0000&duration=PT30M from server.
Fetching https://www.freeview.co.uk/api/program?sid=18&nid=64403&pid=crid://csi.enh.digitaluk.co.uk/d13563ad-5c2a-470e-8a30-9cc79f7ae8a1&start=2026-06-14T18:55:00+0000&duration=PT35M from server.
Fetching https://www.freeview.co.uk/api/program?sid=18&nid=64403&pid=crid://csi.enh.digitaluk.co.uk/fd6e8de2-8e90-4515-91b9-2f7315e4762a&start=2026-06-14T19:30:00+0000&duration=PT30M from server.
Fetching https://www.freeview.co.uk/api/program?sid=18&nid=64403&pid=crid://csi.enh.digitaluk.co.uk/d6bbd69b-04ee-4029-8ccb-aca0ff1c4c03&start=2026-06-14T20:00:00+0000&duration=PT1H from server.
Fetching https://www.freeview.co.uk/api/program?sid=18&nid=64403&pid=crid://csi.enh.digitaluk.co.uk/300292cb-684e-4a9c-8f0f-03a0379856ec&start=2026-06-14T21:00:00+0000&duration=PT1H5M from server.
Fetching https://www.freeview.co.uk/api/program?sid=18&nid=64403&pid=crid://csi.enh.digitaluk.co.uk/cecb72f9-df9a-4c3d-94d9-962c3d38f7e1&start=2026-06-14T22:05:00+0000&duration=PT1H from server.
Fetching https://www.freeview.co.uk/api/program?sid=18&nid=64403&pid=crid://csi.enh.digitaluk.co.uk/ec7865f8-c187-44cb-a1dc-e0c46edcb8dc&start=2026-06-14T23:05:00+0000&duration=PT1H5M from server.
## Wanted 12992 
Fetching https://www.freeview.co.uk/api/program?sid=21&nid=64403&pid=crid://panorama.five.tv/versions/C5522720017A&start=2026-06-14T00:50:00+0000&duration=PT55M from server.
Fetching https://www.freeview.co.uk/api/program?sid=21&nid=64403&pid=crid://panorama.five.tv/versions/C5522720018A&start=2026-06-14T01:45:00+0000&duration=PT50M from server.
Fetching https://www.freeview.co.uk/api/program?sid=21&nid=64403&pid=crid://panorama.five.tv/versions/C5316140021A&start=2026-06-14T02:35:00+0000&duration=PT25M from server.
Fetching https://www.freeview.co.uk/api/program?sid=21&nid=64403&pid=crid://panorama.five.tv/versions/C5266540001A&start=2026-06-14T03:00:00+0000&duration=PT2H from server.
Fetching https://www.freeview.co.uk/api/program?sid=21&nid=64403&pid=crid://panorama.five.tv/versions/C5474060001A&start=2026-06-14T05:00:00+0000&duration=PT3H from server.
Fetching https://www.freeview.co.uk/api/program?sid=21&nid=64403&pid=crid://panorama.five.tv/versions/C5522700025A&start=2026-06-14T08:00:00+0000&duration=PT10M from server.
Fetching https://www.freeview.co.uk/api/program?sid=21&nid=64403&pid=crid://panorama.five.tv/versions/C5526200003A&start=2026-06-14T08:10:00+0000&duration=PT25M from server.
Fetching https://www.freeview.co.uk/api/program?sid=21&nid=64403&pid=crid://panorama.five.tv/versions/C5522640011A&start=2026-06-14T08:35:00+0000&duration=PT50M from server.
Fetching https://www.freeview.co.uk/api/program?sid=21&nid=64403&pid=crid://panorama.five.tv/versions/C5522640012A&start=2026-06-14T09:25:00+0000&duration=PT1H from server.
Fetching https://www.freeview.co.uk/api/program?sid=21&nid=64403&pid=crid://panorama.five.tv/versions/C5522640013A&start=2026-06-14T10:25:00+0000&duration=PT1H from server.
Fetching https://www.freeview.co.uk/api/program?sid=21&nid=64403&pid=crid://panorama.five.tv/versions/C5522640014A&start=2026-06-14T11:25:00+0000&duration=PT55M from server.
Fetching https://www.freeview.co.uk/api/program?sid=21&nid=64403&pid=crid://panorama.five.tv/versions/C5522640015A&start=2026-06-14T12:20:00+0000&duration=PT1H from server.
Fetching https://www.freeview.co.uk/api/program?sid=21&nid=64403&pid=crid://panorama.five.tv/versions/C5084150001C&start=2026-06-14T13:20:00+0000&duration=PT1H35M from server.
Fetching https://www.freeview.co.uk/api/program?sid=21&nid=64403&pid=crid://panorama.five.tv/versions/C5084200001D&start=2026-06-14T14:55:00+0000&duration=PT1H35M from server.
Fetching https://www.freeview.co.uk/api/program?sid=21&nid=64403&pid=crid://panorama.five.tv/versions/C5084330001B&start=2026-06-14T16:30:00+0000&duration=PT1H30M from server.
Fetching https://www.freeview.co.uk/api/program?sid=21&nid=64403&pid=crid://panorama.five.tv/versions/C5084270001B&start=2026-06-14T18:00:00+0000&duration=PT1H30M from server.
Fetching https://www.freeview.co.uk/api/program?sid=21&nid=64403&pid=crid://panorama.five.tv/versions/C5084430001D&start=2026-06-14T19:30:00+0000&duration=PT1H30M from server.
Fetching https://www.freeview.co.uk/api/program?sid=21&nid=64403&pid=crid://panorama.five.tv/versions/C5164460002A&start=2026-06-14T21:00:00+0000&duration=PT1H from server.
Fetching https://www.freeview.co.uk/api/program?sid=21&nid=64403&pid=crid://panorama.five.tv/versions/C5164460003A&start=2026-06-14T22:00:00+0000&duration=PT55M from server.
Fetching https://www.freeview.co.uk/api/program?sid=21&nid=64403&pid=crid://panorama.five.tv/versions/C5158710012A&start=2026-06-14T22:55:00+0000&duration=PT1H from server.
Fetching https://www.freeview.co.uk/api/program?sid=21&nid=64403&pid=crid://panorama.five.tv/versions/C5158710013A&start=2026-06-14T23:55:00+0000&duration=PT55M from server.
### Wanted 12928 
Fetching https://www.freeview.co.uk/api/program?sid=32&nid=64403&pid=crid://panorama.five.tv/versions/C5478680008A&start=2026-06-14T00:30:00+0000&duration=PT50M from server.
Fetching https://www.freeview.co.uk/api/program?sid=32&nid=64403&pid=crid://panorama.five.tv/versions/C5503220004A&start=2026-06-14T01:20:00+0000&duration=PT50M from server.
Fetching https://www.freeview.co.uk/api/program?sid=32&nid=64403&pid=crid://panorama.five.tv/versions/C5180870006G&start=2026-06-14T02:10:00+0000&duration=PT50M from server.
Fetching https://www.freeview.co.uk/api/program?sid=32&nid=64403&pid=crid://panorama.five.tv/versions/C5266540001A&start=2026-06-14T03:00:00+0000&duration=PT2H from server.
Fetching https://www.freeview.co.uk/api/program?sid=32&nid=64403&pid=crid://panorama.five.tv/versions/C5266540001A&start=2026-06-14T05:00:00+0000&duration=PT1H from server.
Fetching https://www.freeview.co.uk/api/program?sid=32&nid=64403&pid=crid://panorama.five.tv/versions/C5326820001A&start=2026-06-14T06:00:00+0000&duration=PT30M from server.
Fetching https://www.freeview.co.uk/api/program?sid=32&nid=64403&pid=crid://panorama.five.tv/versions/C5480340001A&start=2026-06-14T06:30:00+0000&duration=PT30M from server.
Fetching https://www.freeview.co.uk/api/program?sid=32&nid=64403&pid=crid://panorama.five.tv/versions/C5255280002A&start=2026-06-14T07:00:00+0000&duration=PT30M from server.
Fetching https://www.freeview.co.uk/api/program?sid=32&nid=64403&pid=crid://panorama.five.tv/versions/C5255280003A&start=2026-06-14T07:30:00+0000&duration=PT30M from server.
Fetching https://www.freeview.co.uk/api/program?sid=32&nid=64403&pid=crid://panorama.five.tv/versions/C5255280005A&start=2026-06-14T08:00:00+0000&duration=PT30M from server.
Fetching https://www.freeview.co.uk/api/program?sid=32&nid=64403&pid=crid://panorama.five.tv/versions/C5255280006A&start=2026-06-14T08:30:00+0000&duration=PT30M from server.
Fetching https://www.freeview.co.uk/api/program?sid=32&nid=64403&pid=crid://panorama.five.tv/versions/C5410310008A&start=2026-06-14T09:00:00+0000&duration=PT1H from server.
Fetching https://www.freeview.co.uk/api/program?sid=32&nid=64403&pid=crid://panorama.five.tv/versions/C5412320001C&start=2026-06-14T10:00:00+0000&duration=PT1H from server.
Fetching https://www.freeview.co.uk/api/program?sid=32&nid=64403&pid=crid://panorama.five.tv/versions/C5412320002C&start=2026-06-14T11:00:00+0000&duration=PT1H from server.
Fetching https://www.freeview.co.uk/api/program?sid=32&nid=64403&pid=crid://panorama.five.tv/versions/C5398800011E&start=2026-06-14T12:00:00+0000&duration=PT1H from server.
Fetching https://www.freeview.co.uk/api/program?sid=32&nid=64403&pid=crid://panorama.five.tv/versions/C5449000001D&start=2026-06-14T13:00:00+0000&duration=PT1H from server.
Fetching https://www.freeview.co.uk/api/program?sid=32&nid=64403&pid=crid://panorama.five.tv/versions/C5449000002F&start=2026-06-14T14:00:00+0000&duration=PT1H from server.
Fetching https://www.freeview.co.uk/api/program?sid=32&nid=64403&pid=crid://panorama.five.tv/versions/C5449000003B&start=2026-06-14T15:00:00+0000&duration=PT1H from server.
Fetching https://www.freeview.co.uk/api/program?sid=32&nid=64403&pid=crid://panorama.five.tv/versions/C5177070009D&start=2026-06-14T16:00:00+0000&duration=PT1H from server.
Fetching https://www.freeview.co.uk/api/program?sid=32&nid=64403&pid=crid://panorama.five.tv/versions/C5177070008D&start=2026-06-14T17:00:00+0000&duration=PT1H from server.
Fetching https://www.freeview.co.uk/api/program?sid=32&nid=64403&pid=crid://panorama.five.tv/versions/C5177070009D&start=2026-06-14T18:00:00+0000&duration=PT1H from server.
Fetching https://www.freeview.co.uk/api/program?sid=32&nid=64403&pid=crid://panorama.five.tv/versions/C5177070010G&start=2026-06-14T19:00:00+0000&duration=PT1H from server.
Fetching https://www.freeview.co.uk/api/program?sid=32&nid=64403&pid=crid://panorama.five.tv/versions/C5513380003A&start=2026-06-14T20:00:00+0000&duration=PT1H from server.
Fetching https://www.freeview.co.uk/api/program?sid=32&nid=64403&pid=crid://panorama.five.tv/versions/C5495480006A&start=2026-06-14T21:00:00+0000&duration=PT1H from server.
Fetching https://www.freeview.co.uk/api/program?sid=32&nid=64403&pid=crid://panorama.five.tv/versions/C5333690003C&start=2026-06-14T22:00:00+0000&duration=PT1H from server.
Fetching https://www.freeview.co.uk/api/program?sid=32&nid=64403&pid=crid://panorama.five.tv/versions/C5530100001A&start=2026-06-14T23:00:00+0000&duration=PT55M from server.
Fetching https://www.freeview.co.uk/api/program?sid=32&nid=64403&pid=crid://panorama.five.tv/versions/C5509940010A&start=2026-06-14T23:55:00+0000&duration=PT1H from server.
## Wanted 16112 
Fetching https://www.freeview.co.uk/api/program?sid=33&nid=64403&pid=crid://panorama.five.tv/versions/C5208150019A&start=2026-06-14T00:55:00+0000&duration=PT1H from server.
Fetching https://www.freeview.co.uk/api/program?sid=33&nid=64403&pid=crid://panorama.five.tv/versions/C5208150020A&start=2026-06-14T01:55:00+0000&duration=PT55M from server.
Fetching https://www.freeview.co.uk/api/program?sid=33&nid=64403&pid=crid://panorama.five.tv/versions/C5522700025A&start=2026-06-14T02:50:00+0000&duration=PT10M from server.
Fetching https://www.freeview.co.uk/api/program?sid=33&nid=64403&pid=crid://panorama.five.tv/versions/C5340000001A&start=2026-06-14T03:00:00+0000&duration=PT2H from server.
Fetching https://www.freeview.co.uk/api/program?sid=33&nid=64403&pid=crid://panorama.five.tv/versions/C5266540001A&start=2026-06-14T05:00:00+0000&duration=PT1H from server.
Fetching https://www.freeview.co.uk/api/program?sid=33&nid=64403&pid=crid://panorama.five.tv/versions/C5533960001A&start=2026-06-14T06:00:00+0000&duration=PT30M from server.
Fetching https://www.freeview.co.uk/api/program?sid=33&nid=64403&pid=crid://panorama.five.tv/versions/C5480340001A&start=2026-06-14T06:30:00+0000&duration=PT30M from server.
Fetching https://www.freeview.co.uk/api/program?sid=33&nid=64403&pid=crid://panorama.five.tv/versions/C5349600001A&start=2026-06-14T07:00:00+0000&duration=PT1H from server.
Fetching https://www.freeview.co.uk/api/program?sid=33&nid=64403&pid=crid://panorama.five.tv/versions/C5293050020A&start=2026-06-14T08:00:00+0000&duration=PT1H from server.
Fetching https://www.freeview.co.uk/api/program?sid=33&nid=64403&pid=crid://panorama.five.tv/versions/C5351620001A&start=2026-06-14T09:00:00+0000&duration=PT1H from server.
Fetching https://www.freeview.co.uk/api/program?sid=33&nid=64403&pid=crid://panorama.five.tv/versions/C5510160007A&start=2026-06-14T10:00:00+0000&duration=PT55M from server.
Fetching https://www.freeview.co.uk/api/program?sid=33&nid=64403&pid=crid://panorama.five.tv/versions/C5510160008A&start=2026-06-14T10:55:00+0000&duration=PT1H from server.
Fetching https://www.freeview.co.uk/api/program?sid=33&nid=64403&pid=crid://panorama.five.tv/versions/C5510160009A&start=2026-06-14T11:55:00+0000&duration=PT1H from server.
Fetching https://www.freeview.co.uk/api/program?sid=33&nid=64403&pid=crid://panorama.five.tv/versions/C5510160010A&start=2026-06-14T12:55:00+0000&duration=PT1H from server.
Fetching https://www.freeview.co.uk/api/program?sid=33&nid=64403&pid=crid://panorama.five.tv/versions/C5510160011A&start=2026-06-14T13:55:00+0000&duration=PT1H from server.
Fetching https://www.freeview.co.uk/api/program?sid=33&nid=64403&pid=crid://panorama.five.tv/versions/C5066720001D&start=2026-06-14T14:55:00+0000&duration=PT1H from server.
Fetching https://www.freeview.co.uk/api/program?sid=33&nid=64403&pid=crid://csi.digitaluk.co.uk/7260d339-21da-4680-b5af-3b277621dba8&start=2026-06-14T15:55:00+0000&duration=PT5M from server.
Fetching https://www.freeview.co.uk/api/program?sid=33&nid=64403&pid=crid://panorama.five.tv/versions/C5066720001D&start=2026-06-14T16:00:00+0000&duration=PT1H25M from server.
Fetching https://www.freeview.co.uk/api/program?sid=33&nid=64403&pid=crid://panorama.five.tv/versions/C5149530001E&start=2026-06-14T17:25:00+0000&duration=PT1H from server.
Fetching https://www.freeview.co.uk/api/program?sid=33&nid=64403&pid=crid://csi.digitaluk.co.uk/56c88ab8-8e4c-4afe-a7b4-f51d81881a7d&start=2026-06-14T18:25:00+0000&duration=PT5M from server.
Fetching https://www.freeview.co.uk/api/program?sid=33&nid=64403&pid=crid://panorama.five.tv/versions/C5149530001E&start=2026-06-14T18:30:00+0000&duration=PT1H30M from server.
Fetching https://www.freeview.co.uk/api/program?sid=33&nid=64403&pid=crid://panorama.five.tv/versions/C5070970001E&start=2026-06-14T20:00:00+0000&duration=PT1H from server.
Fetching https://www.freeview.co.uk/api/program?sid=33&nid=64403&pid=crid://csi.digitaluk.co.uk/978c6ae9-157a-428e-ad70-8d14972426da&start=2026-06-14T21:00:00+0000&duration=PT5M from server.
Fetching https://www.freeview.co.uk/api/program?sid=33&nid=64403&pid=crid://panorama.five.tv/versions/C5070970001E&start=2026-06-14T21:05:00+0000&duration=PT1H from server.
Fetching https://www.freeview.co.uk/api/program?sid=33&nid=64403&pid=crid://panorama.five.tv/versions/C5248620006B&start=2026-06-14T22:05:00+0000&duration=PT1H from server.
Fetching https://www.freeview.co.uk/api/program?sid=33&nid=64403&pid=crid://panorama.five.tv/versions/C5248620007B&start=2026-06-14T23:05:00+0000&duration=PT1H from server.
### Wanted 8373 
Fetching https://www.freeview.co.uk/api/program?sid=35&nid=64403&pid=crid://csi.digitaluk.co.uk/dc14d638-2031-4774-a2ce-134d8ee7c476&start=2026-06-14T00:45:00+0000&duration=PT2H15M from server.
Fetching https://www.freeview.co.uk/api/program?sid=35&nid=64403&pid=crid://csi.digitaluk.co.uk/0d35982a-35ac-467a-acb8-3263d39b5ec0&start=2026-06-14T03:00:00+0000&duration=PT40M from server.
Fetching https://www.freeview.co.uk/api/program?sid=35&nid=64403&pid=crid://csi.digitaluk.co.uk/826bd927-cfbf-4d4e-9840-af7449e5ad45&start=2026-06-14T03:40:00+0000&duration=PT25M from server.
Fetching https://www.freeview.co.uk/api/program?sid=35&nid=64403&pid=crid://csi.digitaluk.co.uk/7c27dc03-1d50-4899-b506-382942e8357d&start=2026-06-14T04:05:00+0000&duration=PT25M from server.
Fetching https://www.freeview.co.uk/api/program?sid=35&nid=64403&pid=crid://csi.digitaluk.co.uk/c7cf255a-a7c3-43b5-9f6d-7a62fa6dce95&start=2026-06-14T04:30:00+0000&duration=PT3H5M from server.
Fetching https://www.freeview.co.uk/api/program?sid=35&nid=64403&pid=crid://csi.digitaluk.co.uk/09e8bb5a-53f6-428b-b393-e1e7424e4591&start=2026-06-14T07:35:00+0000&duration=PT25M from server.
Fetching https://www.freeview.co.uk/api/program?sid=35&nid=64403&pid=crid://csi.digitaluk.co.uk/1221f74f-ff40-4d0a-a1c1-3a70c683f947&start=2026-06-14T08:00:00+0000&duration=PT25M from server.
Fetching https://www.freeview.co.uk/api/program?sid=35&nid=64403&pid=crid://csi.digitaluk.co.uk/0a7c0d74-c6a1-44f6-96ae-f867caae60a3&start=2026-06-14T08:25:00+0000&duration=PT1H from server.
Fetching https://www.freeview.co.uk/api/program?sid=35&nid=64403&pid=crid://csi.digitaluk.co.uk/0f3d79a2-a16a-42c9-98b7-e281bd057437&start=2026-06-14T09:25:00+0000&duration=PT5M from server.
Fetching https://www.freeview.co.uk/api/program?sid=35&nid=64403&pid=crid://csi.digitaluk.co.uk/effa9d8f-30ee-4877-a259-aba00f42388b&start=2026-06-14T09:30:00+0000&duration=PT1H55M from server.
Fetching https://www.freeview.co.uk/api/program?sid=35&nid=64403&pid=crid://csi.digitaluk.co.uk/c7e2a2cc-cb64-450d-8294-701fada6aea8&start=2026-06-14T11:25:00+0000&duration=PT55M from server.
Fetching https://www.freeview.co.uk/api/program?sid=35&nid=64403&pid=crid://csi.digitaluk.co.uk/5df1821f-41ec-4a1f-90b5-085d4540c59f&start=2026-06-14T12:20:00+0000&duration=PT10M from server.
Fetching https://www.freeview.co.uk/api/program?sid=35&nid=64403&pid=crid://csi.digitaluk.co.uk/1497f769-fd2a-4803-9264-df4d8f575ea9&start=2026-06-14T12:30:00+0000&duration=PT2H5M from server.
Fetching https://www.freeview.co.uk/api/program?sid=35&nid=64403&pid=crid://csi.digitaluk.co.uk/b487698c-79ef-4ec1-8505-cf2663832e49&start=2026-06-14T14:35:00+0000&duration=PT1H from server.
Fetching https://www.freeview.co.uk/api/program?sid=35&nid=64403&pid=crid://csi.digitaluk.co.uk/061346f8-6f7b-4049-aeaf-fd2cbc4e23f4&start=2026-06-14T15:35:00+0000&duration=PT1H from server.
Fetching https://www.freeview.co.uk/api/program?sid=35&nid=64403&pid=crid://csi.digitaluk.co.uk/4a9a0da4-2624-491d-8d9c-49b91e21cc60&start=2026-06-14T16:35:00+0000&duration=PT10M from server.
Fetching https://www.freeview.co.uk/api/program?sid=35&nid=64403&pid=crid://csi.digitaluk.co.uk/c3a200fe-b8af-4c08-9705-fe9baf4953e2&start=2026-06-14T16:45:00+0000&duration=PT15M from server.
Fetching https://www.freeview.co.uk/api/program?sid=35&nid=64403&pid=crid://csi.digitaluk.co.uk/37b6742b-39c4-4552-b0e5-94711e5ab63d&start=2026-06-14T17:00:00+0000&duration=PT3H15M from server.
Fetching https://www.freeview.co.uk/api/program?sid=35&nid=64403&pid=crid://csi.digitaluk.co.uk/f08f991b-6c48-4f15-9fe3-011a923fb3ef&start=2026-06-14T20:15:00+0000&duration=PT3H20M from server.
Fetching https://www.freeview.co.uk/api/program?sid=35&nid=64403&pid=crid://csi.digitaluk.co.uk/add018a1-2497-4300-8c2e-66766d941326&start=2026-06-14T23:35:00+0000&duration=PT20M from server.
Fetching https://www.freeview.co.uk/api/program?sid=35&nid=64403&pid=crid://csi.digitaluk.co.uk/65d9b533-ab46-449c-b607-1595b7dc9df9&start=2026-06-14T23:55:00+0000&duration=PT50M from server.
## Wanted 27680 
Fetching https://www.freeview.co.uk/api/program?sid=39&nid=64403&pid=crid://csi.digitaluk.co.uk/6fb87713-0c61-4ff8-ac7f-93f45cf53e1b&start=2026-06-14T00:00:00+0000&duration=PT1H from server.
Fetching https://www.freeview.co.uk/api/program?sid=39&nid=64403&pid=crid://csi.digitaluk.co.uk/7eb8b6ba-12ad-4d8e-b9db-f363dc6d1c5a&start=2026-06-14T01:00:00+0000&duration=PT30M from server.
Fetching https://www.freeview.co.uk/api/program?sid=39&nid=64403&pid=crid://csi.digitaluk.co.uk/7a807f0f-2b8e-4a7e-874a-38c836007549&start=2026-06-14T01:30:00+0000&duration=PT30M from server.
Fetching https://www.freeview.co.uk/api/program?sid=39&nid=64403&pid=crid://csi.digitaluk.co.uk/031ffb29-b507-48c8-b1ed-932a177c052a&start=2026-06-14T02:00:00+0000&duration=PT30M from server.
Fetching https://www.freeview.co.uk/api/program?sid=39&nid=64403&pid=crid://csi.digitaluk.co.uk/2eef5e4c-d695-40e0-99d7-2bb86c0176cf&start=2026-06-14T02:30:00+0000&duration=PT30M from server.
Fetching https://www.freeview.co.uk/api/program?sid=39&nid=64403&pid=crid://csi.digitaluk.co.uk/476f2d3b-d455-4700-a665-d335295216f0&start=2026-06-14T03:00:00+0000&duration=PT30M from server.
Fetching https://www.freeview.co.uk/api/program?sid=39&nid=64403&pid=crid://csi.digitaluk.co.uk/c7db3125-b484-42c7-b90a-4ff93ecc0877&start=2026-06-14T03:30:00+0000&duration=PT30M from server.
Fetching https://www.freeview.co.uk/api/program?sid=39&nid=64403&pid=crid://csi.digitaluk.co.uk/d7e0471a-47de-46cc-adda-a0c1e7a4d289&start=2026-06-14T04:00:00+0000&duration=PT30M from server.
Fetching https://www.freeview.co.uk/api/program?sid=39&nid=64403&pid=crid://csi.digitaluk.co.uk/d82a4b42-c637-408a-b1e4-d17d1d20d15d&start=2026-06-14T04:30:00+0000&duration=PT30M from server.
Fetching https://www.freeview.co.uk/api/program?sid=39&nid=64403&pid=crid://csi.digitaluk.co.uk/59b92748-4433-4850-8ba7-5538f0616a9f&start=2026-06-14T05:00:00+0000&duration=PT30M from server.
Fetching https://www.freeview.co.uk/api/program?sid=39&nid=64403&pid=crid://csi.digitaluk.co.uk/20ad5b81-43f4-4234-9422-c7f59f1fb7d5&start=2026-06-14T05:30:00+0000&duration=PT30M from server.
Fetching https://www.freeview.co.uk/api/program?sid=39&nid=64403&pid=crid://csi.digitaluk.co.uk/bc755015-8374-4df7-b786-2afdb827e57b&start=2026-06-14T06:00:00+0000&duration=PT30M from server.
Fetching https://www.freeview.co.uk/api/program?sid=39&nid=64403&pid=crid://csi.digitaluk.co.uk/f8e4d233-6305-43c0-b0db-19e7ec70952a&start=2026-06-14T06:30:00+0000&duration=PT30M from server.
Fetching https://www.freeview.co.uk/api/program?sid=39&nid=64403&pid=crid://csi.digitaluk.co.uk/32b393db-f6b0-4d45-b9f9-02c23f6ff646&start=2026-06-14T07:00:00+0000&duration=PT30M from server.
Fetching https://www.freeview.co.uk/api/program?sid=39&nid=64403&pid=crid://csi.digitaluk.co.uk/3c6c7518-8c8c-4c3a-b0cb-81e185385c17&start=2026-06-14T07:30:00+0000&duration=PT30M from server.
Fetching https://www.freeview.co.uk/api/program?sid=39&nid=64403&pid=crid://csi.digitaluk.co.uk/75b61736-1acd-4844-a613-23f0aee1b60b&start=2026-06-14T08:00:00+0000&duration=PT30M from server.
Fetching https://www.freeview.co.uk/api/program?sid=39&nid=64403&pid=crid://csi.digitaluk.co.uk/e6035dfe-6dee-46e9-bd9b-b140d4ebba9d&start=2026-06-14T08:30:00+0000&duration=PT30M from server.
Fetching https://www.freeview.co.uk/api/program?sid=39&nid=64403&pid=crid://csi.digitaluk.co.uk/2ffb3f6d-24c3-47b5-869e-8069bcb0298d&start=2026-06-14T09:00:00+0000&duration=PT1H from server.
Fetching https://www.freeview.co.uk/api/program?sid=39&nid=64403&pid=crid://csi.digitaluk.co.uk/ff023be3-16d7-44d1-81a4-ab043a2f0cc0&start=2026-06-14T10:00:00+0000&duration=PT1H from server.
Fetching https://www.freeview.co.uk/api/program?sid=39&nid=64403&pid=crid://csi.digitaluk.co.uk/c58d528e-eca3-4078-b8c8-235c7f986843&start=2026-06-14T11:00:00+0000&duration=PT1H from server.
Fetching https://www.freeview.co.uk/api/program?sid=39&nid=64403&pid=crid://csi.digitaluk.co.uk/cb1a1dc0-a6ca-4ae8-8762-265f94dd3e9e&start=2026-06-14T12:00:00+0000&duration=PT1H from server.
Fetching https://www.freeview.co.uk/api/program?sid=39&nid=64403&pid=crid://csi.digitaluk.co.uk/05edd26b-269e-4f44-a1a4-ab1fa91a04ee&start=2026-06-14T13:00:00+0000&duration=PT1H from server.
Fetching https://www.freeview.co.uk/api/program?sid=39&nid=64403&pid=crid://csi.digitaluk.co.uk/51575544-c09d-454b-b5a7-999a60db99f1&start=2026-06-14T14:00:00+0000&duration=PT1H from server.
Fetching https://www.freeview.co.uk/api/program?sid=39&nid=64403&pid=crid://csi.digitaluk.co.uk/6db1a3a3-771c-4468-8965-a6f52531421b&start=2026-06-14T15:00:00+0000&duration=PT1H from server.
Fetching https://www.freeview.co.uk/api/program?sid=39&nid=64403&pid=crid://csi.digitaluk.co.uk/6d2f5fbe-01e0-4fc5-90f2-c20e5d38ab1b&start=2026-06-14T16:00:00+0000&duration=PT1H from server.
Fetching https://www.freeview.co.uk/api/program?sid=39&nid=64403&pid=crid://csi.digitaluk.co.uk/c0836542-1cca-433d-b849-f521f29d9251&start=2026-06-14T17:00:00+0000&duration=PT1H from server.
Fetching https://www.freeview.co.uk/api/program?sid=39&nid=64403&pid=crid://csi.digitaluk.co.uk/e73aeb31-c289-4808-88b1-a5733c253dc4&start=2026-06-14T18:00:00+0000&duration=PT1H from server.
Fetching https://www.freeview.co.uk/api/program?sid=39&nid=64403&pid=crid://csi.digitaluk.co.uk/81bfc888-9c5e-4616-95b8-b2f6c1053825&start=2026-06-14T19:00:00+0000&duration=PT1H from server.
Fetching https://www.freeview.co.uk/api/program?sid=39&nid=64403&pid=crid://csi.digitaluk.co.uk/f1f70fcf-8040-4011-9fdd-661a99bff0ee&start=2026-06-14T20:00:00+0000&duration=PT1H from server.
Fetching https://www.freeview.co.uk/api/program?sid=39&nid=64403&pid=crid://csi.digitaluk.co.uk/88580d6f-90d6-4dc7-b6ef-97e34a976862&start=2026-06-14T21:00:00+0000&duration=PT1H from server.
Fetching https://www.freeview.co.uk/api/program?sid=39&nid=64403&pid=crid://csi.digitaluk.co.uk/008d6f66-cf65-4888-b33e-e6b481c919fc&start=2026-06-14T22:00:00+0000&duration=PT1H from server.
Fetching https://www.freeview.co.uk/api/program?sid=39&nid=64403&pid=crid://csi.digitaluk.co.uk/8753db72-d14b-4200-8a35-7ebc4c5b1189&start=2026-06-14T23:00:00+0000&duration=PT1H from server.
### Wanted 23744 
Fetching https://www.freeview.co.uk/api/program?sid=40&nid=64403&pid=crid://csi.digitaluk.co.uk/05174954-f4d3-446e-b0ac-c348184f3439&start=2026-06-14T00:00:00+0000&duration=PT1H from server.
Fetching https://www.freeview.co.uk/api/program?sid=40&nid=64403&pid=crid://csi.digitaluk.co.uk/f86513cb-24b9-4c52-866a-3d024e2a47d9&start=2026-06-14T01:00:00+0000&duration=PT1H from server.
Fetching https://www.freeview.co.uk/api/program?sid=40&nid=64403&pid=crid://csi.digitaluk.co.uk/db734bdf-0a66-4bdd-a414-8664b14aaf09&start=2026-06-14T02:00:00+0000&duration=PT1H from server.
Fetching https://www.freeview.co.uk/api/program?sid=40&nid=64403&pid=crid://csi.digitaluk.co.uk/f9921e90-5ce7-431c-86bf-b4a89b947f36&start=2026-06-14T03:00:00+0000&duration=PT30M from server.
Fetching https://www.freeview.co.uk/api/program?sid=40&nid=64403&pid=crid://csi.digitaluk.co.uk/abf1c41e-1e1e-4d46-a047-0568d76bc094&start=2026-06-14T03:30:00+0000&duration=PT30M from server.
Fetching https://www.freeview.co.uk/api/program?sid=40&nid=64403&pid=crid://csi.digitaluk.co.uk/f37ce452-deb0-43f8-826b-74c6081b3b16&start=2026-06-14T04:00:00+0000&duration=PT30M from server.
Fetching https://www.freeview.co.uk/api/program?sid=40&nid=64403&pid=crid://csi.digitaluk.co.uk/0cf00685-8129-4b38-b0a3-fc8f0b111e1f&start=2026-06-14T04:30:00+0000&duration=PT30M from server.
Fetching https://www.freeview.co.uk/api/program?sid=40&nid=64403&pid=crid://csi.digitaluk.co.uk/efd13b5a-511a-4bdc-ace9-e1e1f6565fb9&start=2026-06-14T05:00:00+0000&duration=PT1H from server.
Fetching https://www.freeview.co.uk/api/program?sid=40&nid=64403&pid=crid://csi.digitaluk.co.uk/4c156411-b962-4cbc-b0ca-6f317f6c7984&start=2026-06-14T06:00:00+0000&duration=PT30M from server.
Fetching https://www.freeview.co.uk/api/program?sid=40&nid=64403&pid=crid://csi.digitaluk.co.uk/81b78403-1a95-496f-963d-2855361bdfe9&start=2026-06-14T06:30:00+0000&duration=PT30M from server.
Fetching https://www.freeview.co.uk/api/program?sid=40&nid=64403&pid=crid://csi.digitaluk.co.uk/a28653b8-746c-4ab0-811b-9e9a11d62ae0&start=2026-06-14T07:00:00+0000&duration=PT1H from server.
Fetching https://www.freeview.co.uk/api/program?sid=40&nid=64403&pid=crid://csi.digitaluk.co.uk/ffe4782c-4bda-46df-a7d7-56df1ae3cf41&start=2026-06-14T08:00:00+0000&duration=PT1H from server.
Fetching https://www.freeview.co.uk/api/program?sid=40&nid=64403&pid=crid://csi.digitaluk.co.uk/96ab26d4-a36f-4f82-aa6f-aae6d6a4f15a&start=2026-06-14T09:00:00+0000&duration=PT1H from server.
Fetching https://www.freeview.co.uk/api/program?sid=40&nid=64403&pid=crid://csi.digitaluk.co.uk/6e6a1889-212a-452f-8a28-31b66f1250ff&start=2026-06-14T10:00:00+0000&duration=PT1H from server.
Fetching https://www.freeview.co.uk/api/program?sid=40&nid=64403&pid=crid://csi.digitaluk.co.uk/7138e4a3-8ad5-46ac-ba50-34350b852011&start=2026-06-14T11:00:00+0000&duration=PT1H from server.
Fetching https://www.freeview.co.uk/api/program?sid=40&nid=64403&pid=crid://csi.digitaluk.co.uk/7fccca91-8fb2-448d-be28-b7eb4890ab9a&start=2026-06-14T12:00:00+0000&duration=PT1H from server.
Fetching https://www.freeview.co.uk/api/program?sid=40&nid=64403&pid=crid://csi.digitaluk.co.uk/2fbf134d-c084-451b-8933-201d077bdc9a&start=2026-06-14T13:00:00+0000&duration=PT1H from server.
Fetching https://www.freeview.co.uk/api/program?sid=40&nid=64403&pid=crid://csi.digitaluk.co.uk/968070d5-bf2a-4b03-b1b7-4cea0912a610&start=2026-06-14T14:00:00+0000&duration=PT1H from server.
Fetching https://www.freeview.co.uk/api/program?sid=40&nid=64403&pid=crid://csi.digitaluk.co.uk/ad9ccb15-82e1-453b-b6e7-63cee72be56d&start=2026-06-14T15:00:00+0000&duration=PT1H from server.
Fetching https://www.freeview.co.uk/api/program?sid=40&nid=64403&pid=crid://csi.digitaluk.co.uk/9a9889b3-73f1-4b99-9fa6-70eb4714896a&start=2026-06-14T16:00:00+0000&duration=PT1H from server.
Fetching https://www.freeview.co.uk/api/program?sid=40&nid=64403&pid=crid://csi.digitaluk.co.uk/88925668-ae79-4919-9c78-1ebf9a3e8c86&start=2026-06-14T17:00:00+0000&duration=PT1H from server.
Fetching https://www.freeview.co.uk/api/program?sid=40&nid=64403&pid=crid://csi.digitaluk.co.uk/64d068b5-4f1b-4b94-963a-2e99a00c12ce&start=2026-06-14T18:00:00+0000&duration=PT1H from server.
Fetching https://www.freeview.co.uk/api/program?sid=40&nid=64403&pid=crid://csi.digitaluk.co.uk/976c7c75-fd38-490c-8680-0acbe33056f3&start=2026-06-14T19:00:00+0000&duration=PT1H from server.
Fetching https://www.freeview.co.uk/api/program?sid=40&nid=64403&pid=crid://csi.digitaluk.co.uk/299a7626-44e3-499b-8768-29123a3f2e6f&start=2026-06-14T20:00:00+0000&duration=PT1H from server.
Fetching https://www.freeview.co.uk/api/program?sid=40&nid=64403&pid=crid://csi.digitaluk.co.uk/9dd9c43b-6d65-4f7e-a654-5542e06abc07&start=2026-06-14T21:00:00+0000&duration=PT1H from server.
Fetching https://www.freeview.co.uk/api/program?sid=40&nid=64403&pid=crid://csi.digitaluk.co.uk/979a0dda-f80b-419b-979b-ba84da2edf1c&start=2026-06-14T22:00:00+0000&duration=PT1H from server.
Fetching https://www.freeview.co.uk/api/program?sid=40&nid=64403&pid=crid://csi.digitaluk.co.uk/4212ce3f-1d3a-4426-a841-5a2154241be6&start=2026-06-14T23:00:00+0000&duration=PT1H from server.
## Wanted 23040 
Fetching https://www.freeview.co.uk/api/program?sid=43&nid=64403&pid=crid://csi.digitaluk.co.uk/19db4e80-4dd7-4953-a402-c28ca4e43c98&start=2026-06-14T00:00:00+0000&duration=PT30M from server.
Fetching https://www.freeview.co.uk/api/program?sid=43&nid=64403&pid=crid://csi.digitaluk.co.uk/a5f2e671-9dce-4224-95b4-e7d4ae0940d1&start=2026-06-14T00:30:00+0000&duration=PT30M from server.
Fetching https://www.freeview.co.uk/api/program?sid=43&nid=64403&pid=crid://csi.digitaluk.co.uk/c2ad0559-6731-474d-bcf9-9c76ad2898cb&start=2026-06-14T01:00:00+0000&duration=PT30M from server.
Fetching https://www.freeview.co.uk/api/program?sid=43&nid=64403&pid=crid://csi.digitaluk.co.uk/c670adcb-4893-4377-b5c8-aafdc69e0708&start=2026-06-14T01:30:00+0000&duration=PT30M from server.
Fetching https://www.freeview.co.uk/api/program?sid=43&nid=64403&pid=crid://csi.digitaluk.co.uk/4d4de741-30a6-4ca5-ad8a-384b4019c65d&start=2026-06-14T02:00:00+0000&duration=PT30M from server.
Fetching https://www.freeview.co.uk/api/program?sid=43&nid=64403&pid=crid://csi.digitaluk.co.uk/27f5b930-f1f4-4c26-8746-daf2e116aea0&start=2026-06-14T02:30:00+0000&duration=PT30M from server.
Fetching https://www.freeview.co.uk/api/program?sid=43&nid=64403&pid=crid://csi.digitaluk.co.uk/ad3fe064-7856-4938-84b3-b87e4e3a27c4&start=2026-06-14T03:00:00+0000&duration=PT30M from server.
Fetching https://www.freeview.co.uk/api/program?sid=43&nid=64403&pid=crid://csi.digitaluk.co.uk/f854fa5e-de9a-4013-9024-051380ff586e&start=2026-06-14T03:30:00+0000&duration=PT30M from server.
Fetching https://www.freeview.co.uk/api/program?sid=43&nid=64403&pid=crid://csi.digitaluk.co.uk/afccda07-62a6-4435-b51a-58d468d92a0e&start=2026-06-14T04:00:00+0000&duration=PT30M from server.
Fetching https://www.freeview.co.uk/api/program?sid=43&nid=64403&pid=crid://csi.digitaluk.co.uk/845c85dd-03f0-40d5-88c8-6d298939846f&start=2026-06-14T04:30:00+0000&duration=PT30M from server.
Fetching https://www.freeview.co.uk/api/program?sid=43&nid=64403&pid=crid://csi.digitaluk.co.uk/ba51984d-a772-49f1-87af-537d5a2a1a01&start=2026-06-14T05:00:00+0000&duration=PT30M from server.
Fetching https://www.freeview.co.uk/api/program?sid=43&nid=64403&pid=crid://csi.digitaluk.co.uk/a700ee2d-096c-4f78-b2f8-e437be93d3a3&start=2026-06-14T05:30:00+0000&duration=PT30M from server.
Fetching https://www.freeview.co.uk/api/program?sid=43&nid=64403&pid=crid://csi.digitaluk.co.uk/4402aebf-656a-41c8-ba27-82d1b9d84f16&start=2026-06-14T06:00:00+0000&duration=PT30M from server.
Fetching https://www.freeview.co.uk/api/program?sid=43&nid=64403&pid=crid://csi.digitaluk.co.uk/d71e4bc8-0ae1-4338-b8fb-f51992e55fe4&start=2026-06-14T06:30:00+0000&duration=PT30M from server.
Fetching https://www.freeview.co.uk/api/program?sid=43&nid=64403&pid=crid://csi.digitaluk.co.uk/ad7219f2-1d82-4820-be19-4a624dcbbd8b&start=2026-06-14T07:00:00+0000&duration=PT30M from server.
Fetching https://www.freeview.co.uk/api/program?sid=43&nid=64403&pid=crid://csi.digitaluk.co.uk/7cf2c6c8-fc9d-40ba-9639-0e60c3097c91&start=2026-06-14T07:30:00+0000&duration=PT30M from server.
Fetching https://www.freeview.co.uk/api/program?sid=43&nid=64403&pid=crid://csi.digitaluk.co.uk/0cfbab6f-8630-4254-986e-ef697e3afb28&start=2026-06-14T08:00:00+0000&duration=PT30M from server.
Fetching https://www.freeview.co.uk/api/program?sid=43&nid=64403&pid=crid://csi.digitaluk.co.uk/0e9086e0-b9fb-43ed-a66c-7e12925c0ff9&start=2026-06-14T08:30:00+0000&duration=PT30M from server.
Fetching https://www.freeview.co.uk/api/program?sid=43&nid=64403&pid=crid://csi.digitaluk.co.uk/5747632b-6d03-4800-99f7-5a78cbc0048f&start=2026-06-14T09:00:00+0000&duration=PT30M from server.
Fetching https://www.freeview.co.uk/api/program?sid=43&nid=64403&pid=crid://csi.digitaluk.co.uk/6e768ae5-baca-49f5-abe8-eafe000241bd&start=2026-06-14T09:30:00+0000&duration=PT30M from server.
Fetching https://www.freeview.co.uk/api/program?sid=43&nid=64403&pid=crid://csi.digitaluk.co.uk/c748afd9-6052-430a-98ad-adb888bc4362&start=2026-06-14T10:00:00+0000&duration=PT30M from server.
Fetching https://www.freeview.co.uk/api/program?sid=43&nid=64403&pid=crid://csi.digitaluk.co.uk/e711c63e-7389-4c2a-9d9d-6431a9853ff9&start=2026-06-14T10:30:00+0000&duration=PT30M from server.
Fetching https://www.freeview.co.uk/api/program?sid=43&nid=64403&pid=crid://csi.digitaluk.co.uk/b0c0fc75-27e3-4b4c-afa4-f03e26ac72f3&start=2026-06-14T11:00:00+0000&duration=PT30M from server.
Fetching https://www.freeview.co.uk/api/program?sid=43&nid=64403&pid=crid://csi.digitaluk.co.uk/a613e019-a3cf-4a00-81d0-bb977fd10626&start=2026-06-14T11:30:00+0000&duration=PT30M from server.
Fetching https://www.freeview.co.uk/api/program?sid=43&nid=64403&pid=crid://csi.digitaluk.co.uk/b19cf374-eb76-42a0-b7c5-db3db452825c&start=2026-06-14T12:00:00+0000&duration=PT1H from server.
Fetching https://www.freeview.co.uk/api/program?sid=43&nid=64403&pid=crid://csi.digitaluk.co.uk/0aa85db6-f38b-43b0-8120-9a93c2277ae6&start=2026-06-14T13:00:00+0000&duration=PT1H from server.
Fetching https://www.freeview.co.uk/api/program?sid=43&nid=64403&pid=crid://csi.digitaluk.co.uk/74608290-f858-4555-b3db-9ab0caed5fd8&start=2026-06-14T14:00:00+0000&duration=PT1H30M from server.
Fetching https://www.freeview.co.uk/api/program?sid=43&nid=64403&pid=crid://csi.digitaluk.co.uk/41844d9a-6ef2-4e80-b022-91b0f9844bc6&start=2026-06-14T15:30:00+0000&duration=PT1H30M from server.
Fetching https://www.freeview.co.uk/api/program?sid=43&nid=64403&pid=crid://csi.digitaluk.co.uk/5e8fdc07-edcc-4c87-95eb-542afa90d05c&start=2026-06-14T17:00:00+0000&duration=PT1H30M from server.
Fetching https://www.freeview.co.uk/api/program?sid=43&nid=64403&pid=crid://csi.digitaluk.co.uk/203249cb-000b-4ee7-aa1b-56429fbb00e8&start=2026-06-14T18:30:00+0000&duration=PT1H30M from server.
Fetching https://www.freeview.co.uk/api/program?sid=43&nid=64403&pid=crid://csi.digitaluk.co.uk/aea5d7a7-5f1f-468a-b0c0-9fb87f42c120&start=2026-06-14T20:00:00+0000&duration=PT1H from server.
Fetching https://www.freeview.co.uk/api/program?sid=43&nid=64403&pid=crid://csi.digitaluk.co.uk/1f2a8e33-73b3-4291-8be0-3e828e8cd9bb&start=2026-06-14T21:00:00+0000&duration=PT30M from server.
Fetching https://www.freeview.co.uk/api/program?sid=43&nid=64403&pid=crid://csi.digitaluk.co.uk/68f01d1e-3cd1-4ff2-852d-9be0a43a410d&start=2026-06-14T21:30:00+0000&duration=PT30M from server.
Fetching https://www.freeview.co.uk/api/program?sid=43&nid=64403&pid=crid://csi.digitaluk.co.uk/90b1dc63-6def-4e2e-8d41-b3c75800b439&start=2026-06-14T22:00:00+0000&duration=PT1H from server.
Fetching https://www.freeview.co.uk/api/program?sid=43&nid=64403&pid=crid://csi.digitaluk.co.uk/53fec145-ca10-460b-9ce7-d8633087ccf7&start=2026-06-14T23:00:00+0000&duration=PT1H from server.
### Wanted 23712 
Fetching https://www.freeview.co.uk/api/program?sid=44&nid=64403&pid=crid://csi.digitaluk.co.uk/fec312dd-6448-4c02-ac3a-cfd3f1e768d0&start=2026-06-14T00:00:00+0000&duration=PT1H from server.
Fetching https://www.freeview.co.uk/api/program?sid=44&nid=64403&pid=crid://csi.digitaluk.co.uk/de62f36f-4e6c-4261-b622-8d6d1437e44e&start=2026-06-14T01:00:00+0000&duration=PT2H from server.
Fetching https://www.freeview.co.uk/api/program?sid=44&nid=64403&pid=crid://csi.digitaluk.co.uk/c04afa24-c49d-442d-9b7a-b51e05984ed4&start=2026-06-14T03:00:00+0000&duration=PT1H from server.
Fetching https://www.freeview.co.uk/api/program?sid=44&nid=64403&pid=crid://csi.digitaluk.co.uk/d06d9b7b-3365-44fc-ac55-ef1ac956394f&start=2026-06-14T04:00:00+0000&duration=PT1H from server.
Fetching https://www.freeview.co.uk/api/program?sid=44&nid=64403&pid=crid://csi.digitaluk.co.uk/d065d033-8314-4872-bf22-581e329f369d&start=2026-06-14T05:00:00+0000&duration=PT1H from server.
Fetching https://www.freeview.co.uk/api/program?sid=44&nid=64403&pid=crid://csi.digitaluk.co.uk/22478076-0d14-4969-9963-0a15129299e4&start=2026-06-14T06:00:00+0000&duration=PT1H from server.
Fetching https://www.freeview.co.uk/api/program?sid=44&nid=64403&pid=crid://csi.digitaluk.co.uk/c4bce0d4-edb9-49de-baa3-df7030f4fb4f&start=2026-06-14T07:00:00+0000&duration=PT1H from server.
Fetching https://www.freeview.co.uk/api/program?sid=44&nid=64403&pid=crid://csi.digitaluk.co.uk/37750c67-c1f7-4f05-b7cb-5f33f12232d1&start=2026-06-14T08:00:00+0000&duration=PT1H from server.
Fetching https://www.freeview.co.uk/api/program?sid=44&nid=64403&pid=crid://csi.digitaluk.co.uk/edc6316a-1a2f-4bf8-9941-d97d9a3bafe8&start=2026-06-14T09:00:00+0000&duration=PT1H from server.
Fetching https://www.freeview.co.uk/api/program?sid=44&nid=64403&pid=crid://csi.digitaluk.co.uk/5d6918e0-57d6-4142-beea-3738340980f2&start=2026-06-14T10:00:00+0000&duration=PT30M from server.
Fetching https://www.freeview.co.uk/api/program?sid=44&nid=64403&pid=crid://csi.digitaluk.co.uk/ecbf8be5-d1db-4ad2-95cd-eb56b4936d9e&start=2026-06-14T10:30:00+0000&duration=PT30M from server.
Fetching https://www.freeview.co.uk/api/program?sid=44&nid=64403&pid=crid://csi.digitaluk.co.uk/833a72ec-f507-4867-a7af-d2170cdf4999&start=2026-06-14T11:00:00+0000&duration=PT30M from server.
Fetching https://www.freeview.co.uk/api/program?sid=44&nid=64403&pid=crid://csi.digitaluk.co.uk/cab0d67c-5891-4e80-bd95-59dc3f76d0e3&start=2026-06-14T11:30:00+0000&duration=PT30M from server.
Fetching https://www.freeview.co.uk/api/program?sid=44&nid=64403&pid=crid://csi.digitaluk.co.uk/15256571-4b1a-4e3c-8258-662c7a0af585&start=2026-06-14T12:00:00+0000&duration=PT30M from server.
Fetching https://www.freeview.co.uk/api/program?sid=44&nid=64403&pid=crid://csi.digitaluk.co.uk/f1c6b49d-ffc8-49b1-8b3a-fee63a4b51b5&start=2026-06-14T12:30:00+0000&duration=PT30M from server.
Fetching https://www.freeview.co.uk/api/program?sid=44&nid=64403&pid=crid://csi.digitaluk.co.uk/10f7dbce-4218-4170-ab55-5fb416919743&start=2026-06-14T13:00:00+0000&duration=PT30M from server.
Fetching https://www.freeview.co.uk/api/program?sid=44&nid=64403&pid=crid://csi.digitaluk.co.uk/0a75c11a-c938-4b6a-b0ff-59c47383716e&start=2026-06-14T13:30:00+0000&duration=PT30M from server.
Fetching https://www.freeview.co.uk/api/program?sid=44&nid=64403&pid=crid://csi.digitaluk.co.uk/05b4004c-425d-4618-8cf4-aef4c79c5e42&start=2026-06-14T14:00:00+0000&duration=PT1H from server.
Fetching https://www.freeview.co.uk/api/program?sid=44&nid=64403&pid=crid://csi.digitaluk.co.uk/a05b3ff1-ade1-4b7b-ae39-e35d4f59a400&start=2026-06-14T15:00:00+0000&duration=PT1H from server.
Fetching https://www.freeview.co.uk/api/program?sid=44&nid=64403&pid=crid://csi.digitaluk.co.uk/4bfb9cc1-db1c-4afb-b05f-6e27fdea9eb2&start=2026-06-14T16:00:00+0000&duration=PT1H from server.
Fetching https://www.freeview.co.uk/api/program?sid=44&nid=64403&pid=crid://csi.digitaluk.co.uk/d743ec12-4f92-4f36-ac07-53a549ebd5f1&start=2026-06-14T17:00:00+0000&duration=PT1H from server.
Fetching https://www.freeview.co.uk/api/program?sid=44&nid=64403&pid=crid://csi.digitaluk.co.uk/7add510d-3678-4746-baa2-1444b48178e7&start=2026-06-14T18:00:00+0000&duration=PT1H from server.
Fetching https://www.freeview.co.uk/api/program?sid=44&nid=64403&pid=crid://csi.digitaluk.co.uk/23128651-1066-4c69-9ecd-a62fe8127496&start=2026-06-14T19:00:00+0000&duration=PT1H from server.
Fetching https://www.freeview.co.uk/api/program?sid=44&nid=64403&pid=crid://csi.digitaluk.co.uk/9ae996d9-ba07-4e3c-ba55-4bb0ace85a30&start=2026-06-14T20:00:00+0000&duration=PT1H from server.
Fetching https://www.freeview.co.uk/api/program?sid=44&nid=64403&pid=crid://csi.digitaluk.co.uk/0462d539-4c25-4243-8b63-6767bae5a507&start=2026-06-14T21:00:00+0000&duration=PT1H from server.
Fetching https://www.freeview.co.uk/api/program?sid=44&nid=64403&pid=crid://csi.digitaluk.co.uk/3b9885f8-229e-4e8e-868b-e90907c7481b&start=2026-06-14T22:00:00+0000&duration=PT1H from server.
Fetching https://www.freeview.co.uk/api/program?sid=44&nid=64403&pid=crid://csi.digitaluk.co.uk/4974cbf9-b4ec-4171-b799-c954707cb5d4&start=2026-06-14T23:00:00+0000&duration=PT1H from server.
## Wanted 20256 
Fetching https://www.freeview.co.uk/api/program?sid=46&nid=64403&pid=crid://panorama.five.tv/versions/C5274590010A&start=2026-06-14T00:05:00+0000&duration=PT1H from server.
Fetching https://www.freeview.co.uk/api/program?sid=46&nid=64403&pid=crid://panorama.five.tv/versions/C5356900001A&start=2026-06-14T01:05:00+0000&duration=PT1H5M from server.
Fetching https://www.freeview.co.uk/api/program?sid=46&nid=64403&pid=crid://panorama.five.tv/versions/C5356900002A&start=2026-06-14T02:10:00+0000&duration=PT50M from server.
Fetching https://www.freeview.co.uk/api/program?sid=46&nid=64403&pid=crid://panorama.five.tv/versions/C5266540001A&start=2026-06-14T03:00:00+0000&duration=PT2H from server.
Fetching https://www.freeview.co.uk/api/program?sid=46&nid=64403&pid=crid://panorama.five.tv/versions/C5480340001A&start=2026-06-14T05:00:00+0000&duration=PT30M from server.
Fetching https://www.freeview.co.uk/api/program?sid=46&nid=64403&pid=crid://panorama.five.tv/versions/C5533960001A&start=2026-06-14T05:30:00+0000&duration=PT30M from server.
Fetching https://www.freeview.co.uk/api/program?sid=46&nid=64403&pid=crid://panorama.five.tv/versions/C5480340001A&start=2026-06-14T06:00:00+0000&duration=PT30M from server.
Fetching https://www.freeview.co.uk/api/program?sid=46&nid=64403&pid=crid://panorama.five.tv/versions/C5535920001A&start=2026-06-14T06:30:00+0000&duration=PT30M from server.
Fetching https://www.freeview.co.uk/api/program?sid=46&nid=64403&pid=crid://panorama.five.tv/versions/C5349600001A&start=2026-06-14T07:00:00+0000&duration=PT1H from server.
Fetching https://www.freeview.co.uk/api/program?sid=46&nid=64403&pid=crid://panorama.five.tv/versions/C5506860003A&start=2026-06-14T08:00:00+0000&duration=PT1H from server.
Fetching https://www.freeview.co.uk/api/program?sid=46&nid=64403&pid=crid://panorama.five.tv/versions/C5506860004A&start=2026-06-14T09:00:00+0000&duration=PT1H from server.
Fetching https://www.freeview.co.uk/api/program?sid=46&nid=64403&pid=crid://panorama.five.tv/versions/C5506860005B&start=2026-06-14T10:00:00+0000&duration=PT1H from server.
Fetching https://www.freeview.co.uk/api/program?sid=46&nid=64403&pid=crid://panorama.five.tv/versions/C5441620001B&start=2026-06-14T11:00:00+0000&duration=PT1H from server.
Fetching https://www.freeview.co.uk/api/program?sid=46&nid=64403&pid=crid://panorama.five.tv/versions/C5441620002B&start=2026-06-14T12:00:00+0000&duration=PT1H from server.
Fetching https://www.freeview.co.uk/api/program?sid=46&nid=64403&pid=crid://panorama.five.tv/versions/C5441620003B&start=2026-06-14T13:00:00+0000&duration=PT1H from server.
Fetching https://www.freeview.co.uk/api/program?sid=46&nid=64403&pid=crid://panorama.five.tv/versions/C5481590004B&start=2026-06-14T14:00:00+0000&duration=PT1H from server.
Fetching https://www.freeview.co.uk/api/program?sid=46&nid=64403&pid=crid://panorama.five.tv/versions/C5481590005B&start=2026-06-14T15:00:00+0000&duration=PT1H from server.
Fetching https://www.freeview.co.uk/api/program?sid=46&nid=64403&pid=crid://panorama.five.tv/versions/C5428860004A&start=2026-06-14T16:00:00+0000&duration=PT1H from server.
Fetching https://www.freeview.co.uk/api/program?sid=46&nid=64403&pid=crid://panorama.five.tv/versions/C5428860005A&start=2026-06-14T17:00:00+0000&duration=PT1H from server.
Fetching https://www.freeview.co.uk/api/program?sid=46&nid=64403&pid=crid://panorama.five.tv/versions/C5525940001A&start=2026-06-14T18:00:00+0000&duration=PT1H from server.
Fetching https://www.freeview.co.uk/api/program?sid=46&nid=64403&pid=crid://panorama.five.tv/versions/C5526040001A&start=2026-06-14T19:00:00+0000&duration=PT1H from server.
Fetching https://www.freeview.co.uk/api/program?sid=46&nid=64403&pid=crid://panorama.five.tv/versions/C5418620001A&start=2026-06-14T20:00:00+0000&duration=PT2H from server.
Fetching https://www.freeview.co.uk/api/program?sid=46&nid=64403&pid=crid://panorama.five.tv/versions/C5517720003A&start=2026-06-14T22:00:00+0000&duration=PT2H45M from server.
### Wanted 8460 
Fetching https://www.freeview.co.uk/api/program?sid=49&nid=64403&pid=crid://movida.bebanjo.net/mas/version/78327/002/ASDELIVERED/C&start=2026-06-14T00:05:00+0000&duration=PT1H5M from server.
Fetching https://www.freeview.co.uk/api/program?sid=49&nid=64403&pid=crid://movida.bebanjo.net/mas/version/77566/018/ASDELIVERED/C&start=2026-06-14T01:10:00+0000&duration=PT1H from server.
Fetching https://www.freeview.co.uk/api/program?sid=49&nid=64403&pid=crid://movida.bebanjo.net/mas/version/75959/010/ASDELIVERED/C&start=2026-06-14T02:10:00+0000&duration=PT1H from server.
Fetching https://www.freeview.co.uk/api/program?sid=49&nid=64403&pid=crid://movida.bebanjo.net/mas/version/79494/001/ASDELIVERED/C&start=2026-06-14T03:10:00+0000&duration=PT50M from server.
Fetching https://www.freeview.co.uk/api/program?sid=49&nid=64403&pid=crid://csi.digitaluk.co.uk/812c46fc-ab11-4cc4-b154-b68e5fa005c9&start=2026-06-14T04:00:00+0000&duration=PT2H from server.
Fetching https://www.freeview.co.uk/api/program?sid=49&nid=64403&pid=crid://csi.digitaluk.co.uk/08bf62fa-3328-4db4-a1ea-d8965072e4c2&start=2026-06-14T06:00:00+0000&duration=PT2H from server.
Fetching https://www.freeview.co.uk/api/program?sid=49&nid=64403&pid=crid://csi.digitaluk.co.uk/cfdd7622-bf7c-428d-b5a1-7de3f7a46e03&start=2026-06-14T08:00:00+0000&duration=PT30M from server.
Fetching https://www.freeview.co.uk/api/program?sid=49&nid=64403&pid=crid://csi.digitaluk.co.uk/71a69146-ba66-4d93-860d-8a4f6d93964a&start=2026-06-14T08:30:00+0000&duration=PT30M from server.
Fetching https://www.freeview.co.uk/api/program?sid=49&nid=64403&pid=crid://csi.digitaluk.co.uk/6cce28a1-bf32-40d7-ae14-940fcbf96d8a&start=2026-06-14T09:00:00+0000&duration=PT30M from server.
Fetching https://www.freeview.co.uk/api/program?sid=49&nid=64403&pid=crid://csi.digitaluk.co.uk/1f3e9d4b-205e-4f9a-a824-8f779217a01f&start=2026-06-14T09:30:00+0000&duration=PT30M from server.
Fetching https://www.freeview.co.uk/api/program?sid=49&nid=64403&pid=crid://csi.digitaluk.co.uk/7918705d-fda3-4f2c-a4d2-fd8f18690e8d&start=2026-06-14T10:00:00+0000&duration=PT30M from server.
Fetching https://www.freeview.co.uk/api/program?sid=49&nid=64403&pid=crid://csi.digitaluk.co.uk/04f66669-cd74-423b-b888-ca43aa735e35&start=2026-06-14T10:30:00+0000&duration=PT30M from server.
Fetching https://www.freeview.co.uk/api/program?sid=49&nid=64403&pid=crid://csi.digitaluk.co.uk/6514eed4-d7b5-46ca-876f-baa6cf00ddec&start=2026-06-14T11:00:00+0000&duration=PT30M from server.
Fetching https://www.freeview.co.uk/api/program?sid=49&nid=64403&pid=crid://csi.digitaluk.co.uk/e441921b-409c-4b8b-ad92-20e4b0742fe5&start=2026-06-14T11:30:00+0000&duration=PT30M from server.
Fetching https://www.freeview.co.uk/api/program?sid=49&nid=64403&pid=crid://csi.digitaluk.co.uk/436eb8a9-abe9-47d5-974d-be5fde862616&start=2026-06-14T12:00:00+0000&duration=PT30M from server.
Fetching https://www.freeview.co.uk/api/program?sid=49&nid=64403&pid=crid://csi.digitaluk.co.uk/fd4d660a-0925-48dc-8123-d8f7ac26317b&start=2026-06-14T12:30:00+0000&duration=PT30M from server.
Fetching https://www.freeview.co.uk/api/program?sid=49&nid=64403&pid=crid://csi.digitaluk.co.uk/16b4a182-2f5d-44b6-a2c8-395e679ee82b&start=2026-06-14T13:00:00+0000&duration=PT1H from server.
Fetching https://www.freeview.co.uk/api/program?sid=49&nid=64403&pid=crid://csi.digitaluk.co.uk/330f9ff0-e2d0-4ca1-9997-8a384e0674e8&start=2026-06-14T14:00:00+0000&duration=PT1H from server.
Fetching https://www.freeview.co.uk/api/program?sid=49&nid=64403&pid=crid://csi.digitaluk.co.uk/b031cd6a-c531-4e54-b77d-7a74b813857e&start=2026-06-14T15:00:00+0000&duration=PT1H from server.
Fetching https://www.freeview.co.uk/api/program?sid=49&nid=64403&pid=crid://csi.digitaluk.co.uk/44e238f7-f876-4a6f-b7fb-a5be45784b87&start=2026-06-14T16:00:00+0000&duration=PT1H from server.
Fetching https://www.freeview.co.uk/api/program?sid=49&nid=64403&pid=crid://csi.digitaluk.co.uk/003079ee-3339-470f-8cb4-9e4a2288524a&start=2026-06-14T17:00:00+0000&duration=PT1H from server.
Fetching https://www.freeview.co.uk/api/program?sid=49&nid=64403&pid=crid://csi.digitaluk.co.uk/2a759a9c-78ff-46db-b318-a53edf7efeb1&start=2026-06-14T18:00:00+0000&duration=PT1H from server.
Fetching https://www.freeview.co.uk/api/program?sid=49&nid=64403&pid=crid://csi.digitaluk.co.uk/9833ecc5-8fe2-4a7b-919d-247977e36f07&start=2026-06-14T19:00:00+0000&duration=PT1H from server.
Fetching https://www.freeview.co.uk/api/program?sid=49&nid=64403&pid=crid://movida.bebanjo.net/mas/version/78327/002/ASDELIVERED/C&start=2026-06-14T20:00:00+0000&duration=PT1H from server.
Fetching https://www.freeview.co.uk/api/program?sid=49&nid=64403&pid=crid://movida.bebanjo.net/mas/version/76413/001/POSTWATERSHED2100/C&start=2026-06-14T21:00:00+0000&duration=PT2H25M from server.
Fetching https://www.freeview.co.uk/api/program?sid=49&nid=64403&pid=crid://csi.digitaluk.co.uk/c87e9d58-8c22-410b-9390-c311c8464233&start=2026-06-14T23:25:00+0000&duration=PT1H from server.
## Wanted 14384 
Fetching https://www.freeview.co.uk/api/program?sid=64&nid=64403&pid=crid://csi.digitaluk.co.uk/7b878879-fb9d-46a7-993f-9b3095cf4a15&start=2026-06-14T00:00:00+0000&duration=PT1H from server.
Fetching https://www.freeview.co.uk/api/program?sid=64&nid=64403&pid=crid://csi.digitaluk.co.uk/b28fb16f-be9b-44c3-b9d0-7882b09380e5&start=2026-06-14T01:00:00+0000&duration=PT1H from server.
Fetching https://www.freeview.co.uk/api/program?sid=64&nid=64403&pid=crid://csi.digitaluk.co.uk/fa6e0188-6ba7-4cf2-a2b4-a75e17e3a0f4&start=2026-06-14T02:00:00+0000&duration=PT1H from server.
Fetching https://www.freeview.co.uk/api/program?sid=64&nid=64403&pid=crid://csi.digitaluk.co.uk/5d8bd329-2dcf-4bfa-8c18-366ecc71cf87&start=2026-06-14T03:00:00+0000&duration=PT1H from server.
Fetching https://www.freeview.co.uk/api/program?sid=64&nid=64403&pid=crid://csi.digitaluk.co.uk/681a6540-88a8-4a1f-a138-96751bbd2f72&start=2026-06-14T04:00:00+0000&duration=PT1H from server.
Fetching https://www.freeview.co.uk/api/program?sid=64&nid=64403&pid=crid://csi.digitaluk.co.uk/856b03ad-b072-467b-9dae-c35932e2816e&start=2026-06-14T05:00:00+0000&duration=PT25M from server.
Fetching https://www.freeview.co.uk/api/program?sid=64&nid=64403&pid=crid://csi.digitaluk.co.uk/383c9754-072d-4f74-8d87-7b103c1ca8a1&start=2026-06-14T05:25:00+0000&duration=PT20M from server.
Fetching https://www.freeview.co.uk/api/program?sid=64&nid=64403&pid=crid://csi.digitaluk.co.uk/42f0230e-564c-49a6-a665-7eee5847f5d3&start=2026-06-14T05:45:00+0000&duration=PT25M from server.
Fetching https://www.freeview.co.uk/api/program?sid=64&nid=64403&pid=crid://csi.digitaluk.co.uk/39c76d1a-da4a-4a5f-8ff2-8e66d28afedc&start=2026-06-14T06:10:00+0000&duration=PT20M from server.
Fetching https://www.freeview.co.uk/api/program?sid=64&nid=64403&pid=crid://csi.digitaluk.co.uk/64fc0f01-cd9d-4450-92da-fdd83e466d4b&start=2026-06-14T06:30:00+0000&duration=PT25M from server.
Fetching https://www.freeview.co.uk/api/program?sid=64&nid=64403&pid=crid://csi.digitaluk.co.uk/5bb4f7db-a4c9-41c1-a4e7-6978bab13e4e&start=2026-06-14T06:55:00+0000&duration=PT25M from server.
Fetching https://www.freeview.co.uk/api/program?sid=64&nid=64403&pid=crid://csi.digitaluk.co.uk/3c60f3a2-873d-427a-8076-fb851482603d&start=2026-06-14T07:20:00+0000&duration=PT55M from server.
Fetching https://www.freeview.co.uk/api/program?sid=64&nid=64403&pid=crid://csi.digitaluk.co.uk/597f2099-f391-4e2a-a3f9-3b684735eabf&start=2026-06-14T08:15:00+0000&duration=PT55M from server.
Fetching https://www.freeview.co.uk/api/program?sid=64&nid=64403&pid=crid://csi.digitaluk.co.uk/12e1a948-54f3-4f97-b505-f56cb525766f&start=2026-06-14T09:10:00+0000&duration=PT1H from server.
Fetching https://www.freeview.co.uk/api/program?sid=64&nid=64403&pid=crid://csi.digitaluk.co.uk/184af716-fcb5-4672-a7c9-a56cff0a4093&start=2026-06-14T10:10:00+0000&duration=PT55M from server.
Fetching https://www.freeview.co.uk/api/program?sid=64&nid=64403&pid=crid://csi.digitaluk.co.uk/abf3cb8e-a255-45be-a60a-d7646a887790&start=2026-06-14T11:05:00+0000&duration=PT1H from server.
Fetching https://www.freeview.co.uk/api/program?sid=64&nid=64403&pid=crid://csi.digitaluk.co.uk/08a2e44c-46cc-40fe-b717-c3628a9f2547&start=2026-06-14T12:05:00+0000&duration=PT1H from server.
Fetching https://www.freeview.co.uk/api/program?sid=64&nid=64403&pid=crid://csi.digitaluk.co.uk/ebe74e17-5cd4-4866-88f8-f65cde50e5c8&start=2026-06-14T13:05:00+0000&duration=PT1H from server.
Fetching https://www.freeview.co.uk/api/program?sid=64&nid=64403&pid=crid://csi.digitaluk.co.uk/8de936fe-2feb-4841-afef-ae1b91953cf1&start=2026-06-14T14:05:00+0000&duration=PT1H from server.
Fetching https://www.freeview.co.uk/api/program?sid=64&nid=64403&pid=crid://csi.digitaluk.co.uk/689db89a-2c18-405e-8486-232126f28aa4&start=2026-06-14T15:05:00+0000&duration=PT1H from server.
Fetching https://www.freeview.co.uk/api/program?sid=64&nid=64403&pid=crid://csi.digitaluk.co.uk/0c44c16e-73f4-4eda-9aed-50ad672885fa&start=2026-06-14T16:05:00+0000&duration=PT55M from server.
Fetching https://www.freeview.co.uk/api/program?sid=64&nid=64403&pid=crid://csi.digitaluk.co.uk/7a805d36-a8c0-4de7-929a-8755431e55f4&start=2026-06-14T17:00:00+0000&duration=PT1H from server.
Fetching https://www.freeview.co.uk/api/program?sid=64&nid=64403&pid=crid://csi.digitaluk.co.uk/257877b3-945a-4221-ab02-efbc47c6ea70&start=2026-06-14T18:00:00+0000&duration=PT1H from server.
Fetching https://www.freeview.co.uk/api/program?sid=64&nid=64403&pid=crid://csi.digitaluk.co.uk/d32aa1c5-8c75-4018-b1fa-4dac6bac5546&start=2026-06-14T19:00:00+0000&duration=PT1H from server.
Fetching https://www.freeview.co.uk/api/program?sid=64&nid=64403&pid=crid://csi.digitaluk.co.uk/04ea9f55-b505-4416-918c-7dee524c9ff8&start=2026-06-14T20:00:00+0000&duration=PT1H from server.
Fetching https://www.freeview.co.uk/api/program?sid=64&nid=64403&pid=crid://csi.digitaluk.co.uk/09df5d2e-8396-4248-8677-18fdc5c191bf&start=2026-06-14T21:00:00+0000&duration=PT1H from server.
Fetching https://www.freeview.co.uk/api/program?sid=64&nid=64403&pid=crid://csi.digitaluk.co.uk/d0f80aa4-9920-4eda-87ac-1b14904649ae&start=2026-06-14T22:00:00+0000&duration=PT1H from server.
Fetching https://www.freeview.co.uk/api/program?sid=64&nid=64403&pid=crid://csi.digitaluk.co.uk/aa822ddf-5542-4d87-a9a9-926be426b71a&start=2026-06-14T23:00:00+0000&duration=PT1H from server.
### Wanted 17856 
Fetching https://www.freeview.co.uk/api/program?sid=103&nid=64403&pid=crid://csi.digitaluk.co.uk/ebf2a57a-6405-4a28-8c36-2a164f34dd3a&start=2026-06-14T02:00:00+0000&duration=PT40M from server.
Fetching https://www.freeview.co.uk/api/program?sid=103&nid=64403&pid=crid://csi.digitaluk.co.uk/15f3bde8-fd14-4eef-a6a6-5c126d964184&start=2026-06-14T02:40:00+0000&duration=PT25M from server.
Fetching https://www.freeview.co.uk/api/program?sid=103&nid=64403&pid=crid://csi.digitaluk.co.uk/d907b811-7aec-4a06-9d34-015376d7afbc&start=2026-06-14T03:05:00+0000&duration=PT25M from server.
Fetching https://www.freeview.co.uk/api/program?sid=103&nid=64403&pid=crid://csi.digitaluk.co.uk/c38db9aa-c3da-4fb4-b58d-cdd3dba03ea8&start=2026-06-14T03:30:00+0000&duration=PT3H5M from server.
Fetching https://www.freeview.co.uk/api/program?sid=103&nid=64403&pid=crid://csi.digitaluk.co.uk/32f1490d-2884-4fec-b8e2-66f9124a83b5&start=2026-06-14T06:35:00+0000&duration=PT25M from server.
Fetching https://www.freeview.co.uk/api/program?sid=103&nid=64403&pid=crid://csi.digitaluk.co.uk/8d764c89-0093-46b0-a28a-4d917a8778bf&start=2026-06-14T07:00:00+0000&duration=PT25M from server.
Fetching https://www.freeview.co.uk/api/program?sid=103&nid=64403&pid=crid://csi.digitaluk.co.uk/1ddb8e97-f5e5-4cfd-bb8f-c44db1efbe0e&start=2026-06-14T07:25:00+0000&duration=PT1H from server.
Fetching https://www.freeview.co.uk/api/program?sid=103&nid=64403&pid=crid://csi.digitaluk.co.uk/96302b4f-0364-4c3b-b95c-e0220a9648a4&start=2026-06-14T08:25:00+0000&duration=PT5M from server.
Fetching https://www.freeview.co.uk/api/program?sid=103&nid=64403&pid=crid://csi.digitaluk.co.uk/e3486b96-c4f9-4185-99fe-7243da2256f8&start=2026-06-14T08:30:00+0000&duration=PT1H55M from server.
Fetching https://www.freeview.co.uk/api/program?sid=103&nid=64403&pid=crid://csi.digitaluk.co.uk/48f40c4e-cf8c-467a-9460-b8785d7104f9&start=2026-06-14T10:25:00+0000&duration=PT55M from server.
Fetching https://www.freeview.co.uk/api/program?sid=103&nid=64403&pid=crid://csi.digitaluk.co.uk/d4461970-d8af-484b-9e43-9fa7b3dde3ee&start=2026-06-14T11:20:00+0000&duration=PT10M from server.
Fetching https://www.freeview.co.uk/api/program?sid=103&nid=64403&pid=crid://csi.digitaluk.co.uk/32255870-0d5a-4cfb-9c49-73c9f1d4032a&start=2026-06-14T11:30:00+0000&duration=PT2H5M from server.
Fetching https://www.freeview.co.uk/api/program?sid=103&nid=64403&pid=crid://csi.digitaluk.co.uk/d809cb40-4edc-47ec-817e-5c018c6ebfab&start=2026-06-14T13:35:00+0000&duration=PT1H from server.
Fetching https://www.freeview.co.uk/api/program?sid=103&nid=64403&pid=crid://csi.digitaluk.co.uk/90c1a04e-32a2-4410-a378-c69c19df3028&start=2026-06-14T14:35:00+0000&duration=PT1H from server.
Fetching https://www.freeview.co.uk/api/program?sid=103&nid=64403&pid=crid://csi.digitaluk.co.uk/08a0685c-f631-479f-a718-ab8b7f039df3&start=2026-06-14T15:35:00+0000&duration=PT10M from server.
Fetching https://www.freeview.co.uk/api/program?sid=103&nid=64403&pid=crid://csi.digitaluk.co.uk/9d6e6c4a-bbf1-4f37-860d-3b00f75c7c4d&start=2026-06-14T15:45:00+0000&duration=PT15M from server.
Fetching https://www.freeview.co.uk/api/program?sid=103&nid=64403&pid=crid://csi.digitaluk.co.uk/52324fec-b981-4efb-8ec8-f8f276747173&start=2026-06-14T16:00:00+0000&duration=PT3H15M from server.
Fetching https://www.freeview.co.uk/api/program?sid=103&nid=64403&pid=crid://csi.digitaluk.co.uk/2f15f67c-19ea-48f4-9613-35d7a929a3bc&start=2026-06-14T19:15:00+0000&duration=PT3H20M from server.
Fetching https://www.freeview.co.uk/api/program?sid=103&nid=64403&pid=crid://csi.digitaluk.co.uk/5fd12f22-ff8c-422b-99c6-3388cd4c0bd4&start=2026-06-14T22:35:00+0000&duration=PT20M from server.
Fetching https://www.freeview.co.uk/api/program?sid=103&nid=64403&pid=crid://csi.digitaluk.co.uk/46c9a766-60f9-41cf-89d2-e4bb9a6072c8&start=2026-06-14T22:55:00+0000&duration=PT50M from server.
Fetching https://www.freeview.co.uk/api/program?sid=103&nid=64403&pid=crid://csi.digitaluk.co.uk/54283a84-e6af-4182-836a-e9fd89450ab2&start=2026-06-14T23:45:00+0000&duration=PT1H15M from server.
## Wanted 22080 
Fetching https://www.freeview.co.uk/api/program?sid=233&nid=64403&pid=crid://csi.digitaluk.co.uk/06e59f75-a0e8-4acb-b80d-a5cfe0fb7e05&start=2026-06-14T00:00:00+0000&duration=PT1H from server.
Fetching https://www.freeview.co.uk/api/program?sid=233&nid=64403&pid=crid://csi.digitaluk.co.uk/9ae721a8-86dd-4530-90f9-f4827566a225&start=2026-06-14T01:00:00+0000&duration=PT1H from server.
Fetching https://www.freeview.co.uk/api/program?sid=233&nid=64403&pid=crid://csi.digitaluk.co.uk/47bef53b-81b4-41b8-9ed0-c9b6a18ab377&start=2026-06-14T02:00:00+0000&duration=PT1H from server.
Fetching https://www.freeview.co.uk/api/program?sid=233&nid=64403&pid=crid://csi.digitaluk.co.uk/76e2152b-3283-4b67-9c39-ac3cdb212708&start=2026-06-14T03:00:00+0000&duration=PT1H from server.
Fetching https://www.freeview.co.uk/api/program?sid=233&nid=64403&pid=crid://csi.digitaluk.co.uk/d35adc14-c7bd-4009-8225-9d93179e53b2&start=2026-06-14T04:00:00+0000&duration=PT1H from server.
Fetching https://www.freeview.co.uk/api/program?sid=233&nid=64403&pid=crid://csi.digitaluk.co.uk/9f438868-5840-44b1-a0ff-99c3390560d9&start=2026-06-14T05:00:00+0000&duration=PT30M from server.
Fetching https://www.freeview.co.uk/api/program?sid=233&nid=64403&pid=crid://csi.digitaluk.co.uk/3e1637c4-6f8e-4a46-880a-6de040ac3d36&start=2026-06-14T05:30:00+0000&duration=PT30M from server.
Fetching https://www.freeview.co.uk/api/program?sid=233&nid=64403&pid=crid://csi.digitaluk.co.uk/c9d3ab2e-c16c-4ddc-b08a-5c8fc3f2082c&start=2026-06-14T06:00:00+0000&duration=PT30M from server.
Fetching https://www.freeview.co.uk/api/program?sid=233&nid=64403&pid=crid://csi.digitaluk.co.uk/1042a390-f86a-4459-be53-2e0498c1cc11&start=2026-06-14T06:30:00+0000&duration=PT30M from server.
Fetching https://www.freeview.co.uk/api/program?sid=233&nid=64403&pid=crid://csi.digitaluk.co.uk/680f1e75-62ee-4004-98e8-ca6a211246bb&start=2026-06-14T07:00:00+0000&duration=PT30M from server.
Fetching https://www.freeview.co.uk/api/program?sid=233&nid=64403&pid=crid://csi.digitaluk.co.uk/292325fc-051b-42c8-aa75-bee2946c0a32&start=2026-06-14T07:30:00+0000&duration=PT1H30M from server.
Fetching https://www.freeview.co.uk/api/program?sid=233&nid=64403&pid=crid://csi.digitaluk.co.uk/ef77527f-7331-4a06-b0cd-d6346ab889da&start=2026-06-14T09:00:00+0000&duration=PT30M from server.
Fetching https://www.freeview.co.uk/api/program?sid=233&nid=64403&pid=crid://csi.digitaluk.co.uk/3b2faed0-ff80-4aa2-988c-1b727d6fcfce&start=2026-06-14T09:30:00+0000&duration=PT30M from server.
Fetching https://www.freeview.co.uk/api/program?sid=233&nid=64403&pid=crid://csi.digitaluk.co.uk/aa2e4d89-283f-4f5c-822c-e1bc0b17b54a&start=2026-06-14T10:00:00+0000&duration=PT30M from server.
Fetching https://www.freeview.co.uk/api/program?sid=233&nid=64403&pid=crid://csi.digitaluk.co.uk/45b4820f-0d9f-4662-9c54-36da291806b5&start=2026-06-14T10:30:00+0000&duration=PT30M from server.
Fetching https://www.freeview.co.uk/api/program?sid=233&nid=64403&pid=crid://csi.digitaluk.co.uk/9f544c15-72af-490e-a9ec-ad767a2be7b3&start=2026-06-14T11:00:00+0000&duration=PT30M from server.
Fetching https://www.freeview.co.uk/api/program?sid=233&nid=64403&pid=crid://csi.digitaluk.co.uk/cf9ed5b3-43b8-41e0-8f66-2a9ea4251268&start=2026-06-14T11:30:00+0000&duration=PT30M from server.
Fetching https://www.freeview.co.uk/api/program?sid=233&nid=64403&pid=crid://csi.digitaluk.co.uk/ac2aa7b5-f45f-44af-b560-af8f475ee7e6&start=2026-06-14T12:00:00+0000&duration=PT30M from server.
Fetching https://www.freeview.co.uk/api/program?sid=233&nid=64403&pid=crid://csi.digitaluk.co.uk/68e495b9-4915-4b85-825d-0cc313c2dbc7&start=2026-06-14T12:30:00+0000&duration=PT30M from server.
Fetching https://www.freeview.co.uk/api/program?sid=233&nid=64403&pid=crid://csi.digitaluk.co.uk/5edbd9fd-0643-4ad0-8a0a-ad23ea7c4775&start=2026-06-14T13:00:00+0000&duration=PT30M from server.
Fetching https://www.freeview.co.uk/api/program?sid=233&nid=64403&pid=crid://csi.digitaluk.co.uk/97ab69db-057c-4218-b9bc-54300a67bcb0&start=2026-06-14T13:30:00+0000&duration=PT30M from server.
Fetching https://www.freeview.co.uk/api/program?sid=233&nid=64403&pid=crid://csi.digitaluk.co.uk/b63a2a8f-c991-494b-ba50-187eb0930a6a&start=2026-06-14T14:00:00+0000&duration=PT30M from server.
Fetching https://www.freeview.co.uk/api/program?sid=233&nid=64403&pid=crid://csi.digitaluk.co.uk/8e4a8bc0-092e-4349-935b-ba1d38ef4993&start=2026-06-14T14:30:00+0000&duration=PT30M from server.
Fetching https://www.freeview.co.uk/api/program?sid=233&nid=64403&pid=crid://csi.digitaluk.co.uk/36061c39-565c-4985-a7a3-0a9ab7a2f407&start=2026-06-14T15:00:00+0000&duration=PT30M from server.
Fetching https://www.freeview.co.uk/api/program?sid=233&nid=64403&pid=crid://csi.digitaluk.co.uk/e0064f8a-c088-41c8-aa3b-e8a59876ac24&start=2026-06-14T15:30:00+0000&duration=PT30M from server.
Fetching https://www.freeview.co.uk/api/program?sid=233&nid=64403&pid=crid://csi.digitaluk.co.uk/0be7d7e0-d172-4505-899e-22291a3a5ff0&start=2026-06-14T16:00:00+0000&duration=PT30M from server.
Fetching https://www.freeview.co.uk/api/program?sid=233&nid=64403&pid=crid://csi.digitaluk.co.uk/631a99a8-4c89-45c2-96e7-f5b148596f58&start=2026-06-14T16:30:00+0000&duration=PT30M from server.
Fetching https://www.freeview.co.uk/api/program?sid=233&nid=64403&pid=crid://csi.digitaluk.co.uk/c4cc3760-d743-437c-96f2-bf8b5e3835ef&start=2026-06-14T17:00:00+0000&duration=PT30M from server.
Fetching https://www.freeview.co.uk/api/program?sid=233&nid=64403&pid=crid://csi.digitaluk.co.uk/804a86ff-d16f-49e6-83e5-152063b92d79&start=2026-06-14T17:30:00+0000&duration=PT30M from server.
Fetching https://www.freeview.co.uk/api/program?sid=233&nid=64403&pid=crid://csi.digitaluk.co.uk/33bce01a-0de4-4669-be2c-904e5c9b5c7e&start=2026-06-14T18:00:00+0000&duration=PT30M from server.
Fetching https://www.freeview.co.uk/api/program?sid=233&nid=64403&pid=crid://csi.digitaluk.co.uk/8a79f5eb-24fa-480a-a2ab-14e42cda9bc4&start=2026-06-14T18:30:00+0000&duration=PT30M from server.
Fetching https://www.freeview.co.uk/api/program?sid=233&nid=64403&pid=crid://csi.digitaluk.co.uk/51cdc3be-ab16-497a-a7a1-678794975063&start=2026-06-14T19:00:00+0000&duration=PT30M from server.
Fetching https://www.freeview.co.uk/api/program?sid=233&nid=64403&pid=crid://csi.digitaluk.co.uk/6f07a5b0-4efb-418c-a6ab-8b2891094b80&start=2026-06-14T19:30:00+0000&duration=PT30M from server.
Fetching https://www.freeview.co.uk/api/program?sid=233&nid=64403&pid=crid://csi.digitaluk.co.uk/34a572eb-4b61-4d5f-b4fb-5f057984e7ee&start=2026-06-14T20:00:00+0000&duration=PT30M from server.
Fetching https://www.freeview.co.uk/api/program?sid=233&nid=64403&pid=crid://csi.digitaluk.co.uk/d3e365fc-4150-4848-afb1-d0767fc823d6&start=2026-06-14T20:30:00+0000&duration=PT30M from server.
Fetching https://www.freeview.co.uk/api/program?sid=233&nid=64403&pid=crid://csi.digitaluk.co.uk/4bb257f5-b482-4014-ab2a-e2bb358118a5&start=2026-06-14T21:00:00+0000&duration=PT30M from server.
Fetching https://www.freeview.co.uk/api/program?sid=233&nid=64403&pid=crid://csi.digitaluk.co.uk/4ddc191b-c8a5-4339-94c9-28ef67e91b87&start=2026-06-14T21:30:00+0000&duration=PT30M from server.
Fetching https://www.freeview.co.uk/api/program?sid=233&nid=64403&pid=crid://csi.digitaluk.co.uk/291f9e67-a24e-4487-bf9b-5af1b88a040a&start=2026-06-14T22:00:00+0000&duration=PT30M from server.
Fetching https://www.freeview.co.uk/api/program?sid=233&nid=64403&pid=crid://csi.digitaluk.co.uk/78215c42-7d53-4657-b6fa-df06573ef877&start=2026-06-14T22:30:00+0000&duration=PT30M from server.
Fetching https://www.freeview.co.uk/api/program?sid=233&nid=64403&pid=crid://csi.digitaluk.co.uk/59b88813-d913-46cb-b8ef-51628d8abb53&start=2026-06-14T23:00:00+0000&duration=PT1H from server.
###
