tv_grab_uk_freeview, 2026-06-12 23:08:11
----------------------------------------
getting list of channels:  URL= https://www.freeview.co.uk/api/channel-list?nid=64403 
Fetching https://www.freeview.co.uk/api/channel-list?nid=64403 from server.
##################################################
using cache '/home/runner/work/xmltv/xmltv/scripts//.xmltv/cache' 
using channel format 'number' 
using region id '64403' 
using icon ch string '?w=160' 
using icon pg string '?w=800' 
fetch 20 channels 
start/end grab: 1781827200 1781913600 
getting listings:  URL= https://www.freeview.co.uk/api/tv-guide?nid=64403&start=1781827200 
Fetching https://www.freeview.co.uk/api/tv-guide?nid=64403&start=1781827200 from server.
 Wanted 8384 
Fetching https://www.freeview.co.uk/api/program?sid=4&nid=64403&pid=crid://csi.digitaluk.co.uk/0e2e311d-01b9-4a2a-be17-c64354c2f59c&start=2026-06-19T00:00:00+0000&duration=PT50M from server.
Fetching https://www.freeview.co.uk/api/program?sid=4&nid=64403&pid=crid://csi.digitaluk.co.uk/c5dfbebc-32f4-4ac5-8a6c-a27034c08fea&start=2026-06-19T00:50:00+0000&duration=PT50M from server.
Fetching https://www.freeview.co.uk/api/program?sid=4&nid=64403&pid=crid://csi.digitaluk.co.uk/669918c3-feed-4c0a-932f-72be0a2922f4&start=2026-06-19T01:40:00+0000&duration=PT15M from server.
Fetching https://www.freeview.co.uk/api/program?sid=4&nid=64403&pid=crid://csi.digitaluk.co.uk/57558796-ba38-4643-bd9e-2dc707944b01&start=2026-06-19T01:55:00+0000&duration=PT1H30M from server.
Fetching https://www.freeview.co.uk/api/program?sid=4&nid=64403&pid=crid://csi.digitaluk.co.uk/e1c28434-4dc2-4385-8dce-b79a2172abe4&start=2026-06-19T03:25:00+0000&duration=PT25M from server.
Fetching https://www.freeview.co.uk/api/program?sid=4&nid=64403&pid=crid://csi.digitaluk.co.uk/a1f8ff9b-bffb-4149-913f-e72280df402d&start=2026-06-19T03:50:00+0000&duration=PT55M from server.
Fetching https://www.freeview.co.uk/api/program?sid=4&nid=64403&pid=crid://movida.bebanjo.net/mas/version/77002/054/ASDELIVERED/C&start=2026-06-19T04:45:00+0000&duration=PT40M from server.
Fetching https://www.freeview.co.uk/api/program?sid=4&nid=64403&pid=crid://csi.digitaluk.co.uk/ed198e6d-5ac9-42ef-a990-c45909da7711&start=2026-06-19T05:25:00+0000&duration=PT25M from server.
Fetching https://www.freeview.co.uk/api/program?sid=4&nid=64403&pid=crid://csi.digitaluk.co.uk/91f7a905-99e9-4b40-ab6c-2906b896252f&start=2026-06-19T05:50:00+0000&duration=PT25M from server.
Fetching https://www.freeview.co.uk/api/program?sid=4&nid=64403&pid=crid://csi.digitaluk.co.uk/c2fd41f3-812c-4e5d-a0d5-6f718bc3544d&start=2026-06-19T06:15:00+0000&duration=PT30M from server.
Fetching https://www.freeview.co.uk/api/program?sid=4&nid=64403&pid=crid://csi.digitaluk.co.uk/f9940970-dcd4-435f-b2e1-728d35e003c4&start=2026-06-19T06:45:00+0000&duration=PT25M from server.
Fetching https://www.freeview.co.uk/api/program?sid=4&nid=64403&pid=crid://csi.digitaluk.co.uk/4b42397d-f76f-44ed-94ee-ee41e2aea4be&start=2026-06-19T07:10:00+0000&duration=PT30M from server.
Fetching https://www.freeview.co.uk/api/program?sid=4&nid=64403&pid=crid://csi.digitaluk.co.uk/8b09a446-1037-467e-84c2-b1c185cdc893&start=2026-06-19T07:40:00+0000&duration=PT30M from server.
Fetching https://www.freeview.co.uk/api/program?sid=4&nid=64403&pid=crid://csi.digitaluk.co.uk/cc78f798-8e61-428e-835c-348d7caf9392&start=2026-06-19T08:10:00+0000&duration=PT30M from server.
Fetching https://www.freeview.co.uk/api/program?sid=4&nid=64403&pid=crid://csi.digitaluk.co.uk/f5cb2cbc-6954-4d60-bcb8-4b42b3da9b8e&start=2026-06-19T08:40:00+0000&duration=PT30M from server.
Fetching https://www.freeview.co.uk/api/program?sid=4&nid=64403&pid=crid://csi.digitaluk.co.uk/eb571bba-647c-440c-867e-e775dfebe209&start=2026-06-19T09:10:00+0000&duration=PT30M from server.
Fetching https://www.freeview.co.uk/api/program?sid=4&nid=64403&pid=crid://csi.digitaluk.co.uk/124f4cd4-7d78-46fd-ae45-8bf336901cd0&start=2026-06-19T09:40:00+0000&duration=PT30M from server.
Fetching https://www.freeview.co.uk/api/program?sid=4&nid=64403&pid=crid://csi.digitaluk.co.uk/69110c78-3229-433f-ba84-b4eaacaf543b&start=2026-06-19T10:10:00+0000&duration=PT55M from server.
Fetching https://www.freeview.co.uk/api/program?sid=4&nid=64403&pid=crid://csi.digitaluk.co.uk/aafa2cfb-10cf-4a1e-b78b-0e8cf61da169&start=2026-06-19T11:05:00+0000&duration=PT5M from server.
Fetching https://www.freeview.co.uk/api/program?sid=4&nid=64403&pid=crid://csi.digitaluk.co.uk/5c8f6a93-0a38-4a96-80c3-26f5270227f6&start=2026-06-19T11:10:00+0000&duration=PT1H from server.
Fetching https://www.freeview.co.uk/api/program?sid=4&nid=64403&pid=crid://csi.digitaluk.co.uk/dcc07b0a-90db-447a-8d26-6eab7ab26a9f&start=2026-06-19T12:10:00+0000&duration=PT1H from server.
Fetching https://www.freeview.co.uk/api/program?sid=4&nid=64403&pid=crid://movida.bebanjo.net/mas/version/77002/055/ASDELIVERED/C&start=2026-06-19T13:10:00+0000&duration=PT50M from server.
Fetching https://www.freeview.co.uk/api/program?sid=4&nid=64403&pid=crid://csi.digitaluk.co.uk/67bee4e0-7bad-4a39-af73-220cb3cc4e1b&start=2026-06-19T14:00:00+0000&duration=PT1H from server.
Fetching https://www.freeview.co.uk/api/program?sid=4&nid=64403&pid=crid://movida.bebanjo.net/mas/version/78538/015/ASDELIVERED/C&start=2026-06-19T15:00:00+0000&duration=PT1H from server.
Fetching https://www.freeview.co.uk/api/program?sid=4&nid=64403&pid=crid://csi.digitaluk.co.uk/0bb4a229-5015-4b8d-a9ac-1f0820ea9b47&start=2026-06-19T16:00:00+0000&duration=PT1H from server.
Fetching https://www.freeview.co.uk/api/program?sid=4&nid=64403&pid=crid://csi.digitaluk.co.uk/7ae791d5-c117-428f-8bbb-3e714c16c05b&start=2026-06-19T17:00:00+0000&duration=PT1H from server.
Fetching https://www.freeview.co.uk/api/program?sid=4&nid=64403&pid=crid://csi.digitaluk.co.uk/9520c91e-0308-494b-b871-eb162beec395&start=2026-06-19T18:00:00+0000&duration=PT1H from server.
Fetching https://www.freeview.co.uk/api/program?sid=4&nid=64403&pid=crid://csi.digitaluk.co.uk/d998c412-60bb-45f7-9719-e3dedb46b0a3&start=2026-06-19T19:00:00+0000&duration=PT1H from server.
Fetching https://www.freeview.co.uk/api/program?sid=4&nid=64403&pid=crid://csi.digitaluk.co.uk/ae1243a2-240d-48ff-89bc-a780653fd34b&start=2026-06-19T20:00:00+0000&duration=PT1H from server.
Fetching https://www.freeview.co.uk/api/program?sid=4&nid=64403&pid=crid://csi.digitaluk.co.uk/fc7881ac-7aef-41ca-b102-bdcfe92cf53f&start=2026-06-19T21:00:00+0000&duration=PT1H5M from server.
Fetching https://www.freeview.co.uk/api/program?sid=4&nid=64403&pid=crid://csi.digitaluk.co.uk/b0ca79a0-709d-4178-ac92-0e8a1c5a4168&start=2026-06-19T22:05:00+0000&duration=PT1H5M from server.
Fetching https://www.freeview.co.uk/api/program?sid=4&nid=64403&pid=crid://movida.bebanjo.net/mas/version/76419/001/POSTWATERSHED2100/C&start=2026-06-19T23:10:00+0000&duration=PT1H45M from server.
## Wanted 8500 
Fetching https://www.freeview.co.uk/api/program?sid=5&nid=64403&pid=crid://panorama.five.tv/versions/C5349600001A&start=2026-06-19T00:00:00+0000&duration=PT1H from server.
Fetching https://www.freeview.co.uk/api/program?sid=5&nid=64403&pid=crid://csi.digitaluk.co.uk/0284bca0-7286-4042-a992-9fab18b1c53b&start=2026-06-19T01:00:00+0000&duration=PT30M from server.
Fetching https://www.freeview.co.uk/api/program?sid=5&nid=64403&pid=crid://csi.digitaluk.co.uk/b2c02082-1fdd-4e43-bd0c-24c9a2a99a4f&start=2026-06-19T01:30:00+0000&duration=PT45M from server.
Fetching https://www.freeview.co.uk/api/program?sid=5&nid=64403&pid=crid://csi.digitaluk.co.uk/321f519e-f59a-4d58-92e1-00c3f9dc4575&start=2026-06-19T02:15:00+0000&duration=PT25M from server.
Fetching https://www.freeview.co.uk/api/program?sid=5&nid=64403&pid=crid://csi.digitaluk.co.uk/4cae55eb-495f-43d3-ab71-4f9bc4a1aa27&start=2026-06-19T02:40:00+0000&duration=PT30M from server.
Fetching https://www.freeview.co.uk/api/program?sid=5&nid=64403&pid=crid://csi.digitaluk.co.uk/03138aa4-f94f-4242-8f3c-7cecb527eef9&start=2026-06-19T03:10:00+0000&duration=PT25M from server.
Fetching https://www.freeview.co.uk/api/program?sid=5&nid=64403&pid=crid://csi.digitaluk.co.uk/71b02fb1-5345-4ad7-a29b-828e12f62c9c&start=2026-06-19T03:35:00+0000&duration=PT50M from server.
Fetching https://www.freeview.co.uk/api/program?sid=5&nid=64403&pid=crid://panorama.five.tv/versions/C5522700025A&start=2026-06-19T04:25:00+0000&duration=PT10M from server.
Fetching https://www.freeview.co.uk/api/program?sid=5&nid=64403&pid=crid://csi.digitaluk.co.uk/0ba1caec-3062-41b1-b5c0-36e9a13f8132&start=2026-06-19T04:35:00+0000&duration=PT15M from server.
Fetching https://www.freeview.co.uk/api/program?sid=5&nid=64403&pid=crid://csi.digitaluk.co.uk/dbd4d016-3e01-4768-9ad0-cebc7b1e3916&start=2026-06-19T04:50:00+0000&duration=PT10M from server.
Fetching https://www.freeview.co.uk/api/program?sid=5&nid=64403&pid=crid://csi.digitaluk.co.uk/dff3169e-b5cc-4158-8bd6-f27d079fb0de&start=2026-06-19T05:00:00+0000&duration=PT5M from server.
Fetching https://www.freeview.co.uk/api/program?sid=5&nid=64403&pid=crid://csi.digitaluk.co.uk/46d6c16c-7027-4c84-8450-c83d7bfa104f&start=2026-06-19T05:05:00+0000&duration=PT5M from server.
Fetching https://www.freeview.co.uk/api/program?sid=5&nid=64403&pid=crid://csi.digitaluk.co.uk/0d9886ed-558f-43e0-aaf6-932d4bea37cd&start=2026-06-19T05:10:00+0000&duration=PT5M from server.
Fetching https://www.freeview.co.uk/api/program?sid=5&nid=64403&pid=crid://csi.digitaluk.co.uk/639b0249-3326-492a-95bc-6399aba0b976&start=2026-06-19T05:15:00+0000&duration=PT5M from server.
Fetching https://www.freeview.co.uk/api/program?sid=5&nid=64403&pid=crid://csi.digitaluk.co.uk/0f99a78a-5ca4-4798-8bac-12e2ee45c15a&start=2026-06-19T05:20:00+0000&duration=PT15M from server.
Fetching https://www.freeview.co.uk/api/program?sid=5&nid=64403&pid=crid://csi.digitaluk.co.uk/ad3b3f34-aa1c-4e74-80f4-3ace40f9141b&start=2026-06-19T05:35:00+0000&duration=PT10M from server.
Fetching https://www.freeview.co.uk/api/program?sid=5&nid=64403&pid=crid://csi.digitaluk.co.uk/b109cd16-873d-451c-bda3-db1043b12283&start=2026-06-19T05:45:00+0000&duration=PT5M from server.
Fetching https://www.freeview.co.uk/api/program?sid=5&nid=64403&pid=crid://csi.digitaluk.co.uk/b21e4a0d-c63a-40e7-b699-07bbe597764d&start=2026-06-19T05:50:00+0000&duration=PT5M from server.
Fetching https://www.freeview.co.uk/api/program?sid=5&nid=64403&pid=crid://csi.digitaluk.co.uk/a6144811-45bb-4355-9873-20f19fab83cb&start=2026-06-19T05:55:00+0000&duration=PT15M from server.
Fetching https://www.freeview.co.uk/api/program?sid=5&nid=64403&pid=crid://csi.digitaluk.co.uk/4203d5a2-f081-4678-b2fe-37f44ccca774&start=2026-06-19T06:10:00+0000&duration=PT10M from server.
Fetching https://www.freeview.co.uk/api/program?sid=5&nid=64403&pid=crid://csi.digitaluk.co.uk/1dddd70d-5275-442e-8e2c-67cdf3891883&start=2026-06-19T06:20:00+0000&duration=PT10M from server.
Fetching https://www.freeview.co.uk/api/program?sid=5&nid=64403&pid=crid://csi.digitaluk.co.uk/89b794dd-1d29-450d-a655-ce20987f2f7f&start=2026-06-19T06:30:00+0000&duration=PT5M from server.
Fetching https://www.freeview.co.uk/api/program?sid=5&nid=64403&pid=crid://csi.digitaluk.co.uk/a612ce7b-6d08-4086-b26f-ef4d74794deb&start=2026-06-19T06:35:00+0000&duration=PT10M from server.
Fetching https://www.freeview.co.uk/api/program?sid=5&nid=64403&pid=crid://csi.digitaluk.co.uk/8137f545-a728-4715-b169-e460a3b52332&start=2026-06-19T06:45:00+0000&duration=PT10M from server.
Fetching https://www.freeview.co.uk/api/program?sid=5&nid=64403&pid=crid://csi.digitaluk.co.uk/5d612962-3ff4-4bfe-9637-51cfad488758&start=2026-06-19T06:55:00+0000&duration=PT20M from server.
Fetching https://www.freeview.co.uk/api/program?sid=5&nid=64403&pid=crid://panorama.five.tv/versions/C5528340004A&start=2026-06-19T07:15:00+0000&duration=PT10M from server.
Fetching https://www.freeview.co.uk/api/program?sid=5&nid=64403&pid=crid://csi.digitaluk.co.uk/8e4fd7d5-e14a-4443-b43c-4f3bfbbacf95&start=2026-06-19T07:25:00+0000&duration=PT15M from server.
Fetching https://www.freeview.co.uk/api/program?sid=5&nid=64403&pid=crid://csi.digitaluk.co.uk/5afcc6cd-025f-4892-9431-fe0b3aa1b52f&start=2026-06-19T07:40:00+0000&duration=PT10M from server.
Fetching https://www.freeview.co.uk/api/program?sid=5&nid=64403&pid=crid://csi.digitaluk.co.uk/88936ac1-4247-41c1-9638-0a9081189808&start=2026-06-19T07:50:00+0000&duration=PT10M from server.
Fetching https://www.freeview.co.uk/api/program?sid=5&nid=64403&pid=crid://csi.digitaluk.co.uk/9175014e-771a-4bb3-90e5-c8256ca86eb1&start=2026-06-19T08:00:00+0000&duration=PT5M from server.
Fetching https://www.freeview.co.uk/api/program?sid=5&nid=64403&pid=crid://csi.digitaluk.co.uk/4d89c01f-e246-4cf6-9edb-062eb6ecdf26&start=2026-06-19T08:05:00+0000&duration=PT10M from server.
Fetching https://www.freeview.co.uk/api/program?sid=5&nid=64403&pid=crid://csi.digitaluk.co.uk/bd07c662-b8b9-4970-81dd-bdbbc07a2716&start=2026-06-19T08:15:00+0000&duration=PT2H15M from server.
Fetching https://www.freeview.co.uk/api/program?sid=5&nid=64403&pid=crid://csi.digitaluk.co.uk/954013cf-bbbf-4463-a5c3-da4e53edc5e3&start=2026-06-19T10:30:00+0000&duration=PT1H15M from server.
Fetching https://www.freeview.co.uk/api/program?sid=5&nid=64403&pid=crid://csi.digitaluk.co.uk/a4332c7a-6eb8-49a0-8a28-74eb787af695&start=2026-06-19T11:45:00+0000&duration=PT5M from server.
Fetching https://www.freeview.co.uk/api/program?sid=5&nid=64403&pid=crid://csi.digitaluk.co.uk/915f69a6-a811-46e1-b5e2-15d70c49067d&start=2026-06-19T11:50:00+0000&duration=PT1H10M from server.
Fetching https://www.freeview.co.uk/api/program?sid=5&nid=64403&pid=crid://csi.digitaluk.co.uk/d0c38f4b-d42e-470c-8fb4-94d797b58594&start=2026-06-19T13:00:00+0000&duration=PT1H from server.
Fetching https://www.freeview.co.uk/api/program?sid=5&nid=64403&pid=crid://csi.digitaluk.co.uk/6817f5a0-81df-4b23-8cc5-514c75380c83&start=2026-06-19T14:00:00+0000&duration=PT55M from server.
Fetching https://www.freeview.co.uk/api/program?sid=5&nid=64403&pid=crid://csi.digitaluk.co.uk/c7d880a8-39e7-4bae-8f0c-01eade3290fd&start=2026-06-19T14:55:00+0000&duration=PT55M from server.
Fetching https://www.freeview.co.uk/api/program?sid=5&nid=64403&pid=crid://csi.digitaluk.co.uk/2509bec2-b654-4e77-9f77-b5c5713ccc2d&start=2026-06-19T15:50:00+0000&duration=PT10M from server.
Fetching https://www.freeview.co.uk/api/program?sid=5&nid=64403&pid=crid://csi.digitaluk.co.uk/57ccfe63-d5f6-4c28-9ddd-c140b0f25461&start=2026-06-19T16:00:00+0000&duration=PT1H from server.
Fetching https://www.freeview.co.uk/api/program?sid=5&nid=64403&pid=crid://csi.digitaluk.co.uk/35cb9482-a0a6-4fbc-aecc-33bfd24ddbeb&start=2026-06-19T17:00:00+0000&duration=PT1H from server.
Fetching https://www.freeview.co.uk/api/program?sid=5&nid=64403&pid=crid://csi.digitaluk.co.uk/413473c3-ca4b-4efc-be09-e25dbe9b7a25&start=2026-06-19T18:00:00+0000&duration=PT1H from server.
Fetching https://www.freeview.co.uk/api/program?sid=5&nid=64403&pid=crid://csi.digitaluk.co.uk/0a7babea-d79a-4ba3-abf7-054496a8f778&start=2026-06-19T19:00:00+0000&duration=PT1H from server.
Fetching https://www.freeview.co.uk/api/program?sid=5&nid=64403&pid=crid://csi.digitaluk.co.uk/7600400e-1a0c-4aa4-8c08-9906ac4bf17b&start=2026-06-19T20:00:00+0000&duration=PT1H30M from server.
Fetching https://www.freeview.co.uk/api/program?sid=5&nid=64403&pid=crid://csi.digitaluk.co.uk/a0d8f7d9-095a-4b4d-a515-1be444331533&start=2026-06-19T21:30:00+0000&duration=PT1H35M from server.
Fetching https://www.freeview.co.uk/api/program?sid=5&nid=64403&pid=crid://csi.digitaluk.co.uk/de962d3d-62b0-4279-8b3c-bd957f3dbb7d&start=2026-06-19T23:05:00+0000&duration=PT55M from server.
### Wanted 28000 
Fetching https://www.freeview.co.uk/api/program?sid=12&nid=64403&pid=crid://csi.digitaluk.co.uk/e1005d8e-dca9-41ad-98bb-1ab7fa9c70dc&start=2026-06-19T00:00:00+0000&duration=PT1H from server.
Fetching https://www.freeview.co.uk/api/program?sid=12&nid=64403&pid=crid://csi.digitaluk.co.uk/e2ac2b9a-b9cb-4af1-b960-e7f64a4a442a&start=2026-06-19T01:00:00+0000&duration=PT2H from server.
Fetching https://www.freeview.co.uk/api/program?sid=12&nid=64403&pid=crid://csi.digitaluk.co.uk/afafe554-c827-447a-8b37-1ca665ea3b62&start=2026-06-19T03:00:00+0000&duration=PT1H from server.
Fetching https://www.freeview.co.uk/api/program?sid=12&nid=64403&pid=crid://csi.digitaluk.co.uk/caf49555-a3d8-4cb6-aaa4-dd2d6b5ea8e3&start=2026-06-19T04:00:00+0000&duration=PT1H from server.
Fetching https://www.freeview.co.uk/api/program?sid=12&nid=64403&pid=crid://csi.digitaluk.co.uk/0d9469ec-1a03-4f22-a839-15eb59b1aed5&start=2026-06-19T05:00:00+0000&duration=PT30M from server.
Fetching https://www.freeview.co.uk/api/program?sid=12&nid=64403&pid=crid://csi.digitaluk.co.uk/8be43315-5acd-4d74-8f4a-4654942687d4&start=2026-06-19T05:30:00+0000&duration=PT30M from server.
Fetching https://www.freeview.co.uk/api/program?sid=12&nid=64403&pid=crid://csi.digitaluk.co.uk/27ad6446-f3ae-425c-88b7-78a33cf53610&start=2026-06-19T06:00:00+0000&duration=PT30M from server.
Fetching https://www.freeview.co.uk/api/program?sid=12&nid=64403&pid=crid://csi.digitaluk.co.uk/853ff34b-d67a-4e03-a436-30db76221b3c&start=2026-06-19T06:30:00+0000&duration=PT30M from server.
Fetching https://www.freeview.co.uk/api/program?sid=12&nid=64403&pid=crid://csi.digitaluk.co.uk/453d5cf7-d47d-4dc1-9b2d-2a27f27e1d30&start=2026-06-19T07:00:00+0000&duration=PT30M from server.
Fetching https://www.freeview.co.uk/api/program?sid=12&nid=64403&pid=crid://csi.digitaluk.co.uk/a80f24af-ac47-45a8-a6ed-dae116bdb683&start=2026-06-19T07:30:00+0000&duration=PT30M from server.
Fetching https://www.freeview.co.uk/api/program?sid=12&nid=64403&pid=crid://csi.digitaluk.co.uk/fa169d64-20ee-4f32-a8d0-fb657da7287f&start=2026-06-19T08:00:00+0000&duration=PT30M from server.
Fetching https://www.freeview.co.uk/api/program?sid=12&nid=64403&pid=crid://csi.digitaluk.co.uk/7f41df08-3416-4ca3-b8da-11c73e69e827&start=2026-06-19T08:30:00+0000&duration=PT30M from server.
Fetching https://www.freeview.co.uk/api/program?sid=12&nid=64403&pid=crid://csi.digitaluk.co.uk/82052e02-55db-446a-a034-ae5e41a2b9eb&start=2026-06-19T09:00:00+0000&duration=PT30M from server.
Fetching https://www.freeview.co.uk/api/program?sid=12&nid=64403&pid=crid://csi.digitaluk.co.uk/4e82be23-38dc-470e-b436-5220aa3df368&start=2026-06-19T09:30:00+0000&duration=PT30M from server.
Fetching https://www.freeview.co.uk/api/program?sid=12&nid=64403&pid=crid://csi.digitaluk.co.uk/9ae7b2b7-cdb5-4fdd-9985-2a7f043d6955&start=2026-06-19T10:00:00+0000&duration=PT30M from server.
Fetching https://www.freeview.co.uk/api/program?sid=12&nid=64403&pid=crid://csi.digitaluk.co.uk/3b5e0f27-099b-4b5d-8d4d-13600acbae79&start=2026-06-19T10:30:00+0000&duration=PT30M from server.
Fetching https://www.freeview.co.uk/api/program?sid=12&nid=64403&pid=crid://csi.digitaluk.co.uk/df5b9ff5-04e9-49e7-b256-c31b9eab74e0&start=2026-06-19T11:00:00+0000&duration=PT30M from server.
Fetching https://www.freeview.co.uk/api/program?sid=12&nid=64403&pid=crid://csi.digitaluk.co.uk/d3f98b46-20e9-416f-9fff-0e4394abdceb&start=2026-06-19T11:30:00+0000&duration=PT30M from server.
Fetching https://www.freeview.co.uk/api/program?sid=12&nid=64403&pid=crid://csi.digitaluk.co.uk/a361e4eb-2e39-4a07-9fb4-0dd205eb14e5&start=2026-06-19T12:00:00+0000&duration=PT30M from server.
Fetching https://www.freeview.co.uk/api/program?sid=12&nid=64403&pid=crid://csi.digitaluk.co.uk/dd87f733-47ba-4a63-b05a-c7e94ffbfda5&start=2026-06-19T12:30:00+0000&duration=PT30M from server.
Fetching https://www.freeview.co.uk/api/program?sid=12&nid=64403&pid=crid://csi.digitaluk.co.uk/4cc175c3-c95e-41ad-a742-6086f55dad0f&start=2026-06-19T13:00:00+0000&duration=PT30M from server.
Fetching https://www.freeview.co.uk/api/program?sid=12&nid=64403&pid=crid://csi.digitaluk.co.uk/7b9fb0ba-1537-42d2-9352-a27cd5b82c76&start=2026-06-19T13:30:00+0000&duration=PT30M from server.
Fetching https://www.freeview.co.uk/api/program?sid=12&nid=64403&pid=crid://csi.digitaluk.co.uk/607612b6-7aab-4f18-b76c-f4db8280ae0f&start=2026-06-19T14:00:00+0000&duration=PT30M from server.
Fetching https://www.freeview.co.uk/api/program?sid=12&nid=64403&pid=crid://csi.digitaluk.co.uk/86820315-4f6d-42d1-ac4e-6c3ad8c30723&start=2026-06-19T14:30:00+0000&duration=PT30M from server.
Fetching https://www.freeview.co.uk/api/program?sid=12&nid=64403&pid=crid://csi.digitaluk.co.uk/69ab8b01-9d77-4567-8776-1d78dddd5e96&start=2026-06-19T15:00:00+0000&duration=PT30M from server.
Fetching https://www.freeview.co.uk/api/program?sid=12&nid=64403&pid=crid://csi.digitaluk.co.uk/67fdf368-f102-421e-8a5a-e7810b39da00&start=2026-06-19T15:30:00+0000&duration=PT30M from server.
Fetching https://www.freeview.co.uk/api/program?sid=12&nid=64403&pid=crid://csi.digitaluk.co.uk/da20048a-7cc9-42f8-8a81-041c011fdf20&start=2026-06-19T16:00:00+0000&duration=PT30M from server.
Fetching https://www.freeview.co.uk/api/program?sid=12&nid=64403&pid=crid://csi.digitaluk.co.uk/ad17eb04-c48d-45b7-be78-b10d117c5409&start=2026-06-19T16:30:00+0000&duration=PT30M from server.
Fetching https://www.freeview.co.uk/api/program?sid=12&nid=64403&pid=crid://csi.digitaluk.co.uk/6ffdd8fa-64d4-4cae-a6e8-8a5eca7698ac&start=2026-06-19T17:00:00+0000&duration=PT30M from server.
Fetching https://www.freeview.co.uk/api/program?sid=12&nid=64403&pid=crid://csi.digitaluk.co.uk/3e8118e7-02c5-44ac-96c2-8dc40b93ac85&start=2026-06-19T17:30:00+0000&duration=PT30M from server.
Fetching https://www.freeview.co.uk/api/program?sid=12&nid=64403&pid=crid://csi.digitaluk.co.uk/3da0ccce-42da-4174-964a-6ce17637c9ae&start=2026-06-19T18:00:00+0000&duration=PT30M from server.
Fetching https://www.freeview.co.uk/api/program?sid=12&nid=64403&pid=crid://csi.digitaluk.co.uk/04e5415d-b3fe-4381-932c-800a8e90af99&start=2026-06-19T18:30:00+0000&duration=PT30M from server.
Fetching https://www.freeview.co.uk/api/program?sid=12&nid=64403&pid=crid://csi.digitaluk.co.uk/3c9ee2c9-7680-42c3-b202-2f8afbc173e6&start=2026-06-19T19:00:00+0000&duration=PT30M from server.
Fetching https://www.freeview.co.uk/api/program?sid=12&nid=64403&pid=crid://csi.digitaluk.co.uk/8aec1961-e6d3-4142-92f9-a00dc36f4b21&start=2026-06-19T19:30:00+0000&duration=PT30M from server.
Fetching https://www.freeview.co.uk/api/program?sid=12&nid=64403&pid=crid://csi.digitaluk.co.uk/89360733-bb75-416a-b5de-1fc9d10d5130&start=2026-06-19T20:00:00+0000&duration=PT2H from server.
Fetching https://www.freeview.co.uk/api/program?sid=12&nid=64403&pid=crid://csi.digitaluk.co.uk/1e517804-1651-4c45-b12b-1f4a384c3768&start=2026-06-19T22:00:00+0000&duration=PT1H from server.
Fetching https://www.freeview.co.uk/api/program?sid=12&nid=64403&pid=crid://csi.digitaluk.co.uk/a032d40e-fbb1-48ed-9e13-59c9c0c58586&start=2026-06-19T23:00:00+0000&duration=PT30M from server.
Fetching https://www.freeview.co.uk/api/program?sid=12&nid=64403&pid=crid://csi.digitaluk.co.uk/c17a108e-e39e-4fdf-aae0-a61479982825&start=2026-06-19T23:30:00+0000&duration=PT30M from server.
## Wanted 8448 
Fetching https://www.freeview.co.uk/api/program?sid=13&nid=64403&pid=crid://csi.digitaluk.co.uk/890d5599-f459-4876-b154-2e680a0010eb&start=2026-06-19T00:05:00+0000&duration=PT1H5M from server.
Fetching https://www.freeview.co.uk/api/program?sid=13&nid=64403&pid=crid://movida.bebanjo.net/mas/version/79370/009/POST2000/C&start=2026-06-19T01:10:00+0000&duration=PT50M from server.
Fetching https://www.freeview.co.uk/api/program?sid=13&nid=64403&pid=crid://csi.digitaluk.co.uk/74c4c26b-01f6-4ec0-ba8c-4111dca91823&start=2026-06-19T02:00:00+0000&duration=PT50M from server.
Fetching https://www.freeview.co.uk/api/program?sid=13&nid=64403&pid=crid://csi.digitaluk.co.uk/4cb6240e-5420-49fc-85a7-a9fcf8e0cefd&start=2026-06-19T02:50:00+0000&duration=PT25M from server.
Fetching https://www.freeview.co.uk/api/program?sid=13&nid=64403&pid=crid://csi.digitaluk.co.uk/63169425-8d9b-4c31-a787-624d55f5060c&start=2026-06-19T03:15:00+0000&duration=PT25M from server.
Fetching https://www.freeview.co.uk/api/program?sid=13&nid=64403&pid=crid://csi.digitaluk.co.uk/a5254ef1-b8ae-4af8-87b3-96e307fdabcf&start=2026-06-19T03:40:00+0000&duration=PT25M from server.
Fetching https://www.freeview.co.uk/api/program?sid=13&nid=64403&pid=crid://csi.digitaluk.co.uk/16c0a638-3259-4b99-9a37-54eac58597d9&start=2026-06-19T04:05:00+0000&duration=PT55M from server.
Fetching https://www.freeview.co.uk/api/program?sid=13&nid=64403&pid=crid://csi.digitaluk.co.uk/9ff496c1-0c90-4521-b541-815308a0971b&start=2026-06-19T05:00:00+0000&duration=PT30M from server.
Fetching https://www.freeview.co.uk/api/program?sid=13&nid=64403&pid=crid://csi.digitaluk.co.uk/8eb1ccea-111c-4d27-a29a-4f9c4c53a393&start=2026-06-19T05:30:00+0000&duration=PT25M from server.
Fetching https://www.freeview.co.uk/api/program?sid=13&nid=64403&pid=crid://csi.digitaluk.co.uk/1cefad2c-d525-4702-ba9f-99b852fe489e&start=2026-06-19T05:55:00+0000&duration=PT5M from server.
Fetching https://www.freeview.co.uk/api/program?sid=13&nid=64403&pid=crid://csi.digitaluk.co.uk/97d0614b-94dd-446f-bca5-eb27b087ab75&start=2026-06-19T06:00:00+0000&duration=PT1H from server.
Fetching https://www.freeview.co.uk/api/program?sid=13&nid=64403&pid=crid://csi.digitaluk.co.uk/b498e174-6259-4eff-ae1a-b289ca5658dd&start=2026-06-19T07:00:00+0000&duration=PT1H from server.
Fetching https://www.freeview.co.uk/api/program?sid=13&nid=64403&pid=crid://csi.digitaluk.co.uk/b974da0b-fc6c-4c42-8d15-27de1d97bbdf&start=2026-06-19T08:00:00+0000&duration=PT1H from server.
Fetching https://www.freeview.co.uk/api/program?sid=13&nid=64403&pid=crid://movida.bebanjo.net/mas/version/79370/009/POST2000/C&start=2026-06-19T09:00:00+0000&duration=PT1H from server.
Fetching https://www.freeview.co.uk/api/program?sid=13&nid=64403&pid=crid://csi.digitaluk.co.uk/d86bfd15-f32e-4a32-97e9-5f35e68dcf00&start=2026-06-19T10:00:00+0000&duration=PT30M from server.
Fetching https://www.freeview.co.uk/api/program?sid=13&nid=64403&pid=crid://csi.digitaluk.co.uk/affa740c-9439-4673-874a-4b0d2919ebbc&start=2026-06-19T10:30:00+0000&duration=PT30M from server.
Fetching https://www.freeview.co.uk/api/program?sid=13&nid=64403&pid=crid://csi.digitaluk.co.uk/9983a349-e5dd-410b-9849-7acf3dadc162&start=2026-06-19T11:00:00+0000&duration=PT30M from server.
Fetching https://www.freeview.co.uk/api/program?sid=13&nid=64403&pid=crid://csi.digitaluk.co.uk/4d114484-3cf4-4914-af1a-4eac83ce4a40&start=2026-06-19T11:30:00+0000&duration=PT30M from server.
Fetching https://www.freeview.co.uk/api/program?sid=13&nid=64403&pid=crid://csi.digitaluk.co.uk/d3b266ea-c350-4030-9724-5be155978319&start=2026-06-19T12:00:00+0000&duration=PT30M from server.
Fetching https://www.freeview.co.uk/api/program?sid=13&nid=64403&pid=crid://csi.digitaluk.co.uk/2a42d6e6-845e-4db1-ae13-63430f298e35&start=2026-06-19T12:30:00+0000&duration=PT30M from server.
Fetching https://www.freeview.co.uk/api/program?sid=13&nid=64403&pid=crid://csi.digitaluk.co.uk/4eef6321-e0d7-4d2a-8c64-f50133d606ea&start=2026-06-19T13:00:00+0000&duration=PT30M from server.
Fetching https://www.freeview.co.uk/api/program?sid=13&nid=64403&pid=crid://csi.digitaluk.co.uk/0080bbf8-3341-4fc5-8a22-34673ffefa13&start=2026-06-19T13:30:00+0000&duration=PT30M from server.
Fetching https://www.freeview.co.uk/api/program?sid=13&nid=64403&pid=crid://csi.digitaluk.co.uk/6632d887-3616-410b-99c2-e5a620e4abb8&start=2026-06-19T14:00:00+0000&duration=PT30M from server.
Fetching https://www.freeview.co.uk/api/program?sid=13&nid=64403&pid=crid://csi.digitaluk.co.uk/9b8b9df8-75c9-4387-998a-e770def867fe&start=2026-06-19T14:30:00+0000&duration=PT30M from server.
Fetching https://www.freeview.co.uk/api/program?sid=13&nid=64403&pid=crid://csi.digitaluk.co.uk/d0d76186-a8f7-44e9-bafd-7ec7ca42ae8d&start=2026-06-19T15:00:00+0000&duration=PT30M from server.
Fetching https://www.freeview.co.uk/api/program?sid=13&nid=64403&pid=crid://csi.digitaluk.co.uk/cbfc183d-06ee-4ec4-8f9d-f45edbd53525&start=2026-06-19T15:30:00+0000&duration=PT30M from server.
Fetching https://www.freeview.co.uk/api/program?sid=13&nid=64403&pid=crid://csi.digitaluk.co.uk/062271dd-4497-4604-a8ea-ee150f7fb2e8&start=2026-06-19T16:00:00+0000&duration=PT30M from server.
Fetching https://www.freeview.co.uk/api/program?sid=13&nid=64403&pid=crid://csi.digitaluk.co.uk/9dd543f9-b5cf-4924-bb05-2d6db3938ba4&start=2026-06-19T16:30:00+0000&duration=PT30M from server.
Fetching https://www.freeview.co.uk/api/program?sid=13&nid=64403&pid=crid://csi.digitaluk.co.uk/7bec82f5-1ea8-4328-a102-3c29021aa4e6&start=2026-06-19T17:00:00+0000&duration=PT30M from server.
Fetching https://www.freeview.co.uk/api/program?sid=13&nid=64403&pid=crid://csi.digitaluk.co.uk/245c7c26-3a43-4c25-8b13-2427afd5ce0b&start=2026-06-19T17:30:00+0000&duration=PT30M from server.
Fetching https://www.freeview.co.uk/api/program?sid=13&nid=64403&pid=crid://csi.digitaluk.co.uk/bff6045f-6bdb-455d-b329-fdb5582ebef8&start=2026-06-19T18:00:00+0000&duration=PT30M from server.
Fetching https://www.freeview.co.uk/api/program?sid=13&nid=64403&pid=crid://csi.digitaluk.co.uk/c7182fc6-67de-495d-87c3-b85553b90573&start=2026-06-19T18:30:00+0000&duration=PT30M from server.
Fetching https://www.freeview.co.uk/api/program?sid=13&nid=64403&pid=crid://movida.bebanjo.net/mas/version/79370/010/POST2000/C&start=2026-06-19T19:00:00+0000&duration=PT1H from server.
Fetching https://www.freeview.co.uk/api/program?sid=13&nid=64403&pid=crid://csi.digitaluk.co.uk/69e39b09-6ce9-4df3-8be3-43349b993f8e&start=2026-06-19T20:00:00+0000&duration=PT2H5M from server.
Fetching https://www.freeview.co.uk/api/program?sid=13&nid=64403&pid=crid://csi.digitaluk.co.uk/54e3e690-e3d5-4628-b798-c755d93733dc&start=2026-06-19T22:05:00+0000&duration=PT1H from server.
Fetching https://www.freeview.co.uk/api/program?sid=13&nid=64403&pid=crid://csi.digitaluk.co.uk/6b382af2-a4b2-4f53-83c8-94a3cdd5750e&start=2026-06-19T23:05:00+0000&duration=PT1H5M from server.
### Wanted 8385 
Fetching https://www.freeview.co.uk/api/program?sid=14&nid=64403&pid=crid://csi.digitaluk.co.uk/258b160b-1b1c-444f-9439-592746e238a5&start=2026-06-19T00:30:00+0000&duration=PT2H15M from server.
Fetching https://www.freeview.co.uk/api/program?sid=14&nid=64403&pid=crid://csi.digitaluk.co.uk/22ddc82d-3086-4777-a071-676502cd71b7&start=2026-06-19T02:45:00+0000&duration=PT3H15M from server.
Fetching https://www.freeview.co.uk/api/program?sid=14&nid=64403&pid=crid://csi.digitaluk.co.uk/c708fe10-a00e-46ac-8471-d2c78c1623c4&start=2026-06-19T06:00:00+0000&duration=PT4H from server.
Fetching https://www.freeview.co.uk/api/program?sid=14&nid=64403&pid=crid://movida.bebanjo.net/mas/version/4316/001/ALLTIMES/C&start=2026-06-19T10:00:00+0000&duration=PT1H55M from server.
Fetching https://www.freeview.co.uk/api/program?sid=14&nid=64403&pid=crid://csi.digitaluk.co.uk/ccf2d861-6331-4a2c-9c53-27fab11543fe&start=2026-06-19T11:55:00+0000&duration=PT1H55M from server.
Fetching https://www.freeview.co.uk/api/program?sid=14&nid=64403&pid=crid://csi.digitaluk.co.uk/de474b34-febc-4365-a5e0-92486e724026&start=2026-06-19T13:50:00+0000&duration=PT2H from server.
Fetching https://www.freeview.co.uk/api/program?sid=14&nid=64403&pid=crid://csi.digitaluk.co.uk/fe3e7082-9649-483e-899a-03ddfd9c19f3&start=2026-06-19T15:50:00+0000&duration=PT2H20M from server.
Fetching https://www.freeview.co.uk/api/program?sid=14&nid=64403&pid=crid://csi.digitaluk.co.uk/a4104d01-708a-45ce-8cb7-02ed285ea274&start=2026-06-19T18:10:00+0000&duration=PT1H50M from server.
Fetching https://www.freeview.co.uk/api/program?sid=14&nid=64403&pid=crid://csi.digitaluk.co.uk/cdc2b10a-4d84-49c8-aaa2-1b7257fdcac2&start=2026-06-19T20:00:00+0000&duration=PT2H30M from server.
Fetching https://www.freeview.co.uk/api/program?sid=14&nid=64403&pid=crid://movida.bebanjo.net/mas/version/77398/001/POSTWATERSHED2100/C&start=2026-06-19T22:30:00+0000&duration=PT1H40M from server.
## Wanted 27328 
Fetching https://www.freeview.co.uk/api/program?sid=17&nid=64403&pid=crid://csi.digitaluk.co.uk/2f788819-ada1-4b9a-ab20-31393469b75b&start=2026-06-19T00:00:00+0000&duration=PT1H from server.
Fetching https://www.freeview.co.uk/api/program?sid=17&nid=64403&pid=crid://csi.digitaluk.co.uk/a039f9bf-134a-4fde-9cdc-08a6261aea66&start=2026-06-19T01:00:00+0000&duration=PT1H from server.
Fetching https://www.freeview.co.uk/api/program?sid=17&nid=64403&pid=crid://csi.digitaluk.co.uk/5b651dfa-fd48-4e41-b021-29bcb2a789eb&start=2026-06-19T02:00:00+0000&duration=PT1H from server.
Fetching https://www.freeview.co.uk/api/program?sid=17&nid=64403&pid=crid://csi.digitaluk.co.uk/fbed67cd-7875-4a98-8818-81b034e08924&start=2026-06-19T03:00:00+0000&duration=PT30M from server.
Fetching https://www.freeview.co.uk/api/program?sid=17&nid=64403&pid=crid://csi.digitaluk.co.uk/031ed74f-060a-471b-856b-9749d0980eed&start=2026-06-19T03:30:00+0000&duration=PT30M from server.
Fetching https://www.freeview.co.uk/api/program?sid=17&nid=64403&pid=crid://csi.digitaluk.co.uk/1f9ce7c3-7bd5-42e9-b1b1-a84f02cac38b&start=2026-06-19T04:00:00+0000&duration=PT30M from server.
Fetching https://www.freeview.co.uk/api/program?sid=17&nid=64403&pid=crid://csi.digitaluk.co.uk/768dd36a-6376-49ab-b529-a5622ce6a082&start=2026-06-19T04:30:00+0000&duration=PT30M from server.
Fetching https://www.freeview.co.uk/api/program?sid=17&nid=64403&pid=crid://csi.digitaluk.co.uk/1278dd05-712c-4f82-b457-9ef39d152ee6&start=2026-06-19T05:00:00+0000&duration=PT1H from server.
Fetching https://www.freeview.co.uk/api/program?sid=17&nid=64403&pid=crid://csi.digitaluk.co.uk/de757a1b-3082-4e73-95f0-4b4a70cd9463&start=2026-06-19T06:00:00+0000&duration=PT1H from server.
Fetching https://www.freeview.co.uk/api/program?sid=17&nid=64403&pid=crid://csi.digitaluk.co.uk/4e69ef02-f76c-4f5c-b98f-44b234f1d4d4&start=2026-06-19T07:00:00+0000&duration=PT1H from server.
Fetching https://www.freeview.co.uk/api/program?sid=17&nid=64403&pid=crid://csi.digitaluk.co.uk/3989a2bd-a361-4442-ac36-940b5bbf1a1a&start=2026-06-19T08:00:00+0000&duration=PT1H from server.
Fetching https://www.freeview.co.uk/api/program?sid=17&nid=64403&pid=crid://csi.digitaluk.co.uk/9a861f50-8e74-4d80-a602-5852c5b2f16f&start=2026-06-19T09:00:00+0000&duration=PT1H from server.
Fetching https://www.freeview.co.uk/api/program?sid=17&nid=64403&pid=crid://csi.digitaluk.co.uk/0e4a73da-772c-4684-b250-49339b9f6626&start=2026-06-19T10:00:00+0000&duration=PT1H from server.
Fetching https://www.freeview.co.uk/api/program?sid=17&nid=64403&pid=crid://csi.digitaluk.co.uk/091c9b22-6d59-4cb3-9965-0befda16640e&start=2026-06-19T11:00:00+0000&duration=PT1H from server.
Fetching https://www.freeview.co.uk/api/program?sid=17&nid=64403&pid=crid://csi.digitaluk.co.uk/fb790589-0cc0-42b0-a186-5fcd15bd37ed&start=2026-06-19T12:00:00+0000&duration=PT1H from server.
Fetching https://www.freeview.co.uk/api/program?sid=17&nid=64403&pid=crid://csi.digitaluk.co.uk/db82e2a5-9963-4c9b-b44b-c931ddfe7eb3&start=2026-06-19T13:00:00+0000&duration=PT30M from server.
Fetching https://www.freeview.co.uk/api/program?sid=17&nid=64403&pid=crid://csi.digitaluk.co.uk/7b2646d1-ba0d-4fb5-8b8e-d73ffe26a2ab&start=2026-06-19T13:30:00+0000&duration=PT30M from server.
Fetching https://www.freeview.co.uk/api/program?sid=17&nid=64403&pid=crid://csi.digitaluk.co.uk/76741e51-a00e-4732-abeb-69c49c7a2c53&start=2026-06-19T14:00:00+0000&duration=PT30M from server.
Fetching https://www.freeview.co.uk/api/program?sid=17&nid=64403&pid=crid://csi.digitaluk.co.uk/10f87b9f-ecdf-463f-a926-7d032067e0b9&start=2026-06-19T14:30:00+0000&duration=PT30M from server.
Fetching https://www.freeview.co.uk/api/program?sid=17&nid=64403&pid=crid://csi.digitaluk.co.uk/93e9053a-e9cf-4d6c-b90a-d3402ae5fc37&start=2026-06-19T15:00:00+0000&duration=PT1H from server.
Fetching https://www.freeview.co.uk/api/program?sid=17&nid=64403&pid=crid://csi.digitaluk.co.uk/84eb3445-f491-49b9-8da8-71696fd1ee30&start=2026-06-19T16:00:00+0000&duration=PT1H from server.
Fetching https://www.freeview.co.uk/api/program?sid=17&nid=64403&pid=crid://csi.digitaluk.co.uk/75e7f622-37f9-47c4-9deb-65305a266335&start=2026-06-19T17:00:00+0000&duration=PT1H from server.
Fetching https://www.freeview.co.uk/api/program?sid=17&nid=64403&pid=crid://csi.digitaluk.co.uk/007e38bc-ffcb-493e-90a3-d53d7df7d544&start=2026-06-19T18:00:00+0000&duration=PT1H from server.
Fetching https://www.freeview.co.uk/api/program?sid=17&nid=64403&pid=crid://csi.digitaluk.co.uk/1f825774-1513-42c4-b07b-12d303bcbede&start=2026-06-19T19:00:00+0000&duration=PT1H from server.
Fetching https://www.freeview.co.uk/api/program?sid=17&nid=64403&pid=crid://csi.digitaluk.co.uk/48cd4749-e4c6-480c-ad55-ff622716775a&start=2026-06-19T20:00:00+0000&duration=PT1H from server.
Fetching https://www.freeview.co.uk/api/program?sid=17&nid=64403&pid=crid://csi.digitaluk.co.uk/b4d77d83-0195-4132-ba0e-8e230dfd6bbf&start=2026-06-19T21:00:00+0000&duration=PT1H from server.
Fetching https://www.freeview.co.uk/api/program?sid=17&nid=64403&pid=crid://csi.digitaluk.co.uk/b456cffd-c821-4310-9b93-a7eb2fd596ea&start=2026-06-19T22:00:00+0000&duration=PT30M from server.
Fetching https://www.freeview.co.uk/api/program?sid=17&nid=64403&pid=crid://csi.digitaluk.co.uk/cb354621-8be9-43e3-85a7-58b4b4f0c4b5&start=2026-06-19T22:30:00+0000&duration=PT30M from server.
Fetching https://www.freeview.co.uk/api/program?sid=17&nid=64403&pid=crid://csi.digitaluk.co.uk/92e13283-19e3-49cd-98af-cd2f0d77e5fc&start=2026-06-19T23:00:00+0000&duration=PT30M from server.
Fetching https://www.freeview.co.uk/api/program?sid=17&nid=64403&pid=crid://csi.digitaluk.co.uk/98b411a3-a570-4c5c-b681-d01925ae83cf&start=2026-06-19T23:30:00+0000&duration=PT30M from server.
### Wanted 8442 
Fetching https://www.freeview.co.uk/api/program?sid=18&nid=64403&pid=crid://csi.digitaluk.co.uk/1bbe3c1e-d0fe-4d35-8024-e0d14c119335&start=2026-06-19T00:15:00+0000&duration=PT1H from server.
Fetching https://www.freeview.co.uk/api/program?sid=18&nid=64403&pid=crid://csi.digitaluk.co.uk/9bf00766-63c7-4916-8743-1e7f1be078b6&start=2026-06-19T01:15:00+0000&duration=PT1H5M from server.
Fetching https://www.freeview.co.uk/api/program?sid=18&nid=64403&pid=crid://csi.digitaluk.co.uk/ecb6ca81-045a-428a-9f3f-5f60f9813740&start=2026-06-19T02:20:00+0000&duration=PT30M from server.
Fetching https://www.freeview.co.uk/api/program?sid=18&nid=64403&pid=crid://csi.digitaluk.co.uk/9bcc884f-3bee-4deb-97c8-a3c437b50d5c&start=2026-06-19T02:50:00+0000&duration=PT3H10M from server.
Fetching https://www.freeview.co.uk/api/program?sid=18&nid=64403&pid=crid://csi.digitaluk.co.uk/c1e4334a-f3b5-4bad-9de4-3de18ee25ee9&start=2026-06-19T06:00:00+0000&duration=PT1H55M from server.
Fetching https://www.freeview.co.uk/api/program?sid=18&nid=64403&pid=crid://csi.digitaluk.co.uk/8a920f3d-25be-41c2-9997-07bcb42b78be&start=2026-06-19T07:55:00+0000&duration=PT1H from server.
Fetching https://www.freeview.co.uk/api/program?sid=18&nid=64403&pid=crid://csi.digitaluk.co.uk/a8b0ef5a-5311-4331-90c0-e62c84bf9278&start=2026-06-19T08:55:00+0000&duration=PT1H from server.
Fetching https://www.freeview.co.uk/api/program?sid=18&nid=64403&pid=crid://csi.digitaluk.co.uk/d9581fd8-f06d-4bad-8124-f955d67e4804&start=2026-06-19T09:55:00+0000&duration=PT30M from server.
Fetching https://www.freeview.co.uk/api/program?sid=18&nid=64403&pid=crid://csi.digitaluk.co.uk/3d65da65-dd4e-4d00-b940-41cc8a3a939c&start=2026-06-19T10:25:00+0000&duration=PT30M from server.
Fetching https://www.freeview.co.uk/api/program?sid=18&nid=64403&pid=crid://csi.digitaluk.co.uk/d6870568-b329-47e1-9ca2-9b433e175b45&start=2026-06-19T10:55:00+0000&duration=PT35M from server.
Fetching https://www.freeview.co.uk/api/program?sid=18&nid=64403&pid=crid://csi.digitaluk.co.uk/57047ee7-1b33-43d9-adc3-3a6ebe57c7bc&start=2026-06-19T11:30:00+0000&duration=PT30M from server.
Fetching https://www.freeview.co.uk/api/program?sid=18&nid=64403&pid=crid://csi.digitaluk.co.uk/fd6fb860-eb2f-4cc9-95a3-e1517ac69aff&start=2026-06-19T12:00:00+0000&duration=PT35M from server.
Fetching https://www.freeview.co.uk/api/program?sid=18&nid=64403&pid=crid://csi.digitaluk.co.uk/fbc53c62-4e4b-4203-98e0-054eb854e6fe&start=2026-06-19T12:35:00+0000&duration=PT30M from server.
Fetching https://www.freeview.co.uk/api/program?sid=18&nid=64403&pid=crid://csi.digitaluk.co.uk/79076eb1-3781-4997-9ba4-2d388034f5d3&start=2026-06-19T13:05:00+0000&duration=PT30M from server.
Fetching https://www.freeview.co.uk/api/program?sid=18&nid=64403&pid=crid://csi.digitaluk.co.uk/564b6d88-ca03-4f34-bff2-fc059e89c635&start=2026-06-19T13:35:00+0000&duration=PT35M from server.
Fetching https://www.freeview.co.uk/api/program?sid=18&nid=64403&pid=crid://csi.digitaluk.co.uk/75c8244a-3406-434b-b153-c48565c8729b&start=2026-06-19T14:10:00+0000&duration=PT30M from server.
Fetching https://www.freeview.co.uk/api/program?sid=18&nid=64403&pid=crid://csi.digitaluk.co.uk/c590ebe0-988b-401f-800e-c0c87374dc71&start=2026-06-19T14:40:00+0000&duration=PT35M from server.
Fetching https://www.freeview.co.uk/api/program?sid=18&nid=64403&pid=crid://csi.digitaluk.co.uk/dfea4b7c-29ab-4f28-9a4c-607794fbe2b9&start=2026-06-19T15:15:00+0000&duration=PT35M from server.
Fetching https://www.freeview.co.uk/api/program?sid=18&nid=64403&pid=crid://csi.digitaluk.co.uk/92a71a30-b4bc-4eff-a99a-6549d5a25e52&start=2026-06-19T15:50:00+0000&duration=PT30M from server.
Fetching https://www.freeview.co.uk/api/program?sid=18&nid=64403&pid=crid://csi.digitaluk.co.uk/3b84a772-f179-4a66-8643-39014e6113a5&start=2026-06-19T16:20:00+0000&duration=PT30M from server.
Fetching https://www.freeview.co.uk/api/program?sid=18&nid=64403&pid=crid://csi.digitaluk.co.uk/821909e9-690e-4423-83ee-d6b65dd1a76d&start=2026-06-19T16:50:00+0000&duration=PT30M from server.
Fetching https://www.freeview.co.uk/api/program?sid=18&nid=64403&pid=crid://csi.digitaluk.co.uk/3a79b799-72c4-4034-a9ab-d92b84da8112&start=2026-06-19T17:20:00+0000&duration=PT30M from server.
Fetching https://www.freeview.co.uk/api/program?sid=18&nid=64403&pid=crid://csi.digitaluk.co.uk/ad85b037-062a-4a7a-be97-cadc83ade03b&start=2026-06-19T17:50:00+0000&duration=PT1H5M from server.
Fetching https://www.freeview.co.uk/api/program?sid=18&nid=64403&pid=crid://csi.digitaluk.co.uk/129fd0f4-57ef-411b-b15f-21a9a924eb58&start=2026-06-19T18:55:00+0000&duration=PT1H5M from server.
Fetching https://www.freeview.co.uk/api/program?sid=18&nid=64403&pid=crid://movida.bebanjo.net/mas/version/80080/010/ASDELIVERED/C&start=2026-06-19T20:00:00+0000&duration=PT2H from server.
Fetching https://www.freeview.co.uk/api/program?sid=18&nid=64403&pid=crid://csi.digitaluk.co.uk/61a0a4d7-ca17-4b11-a46e-bebdc12dfa4a&start=2026-06-19T22:00:00+0000&duration=PT1H5M from server.
Fetching https://www.freeview.co.uk/api/program?sid=18&nid=64403&pid=crid://csi.digitaluk.co.uk/8603fe73-87dc-4868-bf10-31b9aeb23dc8&start=2026-06-19T23:05:00+0000&duration=PT1H from server.
## Wanted 12992 
Fetching https://www.freeview.co.uk/api/program?sid=21&nid=64403&pid=crid://panorama.five.tv/versions/C5526240002A&start=2026-06-19T00:55:00+0000&duration=PT50M from server.
Fetching https://www.freeview.co.uk/api/program?sid=21&nid=64403&pid=crid://panorama.five.tv/versions/C5522740001A&start=2026-06-19T01:45:00+0000&duration=PT55M from server.
Fetching https://www.freeview.co.uk/api/program?sid=21&nid=64403&pid=crid://panorama.five.tv/versions/C5526200014A&start=2026-06-19T02:40:00+0000&duration=PT20M from server.
Fetching https://www.freeview.co.uk/api/program?sid=21&nid=64403&pid=crid://panorama.five.tv/versions/C5266540001A&start=2026-06-19T03:00:00+0000&duration=PT2H from server.
Fetching https://www.freeview.co.uk/api/program?sid=21&nid=64403&pid=crid://panorama.five.tv/versions/C5474060001A&start=2026-06-19T05:00:00+0000&duration=PT3H from server.
Fetching https://www.freeview.co.uk/api/program?sid=21&nid=64403&pid=crid://panorama.five.tv/versions/C5522700025A&start=2026-06-19T08:00:00+0000&duration=PT10M from server.
Fetching https://www.freeview.co.uk/api/program?sid=21&nid=64403&pid=crid://csi.digitaluk.co.uk/a5afcb33-331c-43d2-b453-0f2a8cbf8859&start=2026-06-19T08:10:00+0000&duration=PT25M from server.
Fetching https://www.freeview.co.uk/api/program?sid=21&nid=64403&pid=crid://csi.digitaluk.co.uk/37d23bc0-8934-4f87-8b32-a7e3343dd8c8&start=2026-06-19T08:35:00+0000&duration=PT25M from server.
Fetching https://www.freeview.co.uk/api/program?sid=21&nid=64403&pid=crid://csi.digitaluk.co.uk/730b0026-b033-4599-9695-2d84ea4e56c8&start=2026-06-19T09:00:00+0000&duration=PT1H from server.
Fetching https://www.freeview.co.uk/api/program?sid=21&nid=64403&pid=crid://csi.digitaluk.co.uk/2c62f4af-45c1-4f4f-a5df-f358fd061b4d&start=2026-06-19T10:00:00+0000&duration=PT1H from server.
Fetching https://www.freeview.co.uk/api/program?sid=21&nid=64403&pid=crid://csi.digitaluk.co.uk/d4faeef8-e5f9-4888-9256-d7fd74dd3d18&start=2026-06-19T11:00:00+0000&duration=PT55M from server.
Fetching https://www.freeview.co.uk/api/program?sid=21&nid=64403&pid=crid://panorama.five.tv/versions/C5522880025A&start=2026-06-19T11:55:00+0000&duration=PT5M from server.
Fetching https://www.freeview.co.uk/api/program?sid=21&nid=64403&pid=crid://csi.digitaluk.co.uk/0a71fd24-29a2-44cb-abf1-93b84c4e6c80&start=2026-06-19T12:00:00+0000&duration=PT1H from server.
Fetching https://www.freeview.co.uk/api/program?sid=21&nid=64403&pid=crid://csi.digitaluk.co.uk/0daf98e0-a8ec-4a14-b607-273e81489bf7&start=2026-06-19T13:00:00+0000&duration=PT1H from server.
Fetching https://www.freeview.co.uk/api/program?sid=21&nid=64403&pid=crid://csi.digitaluk.co.uk/863ec9f8-0070-4e58-9465-697adbc66299&start=2026-06-19T14:00:00+0000&duration=PT55M from server.
Fetching https://www.freeview.co.uk/api/program?sid=21&nid=64403&pid=crid://panorama.five.tv/versions/C5522880025A&start=2026-06-19T14:55:00+0000&duration=PT10M from server.
Fetching https://www.freeview.co.uk/api/program?sid=21&nid=64403&pid=crid://csi.digitaluk.co.uk/cd970816-bfb2-4af6-bde1-c8af63cb2f68&start=2026-06-19T15:05:00+0000&duration=PT1H from server.
Fetching https://www.freeview.co.uk/api/program?sid=21&nid=64403&pid=crid://csi.digitaluk.co.uk/ef1aa3f2-23ba-4485-be8b-66b08e4983d6&start=2026-06-19T16:05:00+0000&duration=PT55M from server.
Fetching https://www.freeview.co.uk/api/program?sid=21&nid=64403&pid=crid://csi.digitaluk.co.uk/f8d3692a-0774-4488-abbf-ca6aaa8b10ee&start=2026-06-19T17:00:00+0000&duration=PT1H from server.
Fetching https://www.freeview.co.uk/api/program?sid=21&nid=64403&pid=crid://csi.digitaluk.co.uk/630efb09-ac85-423b-9cac-d4fa94129b37&start=2026-06-19T18:00:00+0000&duration=PT1H from server.
Fetching https://www.freeview.co.uk/api/program?sid=21&nid=64403&pid=crid://csi.digitaluk.co.uk/ded822e3-bf00-4efb-8ee1-ba350761db1c&start=2026-06-19T19:00:00+0000&duration=PT1H from server.
Fetching https://www.freeview.co.uk/api/program?sid=21&nid=64403&pid=crid://panorama.five.tv/versions/C5533520006A&start=2026-06-19T20:00:00+0000&duration=PT1H from server.
Fetching https://www.freeview.co.uk/api/program?sid=21&nid=64403&pid=crid://panorama.five.tv/versions/C5533520008A&start=2026-06-19T21:00:00+0000&duration=PT1H from server.
Fetching https://www.freeview.co.uk/api/program?sid=21&nid=64403&pid=crid://csi.digitaluk.co.uk/196c8bd2-bbcf-4736-bb18-0f5585e177bb&start=2026-06-19T22:00:00+0000&duration=PT55M from server.
Fetching https://www.freeview.co.uk/api/program?sid=21&nid=64403&pid=crid://csi.digitaluk.co.uk/243f60ab-fc13-4cb5-b1e5-41b269b2019a&start=2026-06-19T22:55:00+0000&duration=PT1H from server.
Fetching https://www.freeview.co.uk/api/program?sid=21&nid=64403&pid=crid://csi.digitaluk.co.uk/dd968b84-d8db-4f20-aaff-c926a82c1ef8&start=2026-06-19T23:55:00+0000&duration=PT55M from server.
### Wanted 12928 
Fetching https://www.freeview.co.uk/api/program?sid=32&nid=64403&pid=crid://panorama.five.tv/versions/C5273700026A&start=2026-06-19T00:00:00+0000&duration=PT1H from server.
Fetching https://www.freeview.co.uk/api/program?sid=32&nid=64403&pid=crid://panorama.five.tv/versions/C5241900001F&start=2026-06-19T01:00:00+0000&duration=PT45M from server.
Fetching https://www.freeview.co.uk/api/program?sid=32&nid=64403&pid=crid://panorama.five.tv/versions/C5392360009A&start=2026-06-19T01:45:00+0000&duration=PT50M from server.
Fetching https://www.freeview.co.uk/api/program?sid=32&nid=64403&pid=crid://panorama.five.tv/versions/C5255280002A&start=2026-06-19T02:35:00+0000&duration=PT25M from server.
Fetching https://www.freeview.co.uk/api/program?sid=32&nid=64403&pid=crid://panorama.five.tv/versions/C5266540001A&start=2026-06-19T03:00:00+0000&duration=PT2H from server.
Fetching https://www.freeview.co.uk/api/program?sid=32&nid=64403&pid=crid://panorama.five.tv/versions/C5266540001A&start=2026-06-19T05:00:00+0000&duration=PT1H from server.
Fetching https://www.freeview.co.uk/api/program?sid=32&nid=64403&pid=crid://panorama.five.tv/versions/C5326820001A&start=2026-06-19T06:00:00+0000&duration=PT30M from server.
Fetching https://www.freeview.co.uk/api/program?sid=32&nid=64403&pid=crid://panorama.five.tv/versions/C5480340001A&start=2026-06-19T06:30:00+0000&duration=PT30M from server.
Fetching https://www.freeview.co.uk/api/program?sid=32&nid=64403&pid=crid://panorama.five.tv/versions/C5480950027B&start=2026-06-19T07:00:00+0000&duration=PT1H from server.
Fetching https://www.freeview.co.uk/api/program?sid=32&nid=64403&pid=crid://panorama.five.tv/versions/C5480950028A&start=2026-06-19T08:00:00+0000&duration=PT1H from server.
Fetching https://www.freeview.co.uk/api/program?sid=32&nid=64403&pid=crid://panorama.five.tv/versions/C5412320007E&start=2026-06-19T09:00:00+0000&duration=PT1H from server.
Fetching https://www.freeview.co.uk/api/program?sid=32&nid=64403&pid=crid://panorama.five.tv/versions/C5449000040C&start=2026-06-19T10:00:00+0000&duration=PT1H from server.
Fetching https://www.freeview.co.uk/api/program?sid=32&nid=64403&pid=crid://panorama.five.tv/versions/C5449000037C&start=2026-06-19T11:00:00+0000&duration=PT1H from server.
Fetching https://www.freeview.co.uk/api/program?sid=32&nid=64403&pid=crid://panorama.five.tv/versions/C5449000038C&start=2026-06-19T12:00:00+0000&duration=PT1H from server.
Fetching https://www.freeview.co.uk/api/program?sid=32&nid=64403&pid=crid://panorama.five.tv/versions/C5215620003D&start=2026-06-19T13:00:00+0000&duration=PT1H from server.
Fetching https://www.freeview.co.uk/api/program?sid=32&nid=64403&pid=crid://panorama.five.tv/versions/C5215620005D&start=2026-06-19T14:00:00+0000&duration=PT1H from server.
Fetching https://www.freeview.co.uk/api/program?sid=32&nid=64403&pid=crid://panorama.five.tv/versions/C5215620006E&start=2026-06-19T15:00:00+0000&duration=PT1H from server.
Fetching https://www.freeview.co.uk/api/program?sid=32&nid=64403&pid=crid://panorama.five.tv/versions/C5404060004G&start=2026-06-19T16:00:00+0000&duration=PT1H from server.
Fetching https://www.freeview.co.uk/api/program?sid=32&nid=64403&pid=crid://panorama.five.tv/versions/C5164553120A&start=2026-06-19T17:00:00+0000&duration=PT30M from server.
Fetching https://www.freeview.co.uk/api/program?sid=32&nid=64403&pid=crid://panorama.five.tv/versions/C5164553121A&start=2026-06-19T17:30:00+0000&duration=PT30M from server.
Fetching https://www.freeview.co.uk/api/program?sid=32&nid=64403&pid=crid://panorama.five.tv/versions/C5273700031A&start=2026-06-19T18:00:00+0000&duration=PT1H from server.
Fetching https://www.freeview.co.uk/api/program?sid=32&nid=64403&pid=crid://panorama.five.tv/versions/C5264890006B&start=2026-06-19T19:00:00+0000&duration=PT1H from server.
Fetching https://www.freeview.co.uk/api/program?sid=32&nid=64403&pid=crid://panorama.five.tv/versions/C5441580008A&start=2026-06-19T20:00:00+0000&duration=PT1H from server.
Fetching https://www.freeview.co.uk/api/program?sid=32&nid=64403&pid=crid://panorama.five.tv/versions/C5333690005B&start=2026-06-19T21:00:00+0000&duration=PT1H from server.
Fetching https://www.freeview.co.uk/api/program?sid=32&nid=64403&pid=crid://panorama.five.tv/versions/C5513380003A&start=2026-06-19T22:00:00+0000&duration=PT1H from server.
Fetching https://www.freeview.co.uk/api/program?sid=32&nid=64403&pid=crid://panorama.five.tv/versions/C5422480001A&start=2026-06-19T23:00:00+0000&duration=PT1H from server.
## Wanted 16112 
Fetching https://www.freeview.co.uk/api/program?sid=33&nid=64403&pid=crid://csi.digitaluk.co.uk/e4bf4355-2f2d-4018-9049-8f1663eb87e5&start=2026-06-19T00:00:00+0000&duration=PT1H from server.
Fetching https://www.freeview.co.uk/api/program?sid=33&nid=64403&pid=crid://csi.digitaluk.co.uk/913002af-402c-4b9c-9609-e67e32e7b385&start=2026-06-19T01:00:00+0000&duration=PT1H from server.
Fetching https://www.freeview.co.uk/api/program?sid=33&nid=64403&pid=crid://csi.digitaluk.co.uk/51fb03d6-dfa1-4c8c-bf81-acc9ae580382&start=2026-06-19T02:00:00+0000&duration=PT55M from server.
Fetching https://www.freeview.co.uk/api/program?sid=33&nid=64403&pid=crid://panorama.five.tv/versions/C5522880025A&start=2026-06-19T02:55:00+0000&duration=PT5M from server.
Fetching https://www.freeview.co.uk/api/program?sid=33&nid=64403&pid=crid://panorama.five.tv/versions/C5340000001A&start=2026-06-19T03:00:00+0000&duration=PT2H from server.
Fetching https://www.freeview.co.uk/api/program?sid=33&nid=64403&pid=crid://panorama.five.tv/versions/C5266540001A&start=2026-06-19T05:00:00+0000&duration=PT1H from server.
Fetching https://www.freeview.co.uk/api/program?sid=33&nid=64403&pid=crid://panorama.five.tv/versions/C5533960001A&start=2026-06-19T06:00:00+0000&duration=PT30M from server.
Fetching https://www.freeview.co.uk/api/program?sid=33&nid=64403&pid=crid://panorama.five.tv/versions/C5480340001A&start=2026-06-19T06:30:00+0000&duration=PT30M from server.
Fetching https://www.freeview.co.uk/api/program?sid=33&nid=64403&pid=crid://panorama.five.tv/versions/C5349600001A&start=2026-06-19T07:00:00+0000&duration=PT1H from server.
Fetching https://www.freeview.co.uk/api/program?sid=33&nid=64403&pid=crid://csi.digitaluk.co.uk/f494d98e-ec9b-45c9-96f9-7dd611216569&start=2026-06-19T08:00:00+0000&duration=PT1H from server.
Fetching https://www.freeview.co.uk/api/program?sid=33&nid=64403&pid=crid://csi.digitaluk.co.uk/dfe0175c-8c2c-4291-a060-ab3aefdaddf1&start=2026-06-19T09:00:00+0000&duration=PT1H from server.
Fetching https://www.freeview.co.uk/api/program?sid=33&nid=64403&pid=crid://csi.digitaluk.co.uk/af16e8e9-4de3-4838-aafc-cff43c0cc739&start=2026-06-19T10:00:00+0000&duration=PT1H5M from server.
Fetching https://www.freeview.co.uk/api/program?sid=33&nid=64403&pid=crid://csi.digitaluk.co.uk/f98f574e-e1eb-483d-8b9a-7fb0fe83841a&start=2026-06-19T11:05:00+0000&duration=PT5M from server.
Fetching https://www.freeview.co.uk/api/program?sid=33&nid=64403&pid=crid://csi.digitaluk.co.uk/e695bcce-a283-4a9c-82bd-b4ac0bb93e25&start=2026-06-19T11:10:00+0000&duration=PT1H5M from server.
Fetching https://www.freeview.co.uk/api/program?sid=33&nid=64403&pid=crid://panorama.five.tv/versions/C5149530001E&start=2026-06-19T12:15:00+0000&duration=PT1H5M from server.
Fetching https://www.freeview.co.uk/api/program?sid=33&nid=64403&pid=crid://csi.digitaluk.co.uk/a5ed9ee4-6535-4297-ba0d-8adcee0c1be9&start=2026-06-19T13:20:00+0000&duration=PT5M from server.
Fetching https://www.freeview.co.uk/api/program?sid=33&nid=64403&pid=crid://panorama.five.tv/versions/C5149530001E&start=2026-06-19T13:25:00+0000&duration=PT1H35M from server.
Fetching https://www.freeview.co.uk/api/program?sid=33&nid=64403&pid=crid://csi.digitaluk.co.uk/1cd372db-0972-460a-87b0-294c8d55c2f9&start=2026-06-19T15:00:00+0000&duration=PT1H from server.
Fetching https://www.freeview.co.uk/api/program?sid=33&nid=64403&pid=crid://panorama.five.tv/versions/C5323660005C&start=2026-06-19T16:00:00+0000&duration=PT1H from server.
Fetching https://www.freeview.co.uk/api/program?sid=33&nid=64403&pid=crid://csi.digitaluk.co.uk/a37b523c-f8ba-4912-bd62-ad76e719e10f&start=2026-06-19T17:00:00+0000&duration=PT1H from server.
Fetching https://www.freeview.co.uk/api/program?sid=33&nid=64403&pid=crid://csi.digitaluk.co.uk/46dfccc5-39d1-4078-b380-d8619159e2dd&start=2026-06-19T18:00:00+0000&duration=PT1H from server.
Fetching https://www.freeview.co.uk/api/program?sid=33&nid=64403&pid=crid://csi.digitaluk.co.uk/c723085e-11d2-48c3-ae34-d134a7fab07d&start=2026-06-19T19:00:00+0000&duration=PT1H from server.
Fetching https://www.freeview.co.uk/api/program?sid=33&nid=64403&pid=crid://csi.digitaluk.co.uk/daefd95a-0bd3-4c16-a6c3-10efdcf0d9f1&start=2026-06-19T20:00:00+0000&duration=PT1H from server.
Fetching https://www.freeview.co.uk/api/program?sid=33&nid=64403&pid=crid://csi.digitaluk.co.uk/b46246c9-c1ad-4f02-acf2-67c6e669732e&start=2026-06-19T21:00:00+0000&duration=PT30M from server.
Fetching https://www.freeview.co.uk/api/program?sid=33&nid=64403&pid=crid://csi.digitaluk.co.uk/85b5422e-7104-4c33-8bf6-5f3efb33a15d&start=2026-06-19T21:30:00+0000&duration=PT30M from server.
Fetching https://www.freeview.co.uk/api/program?sid=33&nid=64403&pid=crid://panorama.five.tv/versions/C5209270002A&start=2026-06-19T22:00:00+0000&duration=PT1H from server.
Fetching https://www.freeview.co.uk/api/program?sid=33&nid=64403&pid=crid://panorama.five.tv/versions/C5439620002A&start=2026-06-19T23:00:00+0000&duration=PT1H from server.
### Wanted 8373 
Fetching https://www.freeview.co.uk/api/program?sid=35&nid=64403&pid=crid://csi.digitaluk.co.uk/f298b81f-e90c-4b6f-8df4-45de29843459&start=2026-06-19T01:35:00+0000&duration=PT55M from server.
Fetching https://www.freeview.co.uk/api/program?sid=35&nid=64403&pid=crid://csi.digitaluk.co.uk/0bfe63a2-dfd5-4090-b117-c20d6f4dc482&start=2026-06-19T02:30:00+0000&duration=PT50M from server.
Fetching https://www.freeview.co.uk/api/program?sid=35&nid=64403&pid=crid://csi.digitaluk.co.uk/7acd5b6e-995b-433a-8390-c33e62535d12&start=2026-06-19T03:20:00+0000&duration=PT25M from server.
Fetching https://www.freeview.co.uk/api/program?sid=35&nid=64403&pid=crid://csi.digitaluk.co.uk/dddb7880-3a11-4829-95cc-1e1bae7e99dd&start=2026-06-19T03:45:00+0000&duration=PT1H15M from server.
Fetching https://www.freeview.co.uk/api/program?sid=35&nid=64403&pid=crid://csi.digitaluk.co.uk/3d91bdeb-635d-47ae-97ef-94e51a09bb1c&start=2026-06-19T05:00:00+0000&duration=PT30M from server.
Fetching https://www.freeview.co.uk/api/program?sid=35&nid=64403&pid=crid://csi.digitaluk.co.uk/67efde3d-6ec6-4e60-9409-167904c8dc08&start=2026-06-19T05:30:00+0000&duration=PT30M from server.
Fetching https://www.freeview.co.uk/api/program?sid=35&nid=64403&pid=crid://csi.digitaluk.co.uk/059f1e8e-2991-4053-a94f-919390232ea9&start=2026-06-19T06:00:00+0000&duration=PT3H30M from server.
Fetching https://www.freeview.co.uk/api/program?sid=35&nid=64403&pid=crid://csi.digitaluk.co.uk/39596ab1-c29d-49fa-a114-b675fd484161&start=2026-06-19T09:30:00+0000&duration=PT30M from server.
Fetching https://www.freeview.co.uk/api/program?sid=35&nid=64403&pid=crid://csi.digitaluk.co.uk/ea5a5839-9ba7-40db-9948-54386a7d50c5&start=2026-06-19T10:00:00+0000&duration=PT2H55M from server.
Fetching https://www.freeview.co.uk/api/program?sid=35&nid=64403&pid=crid://csi.digitaluk.co.uk/4be29fbc-8ca5-41ed-8532-fbb0c527da86&start=2026-06-19T12:55:00+0000&duration=PT25M from server.
Fetching https://www.freeview.co.uk/api/program?sid=35&nid=64403&pid=crid://csi.digitaluk.co.uk/7827d31a-e4c7-4e05-b328-174ad3169e85&start=2026-06-19T13:20:00+0000&duration=PT10M from server.
Fetching https://www.freeview.co.uk/api/program?sid=35&nid=64403&pid=crid://csi.digitaluk.co.uk/4cda5b92-e30a-4218-9633-b40c0544938f&start=2026-06-19T13:30:00+0000&duration=PT4H30M from server.
Fetching https://www.freeview.co.uk/api/program?sid=35&nid=64403&pid=crid://csi.digitaluk.co.uk/8417dbf9-5ef3-4199-a097-b74b68172034&start=2026-06-19T18:00:00+0000&duration=PT30M from server.
Fetching https://www.freeview.co.uk/api/program?sid=35&nid=64403&pid=crid://csi.digitaluk.co.uk/c89fde11-6150-46bc-bc14-5f0ae6575ae1&start=2026-06-19T18:30:00+0000&duration=PT1H from server.
Fetching https://www.freeview.co.uk/api/program?sid=35&nid=64403&pid=crid://csi.digitaluk.co.uk/39c057ee-3091-441d-85e5-256d5452e1fa&start=2026-06-19T19:30:00+0000&duration=PT30M from server.
Fetching https://www.freeview.co.uk/api/program?sid=35&nid=64403&pid=crid://www.stv.tv/programInformation/231765&start=2026-06-19T20:00:00+0000&duration=PT30M from server.
Fetching https://www.freeview.co.uk/api/program?sid=35&nid=64403&pid=crid://www.stv.tv/programInformation/231788&start=2026-06-19T20:30:00+0000&duration=PT30M from server.
Fetching https://www.freeview.co.uk/api/program?sid=35&nid=64403&pid=crid://csi.digitaluk.co.uk/fc8823c7-7101-41ea-9787-d40ffd33eed5&start=2026-06-19T21:00:00+0000&duration=PT1H from server.
Fetching https://www.freeview.co.uk/api/program?sid=35&nid=64403&pid=crid://csi.digitaluk.co.uk/09e2de2d-49c9-4df2-b54b-d431f674abc3&start=2026-06-19T22:00:00+0000&duration=PT3H15M from server.
## Wanted 27680 
Fetching https://www.freeview.co.uk/api/program?sid=39&nid=64403&pid=crid://csi.digitaluk.co.uk/bca1d447-de82-4b0f-9c23-bfe1ca13d82d&start=2026-06-19T00:00:00+0000&duration=PT1H from server.
Fetching https://www.freeview.co.uk/api/program?sid=39&nid=64403&pid=crid://csi.digitaluk.co.uk/93d776d5-7b94-46aa-bb84-9bf91cb7fed4&start=2026-06-19T01:00:00+0000&duration=PT30M from server.
Fetching https://www.freeview.co.uk/api/program?sid=39&nid=64403&pid=crid://csi.digitaluk.co.uk/a9ada5c4-c7b0-483f-ae0a-6def0959e65d&start=2026-06-19T01:30:00+0000&duration=PT30M from server.
Fetching https://www.freeview.co.uk/api/program?sid=39&nid=64403&pid=crid://csi.digitaluk.co.uk/5855d152-e1ec-427c-a8f5-4824506c66fa&start=2026-06-19T02:00:00+0000&duration=PT30M from server.
Fetching https://www.freeview.co.uk/api/program?sid=39&nid=64403&pid=crid://csi.digitaluk.co.uk/3ee0c4a1-cefc-4ba4-a77c-c8986b88360d&start=2026-06-19T02:30:00+0000&duration=PT30M from server.
Fetching https://www.freeview.co.uk/api/program?sid=39&nid=64403&pid=crid://csi.digitaluk.co.uk/d00c4b2e-371e-4666-bded-d73572b6a20f&start=2026-06-19T03:00:00+0000&duration=PT30M from server.
Fetching https://www.freeview.co.uk/api/program?sid=39&nid=64403&pid=crid://csi.digitaluk.co.uk/329cb0df-4b27-4af5-b13a-b170fbd78840&start=2026-06-19T03:30:00+0000&duration=PT30M from server.
Fetching https://www.freeview.co.uk/api/program?sid=39&nid=64403&pid=crid://csi.digitaluk.co.uk/11a39c7c-8cc3-40fd-8eb1-6ddc8fe6d16a&start=2026-06-19T04:00:00+0000&duration=PT30M from server.
Fetching https://www.freeview.co.uk/api/program?sid=39&nid=64403&pid=crid://csi.digitaluk.co.uk/5f4b80e8-9f3c-40bc-9bf2-57418451d8ea&start=2026-06-19T04:30:00+0000&duration=PT30M from server.
Fetching https://www.freeview.co.uk/api/program?sid=39&nid=64403&pid=crid://csi.digitaluk.co.uk/829beb0f-d614-4c95-96ac-44bf87fb39e0&start=2026-06-19T05:00:00+0000&duration=PT1H from server.
Fetching https://www.freeview.co.uk/api/program?sid=39&nid=64403&pid=crid://csi.digitaluk.co.uk/185f3749-bf12-45cc-bfad-de04b39fbe52&start=2026-06-19T06:00:00+0000&duration=PT1H from server.
Fetching https://www.freeview.co.uk/api/program?sid=39&nid=64403&pid=crid://csi.digitaluk.co.uk/78bde339-cb59-4e12-8e1e-86db21a3d34d&start=2026-06-19T07:00:00+0000&duration=PT1H from server.
Fetching https://www.freeview.co.uk/api/program?sid=39&nid=64403&pid=crid://csi.digitaluk.co.uk/d45100b4-84ae-41bd-bbef-aaae3b9cdf4a&start=2026-06-19T08:00:00+0000&duration=PT1H from server.
Fetching https://www.freeview.co.uk/api/program?sid=39&nid=64403&pid=crid://csi.digitaluk.co.uk/4068b60e-6537-4038-91e4-cba107df0000&start=2026-06-19T09:00:00+0000&duration=PT1H from server.
Fetching https://www.freeview.co.uk/api/program?sid=39&nid=64403&pid=crid://csi.digitaluk.co.uk/5e3e4435-0ed6-4dd4-bc58-f41394283710&start=2026-06-19T10:00:00+0000&duration=PT1H from server.
Fetching https://www.freeview.co.uk/api/program?sid=39&nid=64403&pid=crid://csi.digitaluk.co.uk/baf8ed5c-45a6-4ec2-8804-59850b758bc5&start=2026-06-19T11:00:00+0000&duration=PT1H from server.
Fetching https://www.freeview.co.uk/api/program?sid=39&nid=64403&pid=crid://csi.digitaluk.co.uk/1110652e-b1d7-4792-87cd-99aee65221ae&start=2026-06-19T12:00:00+0000&duration=PT1H from server.
Fetching https://www.freeview.co.uk/api/program?sid=39&nid=64403&pid=crid://csi.digitaluk.co.uk/6d4d8b18-3a20-4967-a8da-6b100d434bc8&start=2026-06-19T13:00:00+0000&duration=PT1H from server.
Fetching https://www.freeview.co.uk/api/program?sid=39&nid=64403&pid=crid://csi.digitaluk.co.uk/300db171-a035-4542-8f9d-4a54ab54ce1d&start=2026-06-19T14:00:00+0000&duration=PT1H from server.
Fetching https://www.freeview.co.uk/api/program?sid=39&nid=64403&pid=crid://csi.digitaluk.co.uk/257d1a36-35b3-4530-b3c7-f747e7cf4137&start=2026-06-19T15:00:00+0000&duration=PT1H from server.
Fetching https://www.freeview.co.uk/api/program?sid=39&nid=64403&pid=crid://csi.digitaluk.co.uk/1a87a11a-b028-44fc-b0fc-4bcd4ea0ed85&start=2026-06-19T16:00:00+0000&duration=PT1H from server.
Fetching https://www.freeview.co.uk/api/program?sid=39&nid=64403&pid=crid://csi.digitaluk.co.uk/29b07073-7938-4b7d-991a-5ee0fabb20aa&start=2026-06-19T17:00:00+0000&duration=PT1H from server.
Fetching https://www.freeview.co.uk/api/program?sid=39&nid=64403&pid=crid://csi.digitaluk.co.uk/17d4e4a5-c25d-4327-914e-5a10e72cbd8f&start=2026-06-19T18:00:00+0000&duration=PT1H from server.
Fetching https://www.freeview.co.uk/api/program?sid=39&nid=64403&pid=crid://csi.digitaluk.co.uk/634bad1d-801a-4d94-a869-f93848e3ae60&start=2026-06-19T19:00:00+0000&duration=PT1H from server.
Fetching https://www.freeview.co.uk/api/program?sid=39&nid=64403&pid=crid://csi.digitaluk.co.uk/4fe92652-bf01-4787-be92-f419d7b7bdf1&start=2026-06-19T20:00:00+0000&duration=PT1H from server.
Fetching https://www.freeview.co.uk/api/program?sid=39&nid=64403&pid=crid://csi.digitaluk.co.uk/2739e832-50e6-4935-bf4d-42354fe88a75&start=2026-06-19T21:00:00+0000&duration=PT1H from server.
Fetching https://www.freeview.co.uk/api/program?sid=39&nid=64403&pid=crid://csi.digitaluk.co.uk/bff5fc68-dd41-4f55-9c67-deba13b30439&start=2026-06-19T22:00:00+0000&duration=PT1H from server.
Fetching https://www.freeview.co.uk/api/program?sid=39&nid=64403&pid=crid://csi.digitaluk.co.uk/ba06db83-ae7c-4814-adea-e79118e13699&start=2026-06-19T23:00:00+0000&duration=PT1H from server.
### Wanted 23744 
Fetching https://www.freeview.co.uk/api/program?sid=40&nid=64403&pid=crid://csi.digitaluk.co.uk/20ef222b-3a93-48a0-8d10-4651dd059e24&start=2026-06-19T00:00:00+0000&duration=PT1H from server.
Fetching https://www.freeview.co.uk/api/program?sid=40&nid=64403&pid=crid://csi.digitaluk.co.uk/a7e06476-07d3-446c-87c7-e18bf27b87e7&start=2026-06-19T01:00:00+0000&duration=PT1H from server.
Fetching https://www.freeview.co.uk/api/program?sid=40&nid=64403&pid=crid://csi.digitaluk.co.uk/3c76c1e4-69bd-447e-89a6-036970baf9c2&start=2026-06-19T02:00:00+0000&duration=PT1H from server.
Fetching https://www.freeview.co.uk/api/program?sid=40&nid=64403&pid=crid://csi.digitaluk.co.uk/43334e62-5653-4792-9448-593d111b12fc&start=2026-06-19T03:00:00+0000&duration=PT30M from server.
Fetching https://www.freeview.co.uk/api/program?sid=40&nid=64403&pid=crid://csi.digitaluk.co.uk/929cca28-211c-4cb3-9be4-96f493ec3474&start=2026-06-19T03:30:00+0000&duration=PT30M from server.
Fetching https://www.freeview.co.uk/api/program?sid=40&nid=64403&pid=crid://csi.digitaluk.co.uk/10b215e4-1bae-4adb-bb23-413cf760ab2b&start=2026-06-19T04:00:00+0000&duration=PT30M from server.
Fetching https://www.freeview.co.uk/api/program?sid=40&nid=64403&pid=crid://csi.digitaluk.co.uk/92dff657-45ec-4c52-8735-e7d3875c1378&start=2026-06-19T04:30:00+0000&duration=PT30M from server.
Fetching https://www.freeview.co.uk/api/program?sid=40&nid=64403&pid=crid://csi.digitaluk.co.uk/7d2b8c52-28da-48ce-b1b8-5f7972d9464a&start=2026-06-19T05:00:00+0000&duration=PT1H from server.
Fetching https://www.freeview.co.uk/api/program?sid=40&nid=64403&pid=crid://csi.digitaluk.co.uk/4b3db1a6-a9cd-4f22-bbd6-077f560bffd3&start=2026-06-19T06:00:00+0000&duration=PT30M from server.
Fetching https://www.freeview.co.uk/api/program?sid=40&nid=64403&pid=crid://csi.digitaluk.co.uk/9bcc08f8-c3b0-4b31-8c30-2432cde1291f&start=2026-06-19T06:30:00+0000&duration=PT30M from server.
Fetching https://www.freeview.co.uk/api/program?sid=40&nid=64403&pid=crid://csi.digitaluk.co.uk/bdad073f-794e-4f57-ae9a-2e298036794e&start=2026-06-19T07:00:00+0000&duration=PT1H from server.
Fetching https://www.freeview.co.uk/api/program?sid=40&nid=64403&pid=crid://csi.digitaluk.co.uk/0a0b5f9c-3cd7-4cf2-ae8d-bed24d44fc41&start=2026-06-19T08:00:00+0000&duration=PT1H from server.
Fetching https://www.freeview.co.uk/api/program?sid=40&nid=64403&pid=crid://csi.digitaluk.co.uk/aa359acd-dfe5-425f-b15c-f4a8cb1adb94&start=2026-06-19T09:00:00+0000&duration=PT1H from server.
Fetching https://www.freeview.co.uk/api/program?sid=40&nid=64403&pid=crid://csi.digitaluk.co.uk/01963254-c004-4f26-87c0-fc7dd14ae0e6&start=2026-06-19T10:00:00+0000&duration=PT1H from server.
Fetching https://www.freeview.co.uk/api/program?sid=40&nid=64403&pid=crid://csi.digitaluk.co.uk/f7c60bf8-5589-4d4a-93c3-4f6595746063&start=2026-06-19T11:00:00+0000&duration=PT1H from server.
Fetching https://www.freeview.co.uk/api/program?sid=40&nid=64403&pid=crid://csi.digitaluk.co.uk/8b0c9dbb-32e1-4f77-8d91-a55c7d0dee23&start=2026-06-19T12:00:00+0000&duration=PT1H from server.
Fetching https://www.freeview.co.uk/api/program?sid=40&nid=64403&pid=crid://csi.digitaluk.co.uk/e62755d8-9168-4a9f-a7d0-b9639a0acaf0&start=2026-06-19T13:00:00+0000&duration=PT1H from server.
Fetching https://www.freeview.co.uk/api/program?sid=40&nid=64403&pid=crid://csi.digitaluk.co.uk/6296b0db-02c7-4977-bc70-723763b6f8de&start=2026-06-19T14:00:00+0000&duration=PT1H from server.
Fetching https://www.freeview.co.uk/api/program?sid=40&nid=64403&pid=crid://csi.digitaluk.co.uk/eee29f4c-fecd-43f4-aa80-76ce8ccb5154&start=2026-06-19T15:00:00+0000&duration=PT1H from server.
Fetching https://www.freeview.co.uk/api/program?sid=40&nid=64403&pid=crid://csi.digitaluk.co.uk/6905583c-6b7b-45fa-9e38-6478231512d0&start=2026-06-19T16:00:00+0000&duration=PT1H from server.
Fetching https://www.freeview.co.uk/api/program?sid=40&nid=64403&pid=crid://csi.digitaluk.co.uk/8ee3fd75-9283-40dd-9dc6-e3094fe56a1b&start=2026-06-19T17:00:00+0000&duration=PT1H from server.
Fetching https://www.freeview.co.uk/api/program?sid=40&nid=64403&pid=crid://csi.digitaluk.co.uk/6580fa7a-40ba-44b7-8775-2b7609d47797&start=2026-06-19T18:00:00+0000&duration=PT1H from server.
Fetching https://www.freeview.co.uk/api/program?sid=40&nid=64403&pid=crid://csi.digitaluk.co.uk/cb91f588-d4c2-4b3e-9621-d8bee909bba7&start=2026-06-19T19:00:00+0000&duration=PT1H from server.
Fetching https://www.freeview.co.uk/api/program?sid=40&nid=64403&pid=crid://csi.digitaluk.co.uk/c21362e8-d1e2-4194-9e9d-fa1ab6e38856&start=2026-06-19T20:00:00+0000&duration=PT1H from server.
Fetching https://www.freeview.co.uk/api/program?sid=40&nid=64403&pid=crid://csi.digitaluk.co.uk/e3c56e47-8682-4b1c-be7e-5f54db829f96&start=2026-06-19T21:00:00+0000&duration=PT1H from server.
Fetching https://www.freeview.co.uk/api/program?sid=40&nid=64403&pid=crid://csi.digitaluk.co.uk/be9836e6-5a49-4541-9993-ebe038fdf003&start=2026-06-19T22:00:00+0000&duration=PT1H from server.
Fetching https://www.freeview.co.uk/api/program?sid=40&nid=64403&pid=crid://csi.digitaluk.co.uk/d1432464-55f6-4f28-8a34-634faaa58e70&start=2026-06-19T23:00:00+0000&duration=PT1H from server.
## Wanted 23040 
Fetching https://www.freeview.co.uk/api/program?sid=43&nid=64403&pid=crid://csi.digitaluk.co.uk/6f821e03-8257-4421-ad07-695b361f70cb&start=2026-06-19T00:00:00+0000&duration=PT30M from server.
Fetching https://www.freeview.co.uk/api/program?sid=43&nid=64403&pid=crid://csi.digitaluk.co.uk/fbd0028e-2c87-4bce-86d3-6d95f81f203c&start=2026-06-19T00:30:00+0000&duration=PT30M from server.
Fetching https://www.freeview.co.uk/api/program?sid=43&nid=64403&pid=crid://csi.digitaluk.co.uk/72660d25-9bd6-4795-b084-4326e4c4cdb6&start=2026-06-19T01:00:00+0000&duration=PT30M from server.
Fetching https://www.freeview.co.uk/api/program?sid=43&nid=64403&pid=crid://csi.digitaluk.co.uk/d6b2bf80-7bf6-4e6f-abeb-ebb0e52b0474&start=2026-06-19T01:30:00+0000&duration=PT30M from server.
Fetching https://www.freeview.co.uk/api/program?sid=43&nid=64403&pid=crid://csi.digitaluk.co.uk/bc6d216a-5dab-42b8-b6a4-60c417eb2ce1&start=2026-06-19T02:00:00+0000&duration=PT30M from server.
Fetching https://www.freeview.co.uk/api/program?sid=43&nid=64403&pid=crid://csi.digitaluk.co.uk/5cb80d33-0e81-48f1-8bc0-63a06814fe91&start=2026-06-19T02:30:00+0000&duration=PT30M from server.
Fetching https://www.freeview.co.uk/api/program?sid=43&nid=64403&pid=crid://csi.digitaluk.co.uk/e8299f25-98be-4659-9550-6f8e12cae6af&start=2026-06-19T03:00:00+0000&duration=PT30M from server.
Fetching https://www.freeview.co.uk/api/program?sid=43&nid=64403&pid=crid://csi.digitaluk.co.uk/b98a4104-bba8-425b-adae-071096cf2588&start=2026-06-19T03:30:00+0000&duration=PT30M from server.
Fetching https://www.freeview.co.uk/api/program?sid=43&nid=64403&pid=crid://csi.digitaluk.co.uk/960fca9b-da5f-4459-8527-32f477aae2db&start=2026-06-19T04:00:00+0000&duration=PT30M from server.
Fetching https://www.freeview.co.uk/api/program?sid=43&nid=64403&pid=crid://csi.digitaluk.co.uk/7aedf7f1-0225-405e-880a-00d273581a54&start=2026-06-19T04:30:00+0000&duration=PT30M from server.
Fetching https://www.freeview.co.uk/api/program?sid=43&nid=64403&pid=crid://csi.digitaluk.co.uk/24f65d46-13df-4638-a093-64e2ea2442a8&start=2026-06-19T05:00:00+0000&duration=PT1H from server.
Fetching https://www.freeview.co.uk/api/program?sid=43&nid=64403&pid=crid://csi.digitaluk.co.uk/5d304631-4fe1-4273-aef1-18ea7f2ef599&start=2026-06-19T06:00:00+0000&duration=PT1H from server.
Fetching https://www.freeview.co.uk/api/program?sid=43&nid=64403&pid=crid://csi.digitaluk.co.uk/eaa0a7bb-0bb9-49bc-b745-eabe81e04872&start=2026-06-19T07:00:00+0000&duration=PT30M from server.
Fetching https://www.freeview.co.uk/api/program?sid=43&nid=64403&pid=crid://csi.digitaluk.co.uk/eaa68c2c-0692-49db-a625-6bb7d33880c9&start=2026-06-19T07:30:00+0000&duration=PT30M from server.
Fetching https://www.freeview.co.uk/api/program?sid=43&nid=64403&pid=crid://csi.digitaluk.co.uk/776cadc7-0e07-45b6-8bdf-6092bdbf7d7c&start=2026-06-19T08:00:00+0000&duration=PT30M from server.
Fetching https://www.freeview.co.uk/api/program?sid=43&nid=64403&pid=crid://csi.digitaluk.co.uk/b316a8ea-2e16-4a41-9637-912733e6012a&start=2026-06-19T08:30:00+0000&duration=PT30M from server.
Fetching https://www.freeview.co.uk/api/program?sid=43&nid=64403&pid=crid://csi.digitaluk.co.uk/c3b0596e-489d-436f-8171-d84caf34e06b&start=2026-06-19T09:00:00+0000&duration=PT30M from server.
Fetching https://www.freeview.co.uk/api/program?sid=43&nid=64403&pid=crid://csi.digitaluk.co.uk/cb29eb4a-6f4e-4cb7-a5ce-4958ba93366e&start=2026-06-19T09:30:00+0000&duration=PT30M from server.
Fetching https://www.freeview.co.uk/api/program?sid=43&nid=64403&pid=crid://csi.digitaluk.co.uk/2e4df27a-20ba-445e-870e-90d7afda4c32&start=2026-06-19T10:00:00+0000&duration=PT1H30M from server.
Fetching https://www.freeview.co.uk/api/program?sid=43&nid=64403&pid=crid://csi.digitaluk.co.uk/95a3b1bf-7d49-4441-b1ad-926c2bfbb8d6&start=2026-06-19T11:30:00+0000&duration=PT30M from server.
Fetching https://www.freeview.co.uk/api/program?sid=43&nid=64403&pid=crid://csi.digitaluk.co.uk/cb1c5e35-db8b-445a-82b1-287a6db98109&start=2026-06-19T12:00:00+0000&duration=PT1H from server.
Fetching https://www.freeview.co.uk/api/program?sid=43&nid=64403&pid=crid://csi.digitaluk.co.uk/442bc0fc-75cb-43ad-95fd-d57a42c0ab4b&start=2026-06-19T13:00:00+0000&duration=PT1H from server.
Fetching https://www.freeview.co.uk/api/program?sid=43&nid=64403&pid=crid://csi.digitaluk.co.uk/3d5a2e84-0ebd-4d88-b868-d13383216636&start=2026-06-19T14:00:00+0000&duration=PT1H from server.
Fetching https://www.freeview.co.uk/api/program?sid=43&nid=64403&pid=crid://csi.digitaluk.co.uk/55f9ea64-9474-4e77-a132-080d7b8bdebb&start=2026-06-19T15:00:00+0000&duration=PT30M from server.
Fetching https://www.freeview.co.uk/api/program?sid=43&nid=64403&pid=crid://csi.digitaluk.co.uk/e0cfb967-468f-4a0a-9db3-31896db0b6b2&start=2026-06-19T15:30:00+0000&duration=PT30M from server.
Fetching https://www.freeview.co.uk/api/program?sid=43&nid=64403&pid=crid://csi.digitaluk.co.uk/4df4411a-0b05-45fd-95df-a71655fb1395&start=2026-06-19T16:00:00+0000&duration=PT30M from server.
Fetching https://www.freeview.co.uk/api/program?sid=43&nid=64403&pid=crid://csi.digitaluk.co.uk/1da1313a-75fc-4df7-8af0-d88dcb594a24&start=2026-06-19T16:30:00+0000&duration=PT30M from server.
Fetching https://www.freeview.co.uk/api/program?sid=43&nid=64403&pid=crid://csi.digitaluk.co.uk/7892c225-ce07-4fd5-a58d-491c4b0de91c&start=2026-06-19T17:00:00+0000&duration=PT30M from server.
Fetching https://www.freeview.co.uk/api/program?sid=43&nid=64403&pid=crid://csi.digitaluk.co.uk/57a4f1d3-dec4-411d-bff4-82afbba212e6&start=2026-06-19T17:30:00+0000&duration=PT30M from server.
Fetching https://www.freeview.co.uk/api/program?sid=43&nid=64403&pid=crid://csi.digitaluk.co.uk/6c24100d-c234-4ecf-8cea-8fd980e45bec&start=2026-06-19T18:00:00+0000&duration=PT1H30M from server.
Fetching https://www.freeview.co.uk/api/program?sid=43&nid=64403&pid=crid://csi.digitaluk.co.uk/b03ef62d-0064-4010-9a54-76a863a64c8b&start=2026-06-19T19:30:00+0000&duration=PT30M from server.
Fetching https://www.freeview.co.uk/api/program?sid=43&nid=64403&pid=crid://csi.digitaluk.co.uk/bd2a0789-8d46-47d3-821b-ade7f941b3a8&start=2026-06-19T20:00:00+0000&duration=PT1H from server.
Fetching https://www.freeview.co.uk/api/program?sid=43&nid=64403&pid=crid://csi.digitaluk.co.uk/10af555b-8a24-411e-952f-0f6499b03d69&start=2026-06-19T21:00:00+0000&duration=PT30M from server.
Fetching https://www.freeview.co.uk/api/program?sid=43&nid=64403&pid=crid://csi.digitaluk.co.uk/2d86f5e0-33ba-4f39-9514-79a596dda004&start=2026-06-19T21:30:00+0000&duration=PT30M from server.
Fetching https://www.freeview.co.uk/api/program?sid=43&nid=64403&pid=crid://csi.digitaluk.co.uk/cd79b14b-999d-4609-bd87-d11aaa53f006&start=2026-06-19T22:00:00+0000&duration=PT30M from server.
Fetching https://www.freeview.co.uk/api/program?sid=43&nid=64403&pid=crid://csi.digitaluk.co.uk/baed290b-e108-4b02-92bb-244ab87c8f60&start=2026-06-19T22:30:00+0000&duration=PT30M from server.
Fetching https://www.freeview.co.uk/api/program?sid=43&nid=64403&pid=crid://csi.digitaluk.co.uk/e58de5a1-3810-4321-8eb0-ce4b75b2d842&start=2026-06-19T23:00:00+0000&duration=PT30M from server.
Fetching https://www.freeview.co.uk/api/program?sid=43&nid=64403&pid=crid://csi.digitaluk.co.uk/519c05ba-6095-4c2b-95e8-029733045c06&start=2026-06-19T23:30:00+0000&duration=PT30M from server.
### Wanted 23712 
Fetching https://www.freeview.co.uk/api/program?sid=44&nid=64403&pid=crid://csi.digitaluk.co.uk/73cba62d-cfe4-4dfa-8b22-d4318c4f2394&start=2026-06-19T00:00:00+0000&duration=PT1H from server.
Fetching https://www.freeview.co.uk/api/program?sid=44&nid=64403&pid=crid://csi.digitaluk.co.uk/36c53112-59ce-44bd-998e-7951dc46abd0&start=2026-06-19T01:00:00+0000&duration=PT2H from server.
Fetching https://www.freeview.co.uk/api/program?sid=44&nid=64403&pid=crid://csi.digitaluk.co.uk/6fccdfef-f019-4205-888f-2139053fafbd&start=2026-06-19T03:00:00+0000&duration=PT1H from server.
Fetching https://www.freeview.co.uk/api/program?sid=44&nid=64403&pid=crid://csi.digitaluk.co.uk/a0bd8b07-c24d-49fd-9ddf-c6feac0312cd&start=2026-06-19T04:00:00+0000&duration=PT1H from server.
Fetching https://www.freeview.co.uk/api/program?sid=44&nid=64403&pid=crid://csi.digitaluk.co.uk/98543e0c-1269-4c62-8312-f9ae254ac202&start=2026-06-19T05:00:00+0000&duration=PT1H from server.
Fetching https://www.freeview.co.uk/api/program?sid=44&nid=64403&pid=crid://csi.digitaluk.co.uk/99621e36-94e8-4f06-8f98-9913cf66ef5d&start=2026-06-19T06:00:00+0000&duration=PT1H from server.
Fetching https://www.freeview.co.uk/api/program?sid=44&nid=64403&pid=crid://csi.digitaluk.co.uk/efd3b9af-a4b7-4a28-afe0-680df0c8dcfe&start=2026-06-19T07:00:00+0000&duration=PT1H from server.
Fetching https://www.freeview.co.uk/api/program?sid=44&nid=64403&pid=crid://csi.digitaluk.co.uk/4432fcfc-a838-458a-95f2-96d2d0e82556&start=2026-06-19T08:00:00+0000&duration=PT1H from server.
Fetching https://www.freeview.co.uk/api/program?sid=44&nid=64403&pid=crid://csi.digitaluk.co.uk/c5fdaa64-b556-4e92-abeb-b7c261101d42&start=2026-06-19T09:00:00+0000&duration=PT1H from server.
Fetching https://www.freeview.co.uk/api/program?sid=44&nid=64403&pid=crid://csi.digitaluk.co.uk/81eb03b1-b2b5-40af-b259-4b2b05a37da5&start=2026-06-19T10:00:00+0000&duration=PT1H from server.
Fetching https://www.freeview.co.uk/api/program?sid=44&nid=64403&pid=crid://csi.digitaluk.co.uk/7d7786f2-2079-44f0-84b4-c27fb8c06b25&start=2026-06-19T11:00:00+0000&duration=PT1H from server.
Fetching https://www.freeview.co.uk/api/program?sid=44&nid=64403&pid=crid://csi.digitaluk.co.uk/73463e4e-eb0e-490f-b7c4-dc6661ff4674&start=2026-06-19T12:00:00+0000&duration=PT1H from server.
Fetching https://www.freeview.co.uk/api/program?sid=44&nid=64403&pid=crid://csi.digitaluk.co.uk/a31d6b52-eafb-45ce-a7e5-5197268eb6ec&start=2026-06-19T13:00:00+0000&duration=PT1H from server.
Fetching https://www.freeview.co.uk/api/program?sid=44&nid=64403&pid=crid://csi.digitaluk.co.uk/01b038f3-4636-4bf1-b344-5a6b3a658630&start=2026-06-19T14:00:00+0000&duration=PT1H from server.
Fetching https://www.freeview.co.uk/api/program?sid=44&nid=64403&pid=crid://csi.digitaluk.co.uk/337cb5c2-8523-4902-8276-01b552926ee4&start=2026-06-19T15:00:00+0000&duration=PT1H from server.
Fetching https://www.freeview.co.uk/api/program?sid=44&nid=64403&pid=crid://csi.digitaluk.co.uk/04a88f80-11e4-41d3-9527-dee6877212f7&start=2026-06-19T16:00:00+0000&duration=PT1H from server.
Fetching https://www.freeview.co.uk/api/program?sid=44&nid=64403&pid=crid://csi.digitaluk.co.uk/99d50746-9e07-4c9f-98d5-629fd1d78fab&start=2026-06-19T17:00:00+0000&duration=PT1H from server.
Fetching https://www.freeview.co.uk/api/program?sid=44&nid=64403&pid=crid://csi.digitaluk.co.uk/06aa780c-6e6c-413d-a9a4-a03c8fa08304&start=2026-06-19T18:00:00+0000&duration=PT1H from server.
Fetching https://www.freeview.co.uk/api/program?sid=44&nid=64403&pid=crid://csi.digitaluk.co.uk/8b2a6782-47c5-4167-a8ee-12f20bfcc11a&start=2026-06-19T19:00:00+0000&duration=PT1H from server.
Fetching https://www.freeview.co.uk/api/program?sid=44&nid=64403&pid=crid://csi.digitaluk.co.uk/5d5271c6-1cf9-4366-be91-f5b1e39ea21e&start=2026-06-19T20:00:00+0000&duration=PT1H30M from server.
Fetching https://www.freeview.co.uk/api/program?sid=44&nid=64403&pid=crid://csi.digitaluk.co.uk/75a4971a-4928-4628-9921-e63e3804154c&start=2026-06-19T21:30:00+0000&duration=PT30M from server.
Fetching https://www.freeview.co.uk/api/program?sid=44&nid=64403&pid=crid://csi.digitaluk.co.uk/052c1c8d-237b-4b9f-8ac9-258250d1ea82&start=2026-06-19T22:00:00+0000&duration=PT1H from server.
Fetching https://www.freeview.co.uk/api/program?sid=44&nid=64403&pid=crid://csi.digitaluk.co.uk/25019921-7ffd-4ca9-a17b-5e9154570d71&start=2026-06-19T23:00:00+0000&duration=PT1H from server.
## Wanted 20256 
Fetching https://www.freeview.co.uk/api/program?sid=46&nid=64403&pid=crid://panorama.five.tv/versions/C5468680003A&start=2026-06-19T00:05:00+0000&duration=PT55M from server.
Fetching https://www.freeview.co.uk/api/program?sid=46&nid=64403&pid=crid://panorama.five.tv/versions/C5507220002A&start=2026-06-19T01:00:00+0000&duration=PT1H from server.
Fetching https://www.freeview.co.uk/api/program?sid=46&nid=64403&pid=crid://panorama.five.tv/versions/C5404080010A&start=2026-06-19T02:00:00+0000&duration=PT50M from server.
Fetching https://www.freeview.co.uk/api/program?sid=46&nid=64403&pid=crid://panorama.five.tv/versions/C5522700025A&start=2026-06-19T02:50:00+0000&duration=PT10M from server.
Fetching https://www.freeview.co.uk/api/program?sid=46&nid=64403&pid=crid://panorama.five.tv/versions/C5266540001A&start=2026-06-19T03:00:00+0000&duration=PT2H from server.
Fetching https://www.freeview.co.uk/api/program?sid=46&nid=64403&pid=crid://panorama.five.tv/versions/C5480340001A&start=2026-06-19T05:00:00+0000&duration=PT30M from server.
Fetching https://www.freeview.co.uk/api/program?sid=46&nid=64403&pid=crid://panorama.five.tv/versions/C5533960001A&start=2026-06-19T05:30:00+0000&duration=PT30M from server.
Fetching https://www.freeview.co.uk/api/program?sid=46&nid=64403&pid=crid://panorama.five.tv/versions/C5480340001A&start=2026-06-19T06:00:00+0000&duration=PT30M from server.
Fetching https://www.freeview.co.uk/api/program?sid=46&nid=64403&pid=crid://panorama.five.tv/versions/C5535920001A&start=2026-06-19T06:30:00+0000&duration=PT30M from server.
Fetching https://www.freeview.co.uk/api/program?sid=46&nid=64403&pid=crid://panorama.five.tv/versions/C5349600001A&start=2026-06-19T07:00:00+0000&duration=PT1H from server.
Fetching https://www.freeview.co.uk/api/program?sid=46&nid=64403&pid=crid://panorama.five.tv/versions/C5468680004A&start=2026-06-19T08:00:00+0000&duration=PT1H from server.
Fetching https://www.freeview.co.uk/api/program?sid=46&nid=64403&pid=crid://panorama.five.tv/versions/C5507220004A&start=2026-06-19T09:00:00+0000&duration=PT1H from server.
Fetching https://www.freeview.co.uk/api/program?sid=46&nid=64403&pid=crid://panorama.five.tv/versions/C5255470002A&start=2026-06-19T10:00:00+0000&duration=PT1H from server.
Fetching https://www.freeview.co.uk/api/program?sid=46&nid=64403&pid=crid://panorama.five.tv/versions/C5255470003D&start=2026-06-19T11:00:00+0000&duration=PT1H from server.
Fetching https://www.freeview.co.uk/api/program?sid=46&nid=64403&pid=crid://panorama.five.tv/versions/C5269420015A&start=2026-06-19T12:00:00+0000&duration=PT1H from server.
Fetching https://www.freeview.co.uk/api/program?sid=46&nid=64403&pid=crid://panorama.five.tv/versions/C5269420016B&start=2026-06-19T13:00:00+0000&duration=PT1H from server.
Fetching https://www.freeview.co.uk/api/program?sid=46&nid=64403&pid=crid://panorama.five.tv/versions/C5084430001D&start=2026-06-19T14:00:00+0000&duration=PT1H30M from server.
Fetching https://www.freeview.co.uk/api/program?sid=46&nid=64403&pid=crid://panorama.five.tv/versions/C5323170006A&start=2026-06-19T15:30:00+0000&duration=PT30M from server.
Fetching https://www.freeview.co.uk/api/program?sid=46&nid=64403&pid=crid://panorama.five.tv/versions/C5404080009A&start=2026-06-19T16:00:00+0000&duration=PT1H from server.
Fetching https://www.freeview.co.uk/api/program?sid=46&nid=64403&pid=crid://panorama.five.tv/versions/C5506880006A&start=2026-06-19T17:00:00+0000&duration=PT1H from server.
Fetching https://www.freeview.co.uk/api/program?sid=46&nid=64403&pid=crid://panorama.five.tv/versions/C5255470004D&start=2026-06-19T18:00:00+0000&duration=PT1H from server.
Fetching https://www.freeview.co.uk/api/program?sid=46&nid=64403&pid=crid://panorama.five.tv/versions/C5255470005E&start=2026-06-19T19:00:00+0000&duration=PT1H from server.
Fetching https://www.freeview.co.uk/api/program?sid=46&nid=64403&pid=crid://panorama.five.tv/versions/C5517740001A&start=2026-06-19T20:00:00+0000&duration=PT2H45M from server.
Fetching https://www.freeview.co.uk/api/program?sid=46&nid=64403&pid=crid://panorama.five.tv/versions/C5474860002A&start=2026-06-19T22:45:00+0000&duration=PT2H from server.
### Wanted 8460 
Fetching https://www.freeview.co.uk/api/program?sid=49&nid=64403&pid=crid://csi.digitaluk.co.uk/21019b28-0401-4e68-8b79-a12d819c67bf&start=2026-06-19T00:10:00+0000&duration=PT2H from server.
Fetching https://www.freeview.co.uk/api/program?sid=49&nid=64403&pid=crid://movida.bebanjo.net/mas/version/78253/014/ASDELIVERED/C&start=2026-06-19T02:10:00+0000&duration=PT1H from server.
Fetching https://www.freeview.co.uk/api/program?sid=49&nid=64403&pid=crid://csi.digitaluk.co.uk/35e04254-d369-42d5-b4bf-f1096eecfae1&start=2026-06-19T03:10:00+0000&duration=PT50M from server.
Fetching https://www.freeview.co.uk/api/program?sid=49&nid=64403&pid=crid://csi.digitaluk.co.uk/98a42f98-7432-4b02-b5a4-b13f85ac2f44&start=2026-06-19T04:00:00+0000&duration=PT2H from server.
Fetching https://www.freeview.co.uk/api/program?sid=49&nid=64403&pid=crid://csi.digitaluk.co.uk/7de23313-0b33-46e9-9fd5-34c0808a9432&start=2026-06-19T06:00:00+0000&duration=PT2H from server.
Fetching https://www.freeview.co.uk/api/program?sid=49&nid=64403&pid=crid://csi.digitaluk.co.uk/6032c5e4-389e-4390-b0f7-e7bfcabe4c0d&start=2026-06-19T08:00:00+0000&duration=PT1H from server.
Fetching https://www.freeview.co.uk/api/program?sid=49&nid=64403&pid=crid://csi.digitaluk.co.uk/a5f9f399-7eed-4bc5-974a-9212e1d0a1c2&start=2026-06-19T09:00:00+0000&duration=PT1H from server.
Fetching https://www.freeview.co.uk/api/program?sid=49&nid=64403&pid=crid://movida.bebanjo.net/mas/version/78538/014/ASDELIVERED/C&start=2026-06-19T10:00:00+0000&duration=PT1H from server.
Fetching https://www.freeview.co.uk/api/program?sid=49&nid=64403&pid=crid://csi.digitaluk.co.uk/1d7ed5b4-a840-4ba7-bad3-50e153043ee6&start=2026-06-19T11:00:00+0000&duration=PT1H from server.
Fetching https://www.freeview.co.uk/api/program?sid=49&nid=64403&pid=crid://csi.digitaluk.co.uk/9c46fdf5-c0ed-44b4-b610-e613d81093f1&start=2026-06-19T12:00:00+0000&duration=PT1H from server.
Fetching https://www.freeview.co.uk/api/program?sid=49&nid=64403&pid=crid://csi.digitaluk.co.uk/485ce5c1-7b43-46d6-9a38-682c8752bbc9&start=2026-06-19T13:00:00+0000&duration=PT1H from server.
Fetching https://www.freeview.co.uk/api/program?sid=49&nid=64403&pid=crid://csi.digitaluk.co.uk/04baeee9-2f32-41a4-87fe-1abcb0d49de7&start=2026-06-19T14:00:00+0000&duration=PT1H from server.
Fetching https://www.freeview.co.uk/api/program?sid=49&nid=64403&pid=crid://csi.digitaluk.co.uk/b5baa437-1da5-4204-819b-05907dd3b0db&start=2026-06-19T15:00:00+0000&duration=PT30M from server.
Fetching https://www.freeview.co.uk/api/program?sid=49&nid=64403&pid=crid://csi.digitaluk.co.uk/4a8759a7-e829-4be5-8e08-ee66a9758477&start=2026-06-19T15:30:00+0000&duration=PT30M from server.
Fetching https://www.freeview.co.uk/api/program?sid=49&nid=64403&pid=crid://csi.digitaluk.co.uk/35dd8823-a4b1-4ba0-b900-986a2b63798f&start=2026-06-19T16:00:00+0000&duration=PT30M from server.
Fetching https://www.freeview.co.uk/api/program?sid=49&nid=64403&pid=crid://csi.digitaluk.co.uk/a1e46478-95fc-4d2c-9d1f-8126344b7eb5&start=2026-06-19T16:30:00+0000&duration=PT30M from server.
Fetching https://www.freeview.co.uk/api/program?sid=49&nid=64403&pid=crid://csi.digitaluk.co.uk/3a009a75-8783-423e-8ac7-05c823888f8d&start=2026-06-19T17:00:00+0000&duration=PT30M from server.
Fetching https://www.freeview.co.uk/api/program?sid=49&nid=64403&pid=crid://csi.digitaluk.co.uk/1dd35af0-ac87-405f-890c-d3ea8b342d8d&start=2026-06-19T17:30:00+0000&duration=PT30M from server.
Fetching https://www.freeview.co.uk/api/program?sid=49&nid=64403&pid=crid://csi.digitaluk.co.uk/9ad29594-5e8f-4397-8409-ab4089a9d99c&start=2026-06-19T18:00:00+0000&duration=PT1H from server.
Fetching https://www.freeview.co.uk/api/program?sid=49&nid=64403&pid=crid://movida.bebanjo.net/mas/version/77950/001/ASDELIVERED/C&start=2026-06-19T19:00:00+0000&duration=PT1H from server.
Fetching https://www.freeview.co.uk/api/program?sid=49&nid=64403&pid=crid://csi.digitaluk.co.uk/08d18538-38e5-4b80-8325-51c575ced706&start=2026-06-19T20:00:00+0000&duration=PT1H from server.
Fetching https://www.freeview.co.uk/api/program?sid=49&nid=64403&pid=crid://movida.bebanjo.net/mas/version/78253/014/ASDELIVERED/C&start=2026-06-19T21:00:00+0000&duration=PT1H5M from server.
Fetching https://www.freeview.co.uk/api/program?sid=49&nid=64403&pid=crid://csi.digitaluk.co.uk/766e2069-c1fc-4a1e-98d2-f67a5dc6394e&start=2026-06-19T22:05:00+0000&duration=PT1H from server.
Fetching https://www.freeview.co.uk/api/program?sid=49&nid=64403&pid=crid://movida.bebanjo.net/mas/version/78327/002/ASDELIVERED/C&start=2026-06-19T23:05:00+0000&duration=PT1H from server.
## Wanted 14384 
Fetching https://www.freeview.co.uk/api/program?sid=64&nid=64403&pid=crid://csi.digitaluk.co.uk/a9b5ff28-c196-4509-9847-d8578674d137&start=2026-06-19T00:00:00+0000&duration=PT1H from server.
Fetching https://www.freeview.co.uk/api/program?sid=64&nid=64403&pid=crid://csi.digitaluk.co.uk/c313587c-210d-44d1-8d6d-117f3910ac6b&start=2026-06-19T01:00:00+0000&duration=PT1H from server.
Fetching https://www.freeview.co.uk/api/program?sid=64&nid=64403&pid=crid://csi.digitaluk.co.uk/c952c3af-e802-4857-a27a-b5e9803d0624&start=2026-06-19T02:00:00+0000&duration=PT45M from server.
Fetching https://www.freeview.co.uk/api/program?sid=64&nid=64403&pid=crid://csi.digitaluk.co.uk/88045c12-7384-4c01-b7e7-93ae33042e3d&start=2026-06-19T02:45:00+0000&duration=PT25M from server.
Fetching https://www.freeview.co.uk/api/program?sid=64&nid=64403&pid=crid://csi.digitaluk.co.uk/e836c829-5baf-42b2-87ed-cdf17e56b1c7&start=2026-06-19T03:10:00+0000&duration=PT25M from server.
Fetching https://www.freeview.co.uk/api/program?sid=64&nid=64403&pid=crid://csi.digitaluk.co.uk/1a039b21-eaa7-4ba3-83db-eb150802b8d3&start=2026-06-19T03:35:00+0000&duration=PT25M from server.
Fetching https://www.freeview.co.uk/api/program?sid=64&nid=64403&pid=crid://csi.digitaluk.co.uk/cc48eda2-4ff0-4163-bbdb-1cc0c88d4fd8&start=2026-06-19T04:00:00+0000&duration=PT1H from server.
Fetching https://www.freeview.co.uk/api/program?sid=64&nid=64403&pid=crid://csi.digitaluk.co.uk/9f89ceef-59aa-451b-95fc-56a41600fcff&start=2026-06-19T05:00:00+0000&duration=PT45M from server.
Fetching https://www.freeview.co.uk/api/program?sid=64&nid=64403&pid=crid://csi.digitaluk.co.uk/dfb029bd-d2a1-4e7f-b4e5-8074d385bac9&start=2026-06-19T05:45:00+0000&duration=PT45M from server.
Fetching https://www.freeview.co.uk/api/program?sid=64&nid=64403&pid=crid://csi.digitaluk.co.uk/6f8d44f7-2acf-4162-8e30-885ae60ccfb3&start=2026-06-19T06:30:00+0000&duration=PT55M from server.
Fetching https://www.freeview.co.uk/api/program?sid=64&nid=64403&pid=crid://csi.digitaluk.co.uk/eafd3530-1bcb-421f-9f63-328b9a4631dc&start=2026-06-19T07:25:00+0000&duration=PT55M from server.
Fetching https://www.freeview.co.uk/api/program?sid=64&nid=64403&pid=crid://csi.digitaluk.co.uk/74207b55-5a5c-4227-8c72-e5d80868543d&start=2026-06-19T08:20:00+0000&duration=PT25M from server.
Fetching https://www.freeview.co.uk/api/program?sid=64&nid=64403&pid=crid://csi.digitaluk.co.uk/bd5db228-a06c-4217-ad64-49aef21c31d8&start=2026-06-19T08:45:00+0000&duration=PT30M from server.
Fetching https://www.freeview.co.uk/api/program?sid=64&nid=64403&pid=crid://csi.digitaluk.co.uk/f12400e3-1be4-4a59-8ffc-70354d0b5593&start=2026-06-19T09:15:00+0000&duration=PT25M from server.
Fetching https://www.freeview.co.uk/api/program?sid=64&nid=64403&pid=crid://csi.digitaluk.co.uk/8d848d32-106d-4438-904c-a1da4429f008&start=2026-06-19T09:40:00+0000&duration=PT30M from server.
Fetching https://www.freeview.co.uk/api/program?sid=64&nid=64403&pid=crid://csi.digitaluk.co.uk/63430c77-2e0d-4a06-8bae-2196139e71ff&start=2026-06-19T10:10:00+0000&duration=PT30M from server.
Fetching https://www.freeview.co.uk/api/program?sid=64&nid=64403&pid=crid://csi.digitaluk.co.uk/98841653-e547-4b2b-98ac-121ebb434aef&start=2026-06-19T10:40:00+0000&duration=PT30M from server.
Fetching https://www.freeview.co.uk/api/program?sid=64&nid=64403&pid=crid://csi.digitaluk.co.uk/4c01b3c4-12d4-466b-8273-88e57859ab2f&start=2026-06-19T11:10:00+0000&duration=PT25M from server.
Fetching https://www.freeview.co.uk/api/program?sid=64&nid=64403&pid=crid://csi.digitaluk.co.uk/9a285271-483d-4873-be43-ceba8eecec2c&start=2026-06-19T11:35:00+0000&duration=PT30M from server.
Fetching https://www.freeview.co.uk/api/program?sid=64&nid=64403&pid=crid://csi.digitaluk.co.uk/7a40d863-60cd-429e-9678-3444f4041079&start=2026-06-19T12:05:00+0000&duration=PT1H from server.
Fetching https://www.freeview.co.uk/api/program?sid=64&nid=64403&pid=crid://csi.digitaluk.co.uk/ef1959ff-c2af-46ec-aa6a-307818d10ab9&start=2026-06-19T13:05:00+0000&duration=PT1H from server.
Fetching https://www.freeview.co.uk/api/program?sid=64&nid=64403&pid=crid://csi.digitaluk.co.uk/08874269-665b-4def-b1cb-2893e1795a92&start=2026-06-19T14:05:00+0000&duration=PT1H from server.
Fetching https://www.freeview.co.uk/api/program?sid=64&nid=64403&pid=crid://csi.digitaluk.co.uk/60fcdece-61f3-4fd9-b5e7-3e01f7ee260b&start=2026-06-19T15:05:00+0000&duration=PT55M from server.
Fetching https://www.freeview.co.uk/api/program?sid=64&nid=64403&pid=crid://csi.digitaluk.co.uk/3d945d3f-c0c5-4da2-aea7-6b1932655b09&start=2026-06-19T16:00:00+0000&duration=PT1H from server.
Fetching https://www.freeview.co.uk/api/program?sid=64&nid=64403&pid=crid://csi.digitaluk.co.uk/71408581-47dd-40c6-8c97-578652b3388c&start=2026-06-19T17:00:00+0000&duration=PT30M from server.
Fetching https://www.freeview.co.uk/api/program?sid=64&nid=64403&pid=crid://csi.digitaluk.co.uk/f3de2a7f-f05a-49ac-827f-571e750a0570&start=2026-06-19T17:30:00+0000&duration=PT30M from server.
Fetching https://www.freeview.co.uk/api/program?sid=64&nid=64403&pid=crid://csi.digitaluk.co.uk/b55d881f-bbcb-42a0-8249-4f79bad748bb&start=2026-06-19T18:00:00+0000&duration=PT30M from server.
Fetching https://www.freeview.co.uk/api/program?sid=64&nid=64403&pid=crid://csi.digitaluk.co.uk/0e84bb03-52a5-42d6-b666-3ac6eb0c8733&start=2026-06-19T18:30:00+0000&duration=PT30M from server.
Fetching https://www.freeview.co.uk/api/program?sid=64&nid=64403&pid=crid://csi.digitaluk.co.uk/c89d5c63-992f-49d9-bc05-e21c208d8ca2&start=2026-06-19T19:00:00+0000&duration=PT1H from server.
Fetching https://www.freeview.co.uk/api/program?sid=64&nid=64403&pid=crid://csi.digitaluk.co.uk/972bb38a-1e95-4cf1-92e2-f2eca8f9108b&start=2026-06-19T20:00:00+0000&duration=PT30M from server.
Fetching https://www.freeview.co.uk/api/program?sid=64&nid=64403&pid=crid://csi.digitaluk.co.uk/dff3de1d-a6f5-49ba-b8da-dc29fbaa45e5&start=2026-06-19T20:30:00+0000&duration=PT30M from server.
Fetching https://www.freeview.co.uk/api/program?sid=64&nid=64403&pid=crid://csi.digitaluk.co.uk/66b2daa2-f374-45c6-af77-f474c8b54f1a&start=2026-06-19T21:00:00+0000&duration=PT1H from server.
Fetching https://www.freeview.co.uk/api/program?sid=64&nid=64403&pid=crid://csi.digitaluk.co.uk/f5220dfc-1e81-4cd7-b12b-5f6f01899c26&start=2026-06-19T22:00:00+0000&duration=PT1H from server.
Fetching https://www.freeview.co.uk/api/program?sid=64&nid=64403&pid=crid://csi.digitaluk.co.uk/f6f08ca9-cefb-4471-8f19-b477a6adf4b2&start=2026-06-19T23:00:00+0000&duration=PT1H from server.
### Wanted 17856 
Fetching https://www.freeview.co.uk/api/program?sid=103&nid=64403&pid=crid://csi.digitaluk.co.uk/2f4a6018-9e2d-47a7-91d5-c3aaaceb30f5&start=2026-06-19T00:35:00+0000&duration=PT55M from server.
Fetching https://www.freeview.co.uk/api/program?sid=103&nid=64403&pid=crid://csi.digitaluk.co.uk/e7c5486b-5921-4074-b5d3-b508d2a2a579&start=2026-06-19T01:30:00+0000&duration=PT50M from server.
Fetching https://www.freeview.co.uk/api/program?sid=103&nid=64403&pid=crid://csi.digitaluk.co.uk/bfe5101b-5296-4fe8-b3c1-23aacf43510d&start=2026-06-19T02:20:00+0000&duration=PT25M from server.
Fetching https://www.freeview.co.uk/api/program?sid=103&nid=64403&pid=crid://csi.digitaluk.co.uk/476cfaa5-9ff4-40eb-97c6-8ebd14efb1ac&start=2026-06-19T02:45:00+0000&duration=PT1H15M from server.
Fetching https://www.freeview.co.uk/api/program?sid=103&nid=64403&pid=crid://csi.digitaluk.co.uk/a515bd56-cee0-4dfb-aaac-f88b16c2420d&start=2026-06-19T04:00:00+0000&duration=PT30M from server.
Fetching https://www.freeview.co.uk/api/program?sid=103&nid=64403&pid=crid://csi.digitaluk.co.uk/adbca505-52ee-43b4-9da9-6a8ae46163a1&start=2026-06-19T04:30:00+0000&duration=PT30M from server.
Fetching https://www.freeview.co.uk/api/program?sid=103&nid=64403&pid=crid://csi.digitaluk.co.uk/24d37bbc-feb4-4c5f-b2ae-cdb5b5f2a63c&start=2026-06-19T05:00:00+0000&duration=PT3H30M from server.
Fetching https://www.freeview.co.uk/api/program?sid=103&nid=64403&pid=crid://csi.digitaluk.co.uk/1c2bef69-9213-435b-95ed-325e076ce6d2&start=2026-06-19T08:30:00+0000&duration=PT30M from server.
Fetching https://www.freeview.co.uk/api/program?sid=103&nid=64403&pid=crid://csi.digitaluk.co.uk/032c15f6-37d8-4022-ad6c-b34fedd13f7a&start=2026-06-19T09:00:00+0000&duration=PT2H55M from server.
Fetching https://www.freeview.co.uk/api/program?sid=103&nid=64403&pid=crid://csi.digitaluk.co.uk/887a1efa-ea28-4f6d-beab-b941c0dd4026&start=2026-06-19T11:55:00+0000&duration=PT25M from server.
Fetching https://www.freeview.co.uk/api/program?sid=103&nid=64403&pid=crid://csi.digitaluk.co.uk/142adfbb-93bd-4398-8a1f-1f745472e2b6&start=2026-06-19T12:20:00+0000&duration=PT10M from server.
Fetching https://www.freeview.co.uk/api/program?sid=103&nid=64403&pid=crid://csi.digitaluk.co.uk/bc28cfd9-04ba-49a6-9d86-b27852c5876e&start=2026-06-19T12:30:00+0000&duration=PT4H30M from server.
Fetching https://www.freeview.co.uk/api/program?sid=103&nid=64403&pid=crid://csi.digitaluk.co.uk/2e932a37-5001-4380-b383-de29dba1a419&start=2026-06-19T17:00:00+0000&duration=PT30M from server.
Fetching https://www.freeview.co.uk/api/program?sid=103&nid=64403&pid=crid://csi.digitaluk.co.uk/73abf84d-dc19-4eeb-8e27-f739df9723c6&start=2026-06-19T17:30:00+0000&duration=PT1H from server.
Fetching https://www.freeview.co.uk/api/program?sid=103&nid=64403&pid=crid://csi.digitaluk.co.uk/2d3cf8b2-482d-4cae-9277-9b88d8f3398d&start=2026-06-19T18:30:00+0000&duration=PT30M from server.
Fetching https://www.freeview.co.uk/api/program?sid=103&nid=64403&pid=crid://www.stv.tv/programInformation/231765&start=2026-06-19T19:00:00+0000&duration=PT30M from server.
Fetching https://www.freeview.co.uk/api/program?sid=103&nid=64403&pid=crid://www.stv.tv/programInformation/231788&start=2026-06-19T19:30:00+0000&duration=PT30M from server.
Fetching https://www.freeview.co.uk/api/program?sid=103&nid=64403&pid=crid://csi.digitaluk.co.uk/d3822753-9b58-49c7-a5da-f4682f371186&start=2026-06-19T20:00:00+0000&duration=PT1H from server.
Fetching https://www.freeview.co.uk/api/program?sid=103&nid=64403&pid=crid://csi.digitaluk.co.uk/07aa653f-1859-4eca-8312-624452e268dc&start=2026-06-19T21:00:00+0000&duration=PT3H15M from server.
## Wanted 22080 
Fetching https://www.freeview.co.uk/api/program?sid=233&nid=64403&pid=crid://csi.digitaluk.co.uk/253d214e-0bd5-4455-b463-15fe5aec35f7&start=2026-06-19T00:00:00+0000&duration=PT1H from server.
Fetching https://www.freeview.co.uk/api/program?sid=233&nid=64403&pid=crid://csi.digitaluk.co.uk/4674a404-cdb3-45a3-b79c-e301e5fcf597&start=2026-06-19T01:00:00+0000&duration=PT1H from server.
Fetching https://www.freeview.co.uk/api/program?sid=233&nid=64403&pid=crid://csi.digitaluk.co.uk/43c16ee7-c886-44e3-85e4-fb9af4f9f21f&start=2026-06-19T02:00:00+0000&duration=PT1H from server.
Fetching https://www.freeview.co.uk/api/program?sid=233&nid=64403&pid=crid://csi.digitaluk.co.uk/66482b41-8d57-4314-9776-780c2c719b72&start=2026-06-19T03:00:00+0000&duration=PT1H from server.
Fetching https://www.freeview.co.uk/api/program?sid=233&nid=64403&pid=crid://csi.digitaluk.co.uk/ad45006f-14e6-495d-ba30-c43085357932&start=2026-06-19T04:00:00+0000&duration=PT1H from server.
Fetching https://www.freeview.co.uk/api/program?sid=233&nid=64403&pid=crid://csi.digitaluk.co.uk/bf97a018-be16-42c8-82f0-126b01324ffc&start=2026-06-19T05:00:00+0000&duration=PT30M from server.
Fetching https://www.freeview.co.uk/api/program?sid=233&nid=64403&pid=crid://csi.digitaluk.co.uk/3da82b75-ab20-408c-96d3-df0af585f552&start=2026-06-19T05:30:00+0000&duration=PT30M from server.
Fetching https://www.freeview.co.uk/api/program?sid=233&nid=64403&pid=crid://csi.digitaluk.co.uk/1168141c-2288-49f6-9698-19b0a2b37bf5&start=2026-06-19T06:00:00+0000&duration=PT30M from server.
Fetching https://www.freeview.co.uk/api/program?sid=233&nid=64403&pid=crid://csi.digitaluk.co.uk/a397aaef-3fb3-4df5-83e6-b06451ecaa33&start=2026-06-19T06:30:00+0000&duration=PT30M from server.
Fetching https://www.freeview.co.uk/api/program?sid=233&nid=64403&pid=crid://csi.digitaluk.co.uk/ecf479fb-b28e-497f-bc9c-f7885fea1c7f&start=2026-06-19T07:00:00+0000&duration=PT30M from server.
Fetching https://www.freeview.co.uk/api/program?sid=233&nid=64403&pid=crid://csi.digitaluk.co.uk/3a2ddd13-aba7-45da-812d-a9b52524b180&start=2026-06-19T07:30:00+0000&duration=PT30M from server.
Fetching https://www.freeview.co.uk/api/program?sid=233&nid=64403&pid=crid://csi.digitaluk.co.uk/fc75ceae-51e2-4b6e-864e-e8499b80e1bc&start=2026-06-19T08:00:00+0000&duration=PT30M from server.
Fetching https://www.freeview.co.uk/api/program?sid=233&nid=64403&pid=crid://csi.digitaluk.co.uk/9ba7edf9-d356-44b0-8db3-468377fa98e9&start=2026-06-19T08:30:00+0000&duration=PT30M from server.
Fetching https://www.freeview.co.uk/api/program?sid=233&nid=64403&pid=crid://csi.digitaluk.co.uk/533b7935-392b-4015-951c-a83c6878eaac&start=2026-06-19T09:00:00+0000&duration=PT30M from server.
Fetching https://www.freeview.co.uk/api/program?sid=233&nid=64403&pid=crid://csi.digitaluk.co.uk/bc4831e8-5f07-4431-aa39-2cf515ca5d5c&start=2026-06-19T09:30:00+0000&duration=PT30M from server.
Fetching https://www.freeview.co.uk/api/program?sid=233&nid=64403&pid=crid://csi.digitaluk.co.uk/b994d4e4-8f64-4d8b-aeca-9e09da1dc7c9&start=2026-06-19T10:00:00+0000&duration=PT30M from server.
Fetching https://www.freeview.co.uk/api/program?sid=233&nid=64403&pid=crid://csi.digitaluk.co.uk/c7d54e58-9bbd-4bbe-9ac2-461801f9d6c8&start=2026-06-19T10:30:00+0000&duration=PT30M from server.
Fetching https://www.freeview.co.uk/api/program?sid=233&nid=64403&pid=crid://csi.digitaluk.co.uk/22091be6-4917-4eec-8a15-b2bb18359fdb&start=2026-06-19T11:00:00+0000&duration=PT30M from server.
Fetching https://www.freeview.co.uk/api/program?sid=233&nid=64403&pid=crid://csi.digitaluk.co.uk/bde18e69-bbe9-406d-a14c-7bbd66df9d91&start=2026-06-19T11:30:00+0000&duration=PT30M from server.
Fetching https://www.freeview.co.uk/api/program?sid=233&nid=64403&pid=crid://csi.digitaluk.co.uk/26adbb75-619f-4d53-92b8-031a298881f3&start=2026-06-19T12:00:00+0000&duration=PT30M from server.
Fetching https://www.freeview.co.uk/api/program?sid=233&nid=64403&pid=crid://csi.digitaluk.co.uk/7f3b6177-1c78-4e53-99ba-85b8f396f40f&start=2026-06-19T12:30:00+0000&duration=PT30M from server.
Fetching https://www.freeview.co.uk/api/program?sid=233&nid=64403&pid=crid://csi.digitaluk.co.uk/c0430800-8ca8-4fdc-b289-361651932373&start=2026-06-19T13:00:00+0000&duration=PT30M from server.
Fetching https://www.freeview.co.uk/api/program?sid=233&nid=64403&pid=crid://csi.digitaluk.co.uk/c5e0d72b-4255-4eb4-a428-caa654c13bc5&start=2026-06-19T13:30:00+0000&duration=PT30M from server.
Fetching https://www.freeview.co.uk/api/program?sid=233&nid=64403&pid=crid://csi.digitaluk.co.uk/986c4d94-3b0d-43bf-be66-f038ce2111cf&start=2026-06-19T14:00:00+0000&duration=PT30M from server.
Fetching https://www.freeview.co.uk/api/program?sid=233&nid=64403&pid=crid://csi.digitaluk.co.uk/98fc4a7a-bc34-42f1-ba33-e6da25bc6682&start=2026-06-19T14:30:00+0000&duration=PT30M from server.
Fetching https://www.freeview.co.uk/api/program?sid=233&nid=64403&pid=crid://csi.digitaluk.co.uk/274a13cd-789e-4760-bafd-62c1276cc09d&start=2026-06-19T15:00:00+0000&duration=PT30M from server.
Fetching https://www.freeview.co.uk/api/program?sid=233&nid=64403&pid=crid://csi.digitaluk.co.uk/93f93426-7358-4f69-990d-5b8e796e154d&start=2026-06-19T15:30:00+0000&duration=PT30M from server.
Fetching https://www.freeview.co.uk/api/program?sid=233&nid=64403&pid=crid://csi.digitaluk.co.uk/089ea7e5-053c-453f-9b45-657703c5e649&start=2026-06-19T16:00:00+0000&duration=PT30M from server.
Fetching https://www.freeview.co.uk/api/program?sid=233&nid=64403&pid=crid://csi.digitaluk.co.uk/b1eb48f7-43fb-4c8c-8d16-056e361df40c&start=2026-06-19T16:30:00+0000&duration=PT30M from server.
Fetching https://www.freeview.co.uk/api/program?sid=233&nid=64403&pid=crid://csi.digitaluk.co.uk/76edf4ad-651e-436e-8cc8-f91b8e09d83d&start=2026-06-19T17:00:00+0000&duration=PT30M from server.
Fetching https://www.freeview.co.uk/api/program?sid=233&nid=64403&pid=crid://csi.digitaluk.co.uk/6bb98e61-8927-4310-afb3-8836e83b269e&start=2026-06-19T17:30:00+0000&duration=PT30M from server.
Fetching https://www.freeview.co.uk/api/program?sid=233&nid=64403&pid=crid://csi.digitaluk.co.uk/061ec7c4-5ba0-47b4-b303-72eb59f8fdd7&start=2026-06-19T18:00:00+0000&duration=PT30M from server.
Fetching https://www.freeview.co.uk/api/program?sid=233&nid=64403&pid=crid://csi.digitaluk.co.uk/265ec39b-da75-49a2-87c2-2ee570daa85b&start=2026-06-19T18:30:00+0000&duration=PT30M from server.
Fetching https://www.freeview.co.uk/api/program?sid=233&nid=64403&pid=crid://csi.digitaluk.co.uk/645c7ed4-ef22-44f1-9f2c-d8526b7594cd&start=2026-06-19T19:00:00+0000&duration=PT30M from server.
Fetching https://www.freeview.co.uk/api/program?sid=233&nid=64403&pid=crid://csi.digitaluk.co.uk/657831e5-2645-40bf-87b6-55ef2c4445cb&start=2026-06-19T19:30:00+0000&duration=PT30M from server.
Fetching https://www.freeview.co.uk/api/program?sid=233&nid=64403&pid=crid://csi.digitaluk.co.uk/d7189e8a-6f62-4134-a04b-b01b968bb92d&start=2026-06-19T20:00:00+0000&duration=PT30M from server.
Fetching https://www.freeview.co.uk/api/program?sid=233&nid=64403&pid=crid://csi.digitaluk.co.uk/ebe61601-a037-45e3-a9f0-7ba9f5d9ae75&start=2026-06-19T20:30:00+0000&duration=PT30M from server.
Fetching https://www.freeview.co.uk/api/program?sid=233&nid=64403&pid=crid://csi.digitaluk.co.uk/8a1d3523-bca3-42df-af3d-a234c8bc350c&start=2026-06-19T21:00:00+0000&duration=PT30M from server.
Fetching https://www.freeview.co.uk/api/program?sid=233&nid=64403&pid=crid://csi.digitaluk.co.uk/aaf23be6-3f34-4cf5-aade-1daf95a8d360&start=2026-06-19T21:30:00+0000&duration=PT30M from server.
Fetching https://www.freeview.co.uk/api/program?sid=233&nid=64403&pid=crid://csi.digitaluk.co.uk/59a8fe18-20eb-4ddb-bfea-c0167af1f6e2&start=2026-06-19T22:00:00+0000&duration=PT30M from server.
Fetching https://www.freeview.co.uk/api/program?sid=233&nid=64403&pid=crid://csi.digitaluk.co.uk/ae626e0f-f740-463a-96a2-e017842fa43d&start=2026-06-19T22:30:00+0000&duration=PT30M from server.
Fetching https://www.freeview.co.uk/api/program?sid=233&nid=64403&pid=crid://csi.digitaluk.co.uk/76e7bd07-f0a3-4365-8bfc-92803382545d&start=2026-06-19T23:00:00+0000&duration=PT1H from server.
###
