tv_grab_uk_freeview, 2026-06-15 23:28:49
----------------------------------------
getting list of channels:  URL= https://www.freeview.co.uk/api/channel-list?nid=64403 
Fetching https://www.freeview.co.uk/api/channel-list?nid=64403 from server.
##################################################
using cache '/home/runner/work/xmltv/xmltv/scripts//.xmltv/cache' 
using channel format 'number' 
using region id '64403' 
using icon ch string '?w=160' 
using icon pg string '?w=800' 
fetch 20 channels 
start/end grab: 1782086400 1782172800 
getting listings:  URL= https://www.freeview.co.uk/api/tv-guide?nid=64403&start=1782086400 
Fetching https://www.freeview.co.uk/api/tv-guide?nid=64403&start=1782086400 from server.
 Wanted 8384 
Fetching https://www.freeview.co.uk/api/program?sid=4&nid=64403&pid=crid://csi.digitaluk.co.uk/7b0ee918-d765-4a28-aadb-823c4e2ae37f&start=2026-06-22T01:00:00+0000&duration=PT50M from server.
Fetching https://www.freeview.co.uk/api/program?sid=4&nid=64403&pid=crid://movida.bebanjo.net/mas/version/78536/001/ASDELIVERED/C&start=2026-06-22T01:50:00+0000&duration=PT55M from server.
Fetching https://www.freeview.co.uk/api/program?sid=4&nid=64403&pid=crid://movida.bebanjo.net/mas/version/78817/001/ALLTIMES/C&start=2026-06-22T02:45:00+0000&duration=PT1H from server.
Fetching https://www.freeview.co.uk/api/program?sid=4&nid=64403&pid=crid://csi.digitaluk.co.uk/8d57c8c9-db2b-4b9d-aa8b-ae49a07b1d51&start=2026-06-22T03:45:00+0000&duration=PT10M from server.
Fetching https://www.freeview.co.uk/api/program?sid=4&nid=64403&pid=crid://csi.digitaluk.co.uk/e0338e5c-3fa5-4723-a864-af8cca84d846&start=2026-06-22T03:55:00+0000&duration=PT25M from server.
Fetching https://www.freeview.co.uk/api/program?sid=4&nid=64403&pid=crid://csi.digitaluk.co.uk/fb0ce2db-a7ab-4b41-87c2-6c75f92f7b93&start=2026-06-22T04:20:00+0000&duration=PT25M from server.
Fetching https://www.freeview.co.uk/api/program?sid=4&nid=64403&pid=crid://csi.digitaluk.co.uk/74e2e95c-67df-4126-a17d-23c2ecf3eba0&start=2026-06-22T04:45:00+0000&duration=PT40M from server.
Fetching https://www.freeview.co.uk/api/program?sid=4&nid=64403&pid=crid://csi.digitaluk.co.uk/da9ccc9d-1241-40e6-9ba1-3ed7410bdfc5&start=2026-06-22T05:25:00+0000&duration=PT25M from server.
Fetching https://www.freeview.co.uk/api/program?sid=4&nid=64403&pid=crid://csi.digitaluk.co.uk/ca5ec84d-c2c5-49c8-9817-bffef0d8df15&start=2026-06-22T05:50:00+0000&duration=PT25M from server.
Fetching https://www.freeview.co.uk/api/program?sid=4&nid=64403&pid=crid://csi.digitaluk.co.uk/0257007f-6c72-4c7b-91a9-8d381aeaba79&start=2026-06-22T06:15:00+0000&duration=PT30M from server.
Fetching https://www.freeview.co.uk/api/program?sid=4&nid=64403&pid=crid://csi.digitaluk.co.uk/b6b12913-94a3-4c17-b4fe-f438e6eae798&start=2026-06-22T06:45:00+0000&duration=PT25M from server.
Fetching https://www.freeview.co.uk/api/program?sid=4&nid=64403&pid=crid://csi.digitaluk.co.uk/ab8de824-774a-4874-b90a-eadb8b5bce9d&start=2026-06-22T07:10:00+0000&duration=PT30M from server.
Fetching https://www.freeview.co.uk/api/program?sid=4&nid=64403&pid=crid://csi.digitaluk.co.uk/3caaeedf-bb7b-4ee2-ab2d-5904c00044b1&start=2026-06-22T07:40:00+0000&duration=PT30M from server.
Fetching https://www.freeview.co.uk/api/program?sid=4&nid=64403&pid=crid://csi.digitaluk.co.uk/1e06a6ad-ca21-492c-919e-7d542ef33672&start=2026-06-22T08:10:00+0000&duration=PT30M from server.
Fetching https://www.freeview.co.uk/api/program?sid=4&nid=64403&pid=crid://csi.digitaluk.co.uk/ec40a80a-a10a-4c4a-824b-efd4a051320f&start=2026-06-22T08:40:00+0000&duration=PT30M from server.
Fetching https://www.freeview.co.uk/api/program?sid=4&nid=64403&pid=crid://csi.digitaluk.co.uk/705b9f2f-32cb-4066-835c-6bfaa520c909&start=2026-06-22T09:10:00+0000&duration=PT30M from server.
Fetching https://www.freeview.co.uk/api/program?sid=4&nid=64403&pid=crid://csi.digitaluk.co.uk/15c0c755-6fcc-45d6-9607-80ea7c6683bd&start=2026-06-22T09:40:00+0000&duration=PT30M from server.
Fetching https://www.freeview.co.uk/api/program?sid=4&nid=64403&pid=crid://csi.digitaluk.co.uk/d8462b14-e61c-4131-b44b-d7ebc06a6a73&start=2026-06-22T10:10:00+0000&duration=PT55M from server.
Fetching https://www.freeview.co.uk/api/program?sid=4&nid=64403&pid=crid://csi.digitaluk.co.uk/0e544343-d043-4e2a-b01d-db93e3917033&start=2026-06-22T11:05:00+0000&duration=PT5M from server.
Fetching https://www.freeview.co.uk/api/program?sid=4&nid=64403&pid=crid://csi.digitaluk.co.uk/736c26c8-eb4b-4bb2-980a-1c8b3c856e92&start=2026-06-22T11:10:00+0000&duration=PT1H from server.
Fetching https://www.freeview.co.uk/api/program?sid=4&nid=64403&pid=crid://csi.digitaluk.co.uk/ec62765b-df53-401d-aa2a-41145101dde4&start=2026-06-22T12:10:00+0000&duration=PT1H from server.
Fetching https://www.freeview.co.uk/api/program?sid=4&nid=64403&pid=crid://csi.digitaluk.co.uk/559f8aeb-bbc9-41f9-afc1-be3a248021a8&start=2026-06-22T13:10:00+0000&duration=PT50M from server.
Fetching https://www.freeview.co.uk/api/program?sid=4&nid=64403&pid=crid://csi.digitaluk.co.uk/d43ebc24-cf2b-40af-b506-e48c968e02af&start=2026-06-22T14:00:00+0000&duration=PT1H from server.
Fetching https://www.freeview.co.uk/api/program?sid=4&nid=64403&pid=crid://csi.digitaluk.co.uk/cb0a1a82-9a0e-45cd-9d70-cfa93067b9ce&start=2026-06-22T15:00:00+0000&duration=PT1H from server.
Fetching https://www.freeview.co.uk/api/program?sid=4&nid=64403&pid=crid://csi.digitaluk.co.uk/42fe4406-87f7-455d-8cd7-78d15cfccce9&start=2026-06-22T16:00:00+0000&duration=PT1H from server.
Fetching https://www.freeview.co.uk/api/program?sid=4&nid=64403&pid=crid://csi.digitaluk.co.uk/f6002040-8d45-420e-a40a-79e6de30b150&start=2026-06-22T17:00:00+0000&duration=PT1H from server.
Fetching https://www.freeview.co.uk/api/program?sid=4&nid=64403&pid=crid://csi.digitaluk.co.uk/d1a74cc4-7a7f-4b6f-80db-c6711470d392&start=2026-06-22T18:00:00+0000&duration=PT1H from server.
Fetching https://www.freeview.co.uk/api/program?sid=4&nid=64403&pid=crid://csi.digitaluk.co.uk/6b3594cf-b5df-44cd-8eba-64a62a5b0fc5&start=2026-06-22T19:00:00+0000&duration=PT1H from server.
Fetching https://www.freeview.co.uk/api/program?sid=4&nid=64403&pid=crid://csi.digitaluk.co.uk/ce17cc5c-aa12-4eb8-bf90-511545b970bc&start=2026-06-22T20:00:00+0000&duration=PT1H from server.
Fetching https://www.freeview.co.uk/api/program?sid=4&nid=64403&pid=crid://csi.digitaluk.co.uk/16ff92dc-b53f-4519-94df-de4820552c04&start=2026-06-22T21:00:00+0000&duration=PT1H5M from server.
Fetching https://www.freeview.co.uk/api/program?sid=4&nid=64403&pid=crid://csi.digitaluk.co.uk/108a3c88-30ba-4500-82a2-fb9bcfd89543&start=2026-06-22T22:05:00+0000&duration=PT55M from server.
Fetching https://www.freeview.co.uk/api/program?sid=4&nid=64403&pid=crid://csi.digitaluk.co.uk/f04ecbf1-c620-4344-a901-1f024704f134&start=2026-06-22T23:00:00+0000&duration=PT1H from server.
## Wanted 8500 
Fetching https://www.freeview.co.uk/api/program?sid=5&nid=64403&pid=crid://panorama.five.tv/versions/C5349600001A&start=2026-06-22T00:00:00+0000&duration=PT1H from server.
Fetching https://www.freeview.co.uk/api/program?sid=5&nid=64403&pid=crid://panorama.five.tv/versions/C5266540001A&start=2026-06-22T01:00:00+0000&duration=PT30M from server.
Fetching https://www.freeview.co.uk/api/program?sid=5&nid=64403&pid=crid://panorama.five.tv/versions/C5381980015A&start=2026-06-22T01:30:00+0000&duration=PT50M from server.
Fetching https://www.freeview.co.uk/api/program?sid=5&nid=64403&pid=crid://panorama.five.tv/versions/C5255310024A&start=2026-06-22T02:20:00+0000&duration=PT25M from server.
Fetching https://www.freeview.co.uk/api/program?sid=5&nid=64403&pid=crid://panorama.five.tv/versions/C5255320001B&start=2026-06-22T02:45:00+0000&duration=PT25M from server.
Fetching https://www.freeview.co.uk/api/program?sid=5&nid=64403&pid=crid://panorama.five.tv/versions/C5255320002B&start=2026-06-22T03:10:00+0000&duration=PT25M from server.
Fetching https://www.freeview.co.uk/api/program?sid=5&nid=64403&pid=crid://panorama.five.tv/versions/C5508560010A&start=2026-06-22T03:35:00+0000&duration=PT50M from server.
Fetching https://www.freeview.co.uk/api/program?sid=5&nid=64403&pid=crid://panorama.five.tv/versions/C5522700026A&start=2026-06-22T04:25:00+0000&duration=PT10M from server.
Fetching https://www.freeview.co.uk/api/program?sid=5&nid=64403&pid=crid://panorama.five.tv/versions/C5456960004A&start=2026-06-22T04:35:00+0000&duration=PT15M from server.
Fetching https://www.freeview.co.uk/api/program?sid=5&nid=64403&pid=crid://panorama.five.tv/versions/C5475400015A&start=2026-06-22T04:50:00+0000&duration=PT10M from server.
Fetching https://www.freeview.co.uk/api/program?sid=5&nid=64403&pid=crid://panorama.five.tv/versions/C5270620009A&start=2026-06-22T05:00:00+0000&duration=PT5M from server.
Fetching https://www.freeview.co.uk/api/program?sid=5&nid=64403&pid=crid://panorama.five.tv/versions/C5270620010A&start=2026-06-22T05:05:00+0000&duration=PT5M from server.
Fetching https://www.freeview.co.uk/api/program?sid=5&nid=64403&pid=crid://panorama.five.tv/versions/C5392420005A&start=2026-06-22T05:10:00+0000&duration=PT5M from server.
Fetching https://www.freeview.co.uk/api/program?sid=5&nid=64403&pid=crid://panorama.five.tv/versions/C5416520016A&start=2026-06-22T05:15:00+0000&duration=PT5M from server.
Fetching https://www.freeview.co.uk/api/program?sid=5&nid=64403&pid=crid://panorama.five.tv/versions/C5277330008A&start=2026-06-22T05:20:00+0000&duration=PT15M from server.
Fetching https://www.freeview.co.uk/api/program?sid=5&nid=64403&pid=crid://panorama.five.tv/versions/C5457140011A&start=2026-06-22T05:35:00+0000&duration=PT10M from server.
Fetching https://www.freeview.co.uk/api/program?sid=5&nid=64403&pid=crid://panorama.five.tv/versions/C5270620011A&start=2026-06-22T05:45:00+0000&duration=PT5M from server.
Fetching https://www.freeview.co.uk/api/program?sid=5&nid=64403&pid=crid://panorama.five.tv/versions/C5408820047A&start=2026-06-22T05:50:00+0000&duration=PT5M from server.
Fetching https://www.freeview.co.uk/api/program?sid=5&nid=64403&pid=crid://panorama.five.tv/versions/C5446160043A&start=2026-06-22T05:55:00+0000&duration=PT15M from server.
Fetching https://www.freeview.co.uk/api/program?sid=5&nid=64403&pid=crid://panorama.five.tv/versions/C5514960002B&start=2026-06-22T06:10:00+0000&duration=PT10M from server.
Fetching https://www.freeview.co.uk/api/program?sid=5&nid=64403&pid=crid://panorama.five.tv/versions/C5528380007A&start=2026-06-22T06:20:00+0000&duration=PT10M from server.
Fetching https://www.freeview.co.uk/api/program?sid=5&nid=64403&pid=crid://panorama.five.tv/versions/C5216600013A&start=2026-06-22T06:30:00+0000&duration=PT5M from server.
Fetching https://www.freeview.co.uk/api/program?sid=5&nid=64403&pid=crid://panorama.five.tv/versions/C5157100022B&start=2026-06-22T06:35:00+0000&duration=PT5M from server.
Fetching https://www.freeview.co.uk/api/program?sid=5&nid=64403&pid=crid://panorama.five.tv/versions/C5463540016A&start=2026-06-22T06:40:00+0000&duration=PT15M from server.
Fetching https://www.freeview.co.uk/api/program?sid=5&nid=64403&pid=crid://panorama.five.tv/versions/C5285680036A&start=2026-06-22T06:55:00+0000&duration=PT20M from server.
Fetching https://www.freeview.co.uk/api/program?sid=5&nid=64403&pid=crid://panorama.five.tv/versions/C5528340005A&start=2026-06-22T07:15:00+0000&duration=PT10M from server.
Fetching https://www.freeview.co.uk/api/program?sid=5&nid=64403&pid=crid://panorama.five.tv/versions/C5332400004B&start=2026-06-22T07:25:00+0000&duration=PT10M from server.
Fetching https://www.freeview.co.uk/api/program?sid=5&nid=64403&pid=crid://panorama.five.tv/versions/C5151860002B&start=2026-06-22T07:35:00+0000&duration=PT15M from server.
Fetching https://www.freeview.co.uk/api/program?sid=5&nid=64403&pid=crid://panorama.five.tv/versions/C5506120003A&start=2026-06-22T07:50:00+0000&duration=PT10M from server.
Fetching https://www.freeview.co.uk/api/program?sid=5&nid=64403&pid=crid://panorama.five.tv/versions/C5115230007C&start=2026-06-22T08:00:00+0000&duration=PT5M from server.
Fetching https://www.freeview.co.uk/api/program?sid=5&nid=64403&pid=crid://panorama.five.tv/versions/C5536720001A&start=2026-06-22T08:05:00+0000&duration=PT10M from server.
Fetching https://www.freeview.co.uk/api/program?sid=5&nid=64403&pid=crid://panorama.five.tv/versions/C5524340121A&start=2026-06-22T08:15:00+0000&duration=PT2H15M from server.
Fetching https://www.freeview.co.uk/api/program?sid=5&nid=64403&pid=crid://panorama.five.tv/versions/C5524360121A&start=2026-06-22T10:30:00+0000&duration=PT1H15M from server.
Fetching https://www.freeview.co.uk/api/program?sid=5&nid=64403&pid=crid://panorama.five.tv/versions/C5524440121A&start=2026-06-22T11:45:00+0000&duration=PT5M from server.
Fetching https://www.freeview.co.uk/api/program?sid=5&nid=64403&pid=crid://panorama.five.tv/versions/C5526780121A&start=2026-06-22T11:50:00+0000&duration=PT1H10M from server.
Fetching https://www.freeview.co.uk/api/program?sid=5&nid=64403&pid=crid://panorama.five.tv/versions/C5524380121A&start=2026-06-22T13:00:00+0000&duration=PT1H from server.
Fetching https://www.freeview.co.uk/api/program?sid=5&nid=64403&pid=crid://panorama.five.tv/versions/C5183640007B&start=2026-06-22T14:00:00+0000&duration=PT55M from server.
Fetching https://www.freeview.co.uk/api/program?sid=5&nid=64403&pid=crid://panorama.five.tv/versions/C5183640008C&start=2026-06-22T14:55:00+0000&duration=PT55M from server.
Fetching https://www.freeview.co.uk/api/program?sid=5&nid=64403&pid=crid://panorama.five.tv/versions/C5528520044A&start=2026-06-22T15:50:00+0000&duration=PT10M from server.
Fetching https://www.freeview.co.uk/api/program?sid=5&nid=64403&pid=crid://panorama.five.tv/versions/C5524400120A&start=2026-06-22T16:00:00+0000&duration=PT1H from server.
Fetching https://www.freeview.co.uk/api/program?sid=5&nid=64403&pid=crid://panorama.five.tv/versions/C5470500001B&start=2026-06-22T17:00:00+0000&duration=PT1H from server.
Fetching https://www.freeview.co.uk/api/program?sid=5&nid=64403&pid=crid://panorama.five.tv/versions/C5453540011B&start=2026-06-22T18:00:00+0000&duration=PT1H from server.
Fetching https://www.freeview.co.uk/api/program?sid=5&nid=64403&pid=crid://panorama.five.tv/versions/C5490220011B&start=2026-06-22T19:00:00+0000&duration=PT1H from server.
Fetching https://www.freeview.co.uk/api/program?sid=5&nid=64403&pid=crid://panorama.five.tv/versions/C5533480005A&start=2026-06-22T20:00:00+0000&duration=PT1H from server.
Fetching https://www.freeview.co.uk/api/program?sid=5&nid=64403&pid=crid://panorama.five.tv/versions/C5467540001C&start=2026-06-22T21:00:00+0000&duration=PT1H5M from server.
Fetching https://www.freeview.co.uk/api/program?sid=5&nid=64403&pid=crid://panorama.five.tv/versions/C5449740003B&start=2026-06-22T22:05:00+0000&duration=PT1H from server.
Fetching https://www.freeview.co.uk/api/program?sid=5&nid=64403&pid=crid://panorama.five.tv/versions/C5398800011E&start=2026-06-22T23:05:00+0000&duration=PT55M from server.
### Wanted 28000 
Fetching https://www.freeview.co.uk/api/program?sid=12&nid=64403&pid=crid://csi.digitaluk.co.uk/9d8a053b-bbb8-4431-bdeb-afa22084d432&start=2026-06-22T00:00:00+0000&duration=PT30M from server.
Fetching https://www.freeview.co.uk/api/program?sid=12&nid=64403&pid=crid://csi.digitaluk.co.uk/e263370b-877f-4f83-8e1b-080b9a348d5a&start=2026-06-22T00:30:00+0000&duration=PT30M from server.
Fetching https://www.freeview.co.uk/api/program?sid=12&nid=64403&pid=crid://csi.digitaluk.co.uk/5a34c36c-e0df-418a-b868-57c4cbb592be&start=2026-06-22T01:00:00+0000&duration=PT30M from server.
Fetching https://www.freeview.co.uk/api/program?sid=12&nid=64403&pid=crid://csi.digitaluk.co.uk/100b08c9-c08c-41bb-a9c6-4e53a2ab1f4b&start=2026-06-22T01:30:00+0000&duration=PT30M from server.
Fetching https://www.freeview.co.uk/api/program?sid=12&nid=64403&pid=crid://csi.digitaluk.co.uk/200f5d51-2d79-49db-a3d3-1a1bb1435127&start=2026-06-22T02:00:00+0000&duration=PT1H from server.
Fetching https://www.freeview.co.uk/api/program?sid=12&nid=64403&pid=crid://csi.digitaluk.co.uk/539f911b-2d06-4fe8-9c9b-9850aec2cbf4&start=2026-06-22T03:00:00+0000&duration=PT1H from server.
Fetching https://www.freeview.co.uk/api/program?sid=12&nid=64403&pid=crid://csi.digitaluk.co.uk/fe430448-ef70-4161-bac4-c1394f7e3891&start=2026-06-22T04:00:00+0000&duration=PT1H from server.
Fetching https://www.freeview.co.uk/api/program?sid=12&nid=64403&pid=crid://csi.digitaluk.co.uk/243cacdf-c65b-492b-9ef2-773a071585e0&start=2026-06-22T05:00:00+0000&duration=PT30M from server.
Fetching https://www.freeview.co.uk/api/program?sid=12&nid=64403&pid=crid://csi.digitaluk.co.uk/a6fe0fd3-e52c-4ac7-8b38-3e71493d0616&start=2026-06-22T05:30:00+0000&duration=PT30M from server.
Fetching https://www.freeview.co.uk/api/program?sid=12&nid=64403&pid=crid://csi.digitaluk.co.uk/32b2f049-7c86-4081-9f96-94cd6e73dd74&start=2026-06-22T06:00:00+0000&duration=PT30M from server.
Fetching https://www.freeview.co.uk/api/program?sid=12&nid=64403&pid=crid://csi.digitaluk.co.uk/cf48fc77-807d-4a65-98b7-50b494cd66ee&start=2026-06-22T06:30:00+0000&duration=PT30M from server.
Fetching https://www.freeview.co.uk/api/program?sid=12&nid=64403&pid=crid://csi.digitaluk.co.uk/e0e99bd5-b9d0-4183-a23e-dffa8465c356&start=2026-06-22T07:00:00+0000&duration=PT30M from server.
Fetching https://www.freeview.co.uk/api/program?sid=12&nid=64403&pid=crid://csi.digitaluk.co.uk/8d392501-2770-4c38-858c-e7dcd9d5975e&start=2026-06-22T07:30:00+0000&duration=PT30M from server.
Fetching https://www.freeview.co.uk/api/program?sid=12&nid=64403&pid=crid://csi.digitaluk.co.uk/ae837b23-b88b-4ef6-a298-eadd8f9797bb&start=2026-06-22T08:00:00+0000&duration=PT30M from server.
Fetching https://www.freeview.co.uk/api/program?sid=12&nid=64403&pid=crid://csi.digitaluk.co.uk/e5f29255-6e16-4b89-a705-35379a088a78&start=2026-06-22T08:30:00+0000&duration=PT30M from server.
Fetching https://www.freeview.co.uk/api/program?sid=12&nid=64403&pid=crid://csi.digitaluk.co.uk/c780b38d-9047-4608-9d01-a26a991f5894&start=2026-06-22T09:00:00+0000&duration=PT30M from server.
Fetching https://www.freeview.co.uk/api/program?sid=12&nid=64403&pid=crid://csi.digitaluk.co.uk/2f023799-006d-4050-92af-9d49c3ee193a&start=2026-06-22T09:30:00+0000&duration=PT30M from server.
Fetching https://www.freeview.co.uk/api/program?sid=12&nid=64403&pid=crid://csi.digitaluk.co.uk/c45140ce-8dc9-4201-af54-e6025fbe8854&start=2026-06-22T10:00:00+0000&duration=PT30M from server.
Fetching https://www.freeview.co.uk/api/program?sid=12&nid=64403&pid=crid://csi.digitaluk.co.uk/2b17faed-73ff-4265-b75a-b3f03574aa7d&start=2026-06-22T10:30:00+0000&duration=PT30M from server.
Fetching https://www.freeview.co.uk/api/program?sid=12&nid=64403&pid=crid://csi.digitaluk.co.uk/9e39762b-f2d1-4678-8d36-00303dfac799&start=2026-06-22T11:00:00+0000&duration=PT30M from server.
Fetching https://www.freeview.co.uk/api/program?sid=12&nid=64403&pid=crid://csi.digitaluk.co.uk/a36d78d5-2006-4a6b-9470-e544a8984e97&start=2026-06-22T11:30:00+0000&duration=PT30M from server.
Fetching https://www.freeview.co.uk/api/program?sid=12&nid=64403&pid=crid://csi.digitaluk.co.uk/d1ca3996-dfc0-41a5-824f-3e9f7d34a8ce&start=2026-06-22T12:00:00+0000&duration=PT30M from server.
Fetching https://www.freeview.co.uk/api/program?sid=12&nid=64403&pid=crid://csi.digitaluk.co.uk/68976d0e-b6f7-4a55-9397-9a1f0eada16c&start=2026-06-22T12:30:00+0000&duration=PT30M from server.
Fetching https://www.freeview.co.uk/api/program?sid=12&nid=64403&pid=crid://csi.digitaluk.co.uk/b6a0c820-944e-43f5-a152-c04698fabaef&start=2026-06-22T13:00:00+0000&duration=PT30M from server.
Fetching https://www.freeview.co.uk/api/program?sid=12&nid=64403&pid=crid://csi.digitaluk.co.uk/125624c3-e473-49e6-b74f-dc20fdcf90dc&start=2026-06-22T13:30:00+0000&duration=PT30M from server.
Fetching https://www.freeview.co.uk/api/program?sid=12&nid=64403&pid=crid://csi.digitaluk.co.uk/f4af4d5a-fa81-4be8-b33f-d178cb8246b5&start=2026-06-22T14:00:00+0000&duration=PT30M from server.
Fetching https://www.freeview.co.uk/api/program?sid=12&nid=64403&pid=crid://csi.digitaluk.co.uk/5f4a4606-bff3-425e-a82a-76e65e51b299&start=2026-06-22T14:30:00+0000&duration=PT30M from server.
Fetching https://www.freeview.co.uk/api/program?sid=12&nid=64403&pid=crid://csi.digitaluk.co.uk/595fdb70-0de6-4d49-88da-5508b42f9c0f&start=2026-06-22T15:00:00+0000&duration=PT30M from server.
Fetching https://www.freeview.co.uk/api/program?sid=12&nid=64403&pid=crid://csi.digitaluk.co.uk/fc23f05b-4460-4079-ba3f-37f15f8878e9&start=2026-06-22T15:30:00+0000&duration=PT30M from server.
Fetching https://www.freeview.co.uk/api/program?sid=12&nid=64403&pid=crid://csi.digitaluk.co.uk/6acd1c06-90c0-4e39-bc87-7f41d69b9710&start=2026-06-22T16:00:00+0000&duration=PT30M from server.
Fetching https://www.freeview.co.uk/api/program?sid=12&nid=64403&pid=crid://csi.digitaluk.co.uk/c78b5c1d-7219-4953-9f7b-17b8443fd5d5&start=2026-06-22T16:30:00+0000&duration=PT30M from server.
Fetching https://www.freeview.co.uk/api/program?sid=12&nid=64403&pid=crid://csi.digitaluk.co.uk/d69ada67-3a87-4154-bc45-23ff78f5f2b0&start=2026-06-22T17:00:00+0000&duration=PT30M from server.
Fetching https://www.freeview.co.uk/api/program?sid=12&nid=64403&pid=crid://csi.digitaluk.co.uk/3110ba68-26bc-4d2d-9f73-a6acc6b1a08d&start=2026-06-22T17:30:00+0000&duration=PT30M from server.
Fetching https://www.freeview.co.uk/api/program?sid=12&nid=64403&pid=crid://csi.digitaluk.co.uk/aa71a93a-2db0-47cb-8b3b-86852ffa6a8a&start=2026-06-22T18:00:00+0000&duration=PT30M from server.
Fetching https://www.freeview.co.uk/api/program?sid=12&nid=64403&pid=crid://csi.digitaluk.co.uk/f8bac267-8390-4270-abfd-afd34f7b43d7&start=2026-06-22T18:30:00+0000&duration=PT30M from server.
Fetching https://www.freeview.co.uk/api/program?sid=12&nid=64403&pid=crid://csi.digitaluk.co.uk/05e8f407-b2b4-4b0e-a39f-ae5d6a122b3c&start=2026-06-22T19:00:00+0000&duration=PT30M from server.
Fetching https://www.freeview.co.uk/api/program?sid=12&nid=64403&pid=crid://csi.digitaluk.co.uk/94fa050d-fdd7-44a0-8b93-6aa2deaff38d&start=2026-06-22T19:30:00+0000&duration=PT30M from server.
Fetching https://www.freeview.co.uk/api/program?sid=12&nid=64403&pid=crid://csi.digitaluk.co.uk/c4240fde-e59a-4cfb-9b35-c15adfb78934&start=2026-06-22T20:00:00+0000&duration=PT1H from server.
Fetching https://www.freeview.co.uk/api/program?sid=12&nid=64403&pid=crid://csi.digitaluk.co.uk/f009be09-db66-4450-b598-94142d72e8cf&start=2026-06-22T21:00:00+0000&duration=PT2H from server.
Fetching https://www.freeview.co.uk/api/program?sid=12&nid=64403&pid=crid://csi.digitaluk.co.uk/5d855ebb-91ea-4650-b6bd-4d4003292577&start=2026-06-22T23:00:00+0000&duration=PT30M from server.
Fetching https://www.freeview.co.uk/api/program?sid=12&nid=64403&pid=crid://csi.digitaluk.co.uk/b9913383-9416-4c85-91cc-bc45621b343f&start=2026-06-22T23:30:00+0000&duration=PT30M from server.
## Wanted 8448 
Fetching https://www.freeview.co.uk/api/program?sid=13&nid=64403&pid=crid://csi.digitaluk.co.uk/ad0cf70c-5bc5-44f7-9a95-394816e8536d&start=2026-06-22T00:00:00+0000&duration=PT1H5M from server.
Fetching https://www.freeview.co.uk/api/program?sid=13&nid=64403&pid=crid://csi.digitaluk.co.uk/f3aa9b9f-975d-426d-8199-30e4481af69c&start=2026-06-22T01:05:00+0000&duration=PT25M from server.
Fetching https://www.freeview.co.uk/api/program?sid=13&nid=64403&pid=crid://csi.digitaluk.co.uk/2ffc8c0c-c247-4353-ae67-4b44339f6b8a&start=2026-06-22T01:30:00+0000&duration=PT25M from server.
Fetching https://www.freeview.co.uk/api/program?sid=13&nid=64403&pid=crid://csi.digitaluk.co.uk/1369add0-9c51-43c6-9dca-5cfe17d0d787&start=2026-06-22T01:55:00+0000&duration=PT25M from server.
Fetching https://www.freeview.co.uk/api/program?sid=13&nid=64403&pid=crid://csi.digitaluk.co.uk/647f27b5-6cae-47a0-95d0-619ce07437ee&start=2026-06-22T02:20:00+0000&duration=PT25M from server.
Fetching https://www.freeview.co.uk/api/program?sid=13&nid=64403&pid=crid://csi.digitaluk.co.uk/13505a35-be81-463c-9907-a2fd72dd9a2c&start=2026-06-22T02:45:00+0000&duration=PT25M from server.
Fetching https://www.freeview.co.uk/api/program?sid=13&nid=64403&pid=crid://csi.digitaluk.co.uk/b1e4bab8-6019-4f1e-a92f-c876c82e9e2d&start=2026-06-22T03:10:00+0000&duration=PT1H50M from server.
Fetching https://www.freeview.co.uk/api/program?sid=13&nid=64403&pid=crid://movida.bebanjo.net/mas/version/76930/070/ASDELIVERED/C&start=2026-06-22T05:00:00+0000&duration=PT30M from server.
Fetching https://www.freeview.co.uk/api/program?sid=13&nid=64403&pid=crid://movida.bebanjo.net/mas/version/76930/071/ASDELIVERED/C&start=2026-06-22T05:30:00+0000&duration=PT25M from server.
Fetching https://www.freeview.co.uk/api/program?sid=13&nid=64403&pid=crid://csi.digitaluk.co.uk/e8e10933-2b18-4c0f-b644-b68076b47cc6&start=2026-06-22T05:55:00+0000&duration=PT5M from server.
Fetching https://www.freeview.co.uk/api/program?sid=13&nid=64403&pid=crid://csi.digitaluk.co.uk/91e2bef5-dd42-49b5-a5da-6628532c6e55&start=2026-06-22T06:00:00+0000&duration=PT1H from server.
Fetching https://www.freeview.co.uk/api/program?sid=13&nid=64403&pid=crid://csi.digitaluk.co.uk/bdae3482-d6ae-4524-9e62-635a82793d46&start=2026-06-22T07:00:00+0000&duration=PT1H from server.
Fetching https://www.freeview.co.uk/api/program?sid=13&nid=64403&pid=crid://csi.digitaluk.co.uk/42a40a90-0b7a-4600-80b9-04ce74ee6910&start=2026-06-22T08:00:00+0000&duration=PT1H from server.
Fetching https://www.freeview.co.uk/api/program?sid=13&nid=64403&pid=crid://movida.bebanjo.net/mas/version/79370/010/POST2000/C&start=2026-06-22T09:00:00+0000&duration=PT1H from server.
Fetching https://www.freeview.co.uk/api/program?sid=13&nid=64403&pid=crid://csi.digitaluk.co.uk/10a0c40d-cd84-42cd-84f0-3d76b05025a3&start=2026-06-22T10:00:00+0000&duration=PT30M from server.
Fetching https://www.freeview.co.uk/api/program?sid=13&nid=64403&pid=crid://csi.digitaluk.co.uk/bc5b0dc5-8770-4910-a848-8ecb8729b665&start=2026-06-22T10:30:00+0000&duration=PT30M from server.
Fetching https://www.freeview.co.uk/api/program?sid=13&nid=64403&pid=crid://csi.digitaluk.co.uk/6e15586a-44b9-4d12-a677-3519803ec0c8&start=2026-06-22T11:00:00+0000&duration=PT30M from server.
Fetching https://www.freeview.co.uk/api/program?sid=13&nid=64403&pid=crid://csi.digitaluk.co.uk/ccf225dd-04a2-4296-ae97-ba015b98ce0b&start=2026-06-22T11:30:00+0000&duration=PT30M from server.
Fetching https://www.freeview.co.uk/api/program?sid=13&nid=64403&pid=crid://csi.digitaluk.co.uk/b4ddb467-b083-4f2e-9ac7-4058b30483d9&start=2026-06-22T12:00:00+0000&duration=PT30M from server.
Fetching https://www.freeview.co.uk/api/program?sid=13&nid=64403&pid=crid://csi.digitaluk.co.uk/257c27df-e0fa-4a3c-b17a-535230f5da86&start=2026-06-22T12:30:00+0000&duration=PT30M from server.
Fetching https://www.freeview.co.uk/api/program?sid=13&nid=64403&pid=crid://csi.digitaluk.co.uk/b4e81d24-c249-452e-8a7f-bf7b75d6e34e&start=2026-06-22T13:00:00+0000&duration=PT30M from server.
Fetching https://www.freeview.co.uk/api/program?sid=13&nid=64403&pid=crid://csi.digitaluk.co.uk/47d83c97-b91f-4c6a-b416-9062499b08ed&start=2026-06-22T13:30:00+0000&duration=PT30M from server.
Fetching https://www.freeview.co.uk/api/program?sid=13&nid=64403&pid=crid://csi.digitaluk.co.uk/a795a04e-7dc1-4e80-ae02-33679a41baf9&start=2026-06-22T14:00:00+0000&duration=PT30M from server.
Fetching https://www.freeview.co.uk/api/program?sid=13&nid=64403&pid=crid://csi.digitaluk.co.uk/c774ee1d-61f2-4a2a-bd2c-d9b3f01690a8&start=2026-06-22T14:30:00+0000&duration=PT30M from server.
Fetching https://www.freeview.co.uk/api/program?sid=13&nid=64403&pid=crid://csi.digitaluk.co.uk/ed405af5-2d3a-4825-afe5-07e8ac29aa51&start=2026-06-22T15:00:00+0000&duration=PT30M from server.
Fetching https://www.freeview.co.uk/api/program?sid=13&nid=64403&pid=crid://csi.digitaluk.co.uk/43ac83c3-a885-4cd4-94d5-00cbdb526b5d&start=2026-06-22T15:30:00+0000&duration=PT30M from server.
Fetching https://www.freeview.co.uk/api/program?sid=13&nid=64403&pid=crid://csi.digitaluk.co.uk/981d17f5-afa1-44ec-a439-3c385a4b3be1&start=2026-06-22T16:00:00+0000&duration=PT30M from server.
Fetching https://www.freeview.co.uk/api/program?sid=13&nid=64403&pid=crid://csi.digitaluk.co.uk/77731770-0de8-4875-9dad-13eb25749b6a&start=2026-06-22T16:30:00+0000&duration=PT30M from server.
Fetching https://www.freeview.co.uk/api/program?sid=13&nid=64403&pid=crid://csi.digitaluk.co.uk/5ceb7d44-562d-4362-aa34-03c7066f24b7&start=2026-06-22T17:00:00+0000&duration=PT30M from server.
Fetching https://www.freeview.co.uk/api/program?sid=13&nid=64403&pid=crid://movida.bebanjo.net/mas/version/76930/071/ASDELIVERED/C&start=2026-06-22T17:30:00+0000&duration=PT30M from server.
Fetching https://www.freeview.co.uk/api/program?sid=13&nid=64403&pid=crid://csi.digitaluk.co.uk/6e0e268c-be02-4b8f-9ebb-992bc8843c05&start=2026-06-22T18:00:00+0000&duration=PT30M from server.
Fetching https://www.freeview.co.uk/api/program?sid=13&nid=64403&pid=crid://csi.digitaluk.co.uk/ca1f759d-e798-4608-8888-01fcce876971&start=2026-06-22T18:30:00+0000&duration=PT30M from server.
Fetching https://www.freeview.co.uk/api/program?sid=13&nid=64403&pid=crid://csi.digitaluk.co.uk/6fb99858-2076-4eec-a922-7e15804b5ca9&start=2026-06-22T19:00:00+0000&duration=PT1H from server.
Fetching https://www.freeview.co.uk/api/program?sid=13&nid=64403&pid=crid://csi.digitaluk.co.uk/a79442d1-53ac-4c50-bcde-8147c1369005&start=2026-06-22T20:00:00+0000&duration=PT1H from server.
Fetching https://www.freeview.co.uk/api/program?sid=13&nid=64403&pid=crid://csi.digitaluk.co.uk/ecaa507d-76f6-4784-a618-2bd8c88f452e&start=2026-06-22T21:00:00+0000&duration=PT1H5M from server.
Fetching https://www.freeview.co.uk/api/program?sid=13&nid=64403&pid=crid://csi.digitaluk.co.uk/ad750f2f-6d46-471a-aff7-d876694f0765&start=2026-06-22T22:05:00+0000&duration=PT1H5M from server.
Fetching https://www.freeview.co.uk/api/program?sid=13&nid=64403&pid=crid://csi.digitaluk.co.uk/0fe5dc08-10d3-4ed5-905d-6e409d6a9494&start=2026-06-22T23:10:00+0000&duration=PT1H from server.
### Wanted 8385 
Fetching https://www.freeview.co.uk/api/program?sid=14&nid=64403&pid=crid://csi.digitaluk.co.uk/0daca51e-d48e-4cae-880f-2039ea17375d&start=2026-06-22T00:45:00+0000&duration=PT1H55M from server.
Fetching https://www.freeview.co.uk/api/program?sid=14&nid=64403&pid=crid://csi.digitaluk.co.uk/ccd97159-803d-427d-9429-c41ef57355fc&start=2026-06-22T02:40:00+0000&duration=PT3H20M from server.
Fetching https://www.freeview.co.uk/api/program?sid=14&nid=64403&pid=crid://csi.digitaluk.co.uk/132eb4e2-e8bf-423c-a5bd-4b3b998cf02a&start=2026-06-22T06:00:00+0000&duration=PT1H from server.
Fetching https://www.freeview.co.uk/api/program?sid=14&nid=64403&pid=crid://csi.digitaluk.co.uk/07ce67ef-a3b2-425e-baba-2b04bc3f0c7e&start=2026-06-22T07:00:00+0000&duration=PT30M from server.
Fetching https://www.freeview.co.uk/api/program?sid=14&nid=64403&pid=crid://csi.digitaluk.co.uk/eb916c8a-6c54-4d26-84d7-2323d9cd59bd&start=2026-06-22T07:30:00+0000&duration=PT2H30M from server.
Fetching https://www.freeview.co.uk/api/program?sid=14&nid=64403&pid=crid://csi.digitaluk.co.uk/a54fcfb3-bad6-4309-9421-d75cefceadde&start=2026-06-22T10:00:00+0000&duration=PT1H45M from server.
Fetching https://www.freeview.co.uk/api/program?sid=14&nid=64403&pid=crid://csi.digitaluk.co.uk/7abb8a63-4115-4152-a2d9-27547c53f173&start=2026-06-22T11:45:00+0000&duration=PT1H55M from server.
Fetching https://www.freeview.co.uk/api/program?sid=14&nid=64403&pid=crid://csi.digitaluk.co.uk/72750dbc-ddad-4fd4-97a4-d213ce0e053d&start=2026-06-22T13:40:00+0000&duration=PT2H5M from server.
Fetching https://www.freeview.co.uk/api/program?sid=14&nid=64403&pid=crid://csi.digitaluk.co.uk/fa6118ba-1319-4189-b267-e75d25fb2856&start=2026-06-22T15:45:00+0000&duration=PT2H10M from server.
Fetching https://www.freeview.co.uk/api/program?sid=14&nid=64403&pid=crid://csi.digitaluk.co.uk/b47daf33-430e-4d04-8fde-1207c3c0c0d8&start=2026-06-22T17:55:00+0000&duration=PT2H5M from server.
Fetching https://www.freeview.co.uk/api/program?sid=14&nid=64403&pid=crid://csi.digitaluk.co.uk/ddf59b79-d2d8-4ea8-bea6-9647fe6a60f1&start=2026-06-22T20:00:00+0000&duration=PT2H35M from server.
Fetching https://www.freeview.co.uk/api/program?sid=14&nid=64403&pid=crid://csi.digitaluk.co.uk/7c44fd71-58b8-4c6d-8dd1-7981b61862f1&start=2026-06-22T22:35:00+0000&duration=PT2H20M from server.
## Wanted 27328 
Fetching https://www.freeview.co.uk/api/program?sid=17&nid=64403&pid=crid://csi.digitaluk.co.uk/1daa470f-67b3-4068-8a73-f45ad13ed5b6&start=2026-06-22T00:00:00+0000&duration=PT1H from server.
Fetching https://www.freeview.co.uk/api/program?sid=17&nid=64403&pid=crid://csi.digitaluk.co.uk/e8a09310-343b-455f-b51c-f0c443e847e9&start=2026-06-22T01:00:00+0000&duration=PT1H from server.
Fetching https://www.freeview.co.uk/api/program?sid=17&nid=64403&pid=crid://csi.digitaluk.co.uk/16aa79f9-6feb-4f6a-b677-aaca443069a1&start=2026-06-22T02:00:00+0000&duration=PT1H from server.
Fetching https://www.freeview.co.uk/api/program?sid=17&nid=64403&pid=crid://csi.digitaluk.co.uk/aed9660e-d361-46fa-a046-403848ad3f94&start=2026-06-22T03:00:00+0000&duration=PT30M from server.
Fetching https://www.freeview.co.uk/api/program?sid=17&nid=64403&pid=crid://csi.digitaluk.co.uk/cfcbb29a-97c3-4044-a8e2-65c06279c264&start=2026-06-22T03:30:00+0000&duration=PT30M from server.
Fetching https://www.freeview.co.uk/api/program?sid=17&nid=64403&pid=crid://csi.digitaluk.co.uk/2c413c6e-8f46-420e-84de-ca47917659e5&start=2026-06-22T04:00:00+0000&duration=PT30M from server.
Fetching https://www.freeview.co.uk/api/program?sid=17&nid=64403&pid=crid://csi.digitaluk.co.uk/33745182-2e96-4297-b324-a2ad9d43387f&start=2026-06-22T04:30:00+0000&duration=PT30M from server.
Fetching https://www.freeview.co.uk/api/program?sid=17&nid=64403&pid=crid://csi.digitaluk.co.uk/c4d55841-1706-4c3c-acfb-565244aa0744&start=2026-06-22T05:00:00+0000&duration=PT1H from server.
Fetching https://www.freeview.co.uk/api/program?sid=17&nid=64403&pid=crid://csi.digitaluk.co.uk/375b97ec-7ae9-496c-887b-6a5eb3453b51&start=2026-06-22T06:00:00+0000&duration=PT1H from server.
Fetching https://www.freeview.co.uk/api/program?sid=17&nid=64403&pid=crid://csi.digitaluk.co.uk/0067e632-b923-4b8b-b6d8-6b575dcd9af8&start=2026-06-22T07:00:00+0000&duration=PT1H from server.
Fetching https://www.freeview.co.uk/api/program?sid=17&nid=64403&pid=crid://csi.digitaluk.co.uk/41ddd3fa-087c-43f7-aede-9f127d34e717&start=2026-06-22T08:00:00+0000&duration=PT1H from server.
Fetching https://www.freeview.co.uk/api/program?sid=17&nid=64403&pid=crid://csi.digitaluk.co.uk/182a9af7-7080-4867-99b9-f07b44f3fc67&start=2026-06-22T09:00:00+0000&duration=PT1H from server.
Fetching https://www.freeview.co.uk/api/program?sid=17&nid=64403&pid=crid://csi.digitaluk.co.uk/50530aa0-83c7-431e-9ac3-34ae535d2eed&start=2026-06-22T10:00:00+0000&duration=PT1H from server.
Fetching https://www.freeview.co.uk/api/program?sid=17&nid=64403&pid=crid://csi.digitaluk.co.uk/58173f44-1855-44b6-9796-97391ff824ce&start=2026-06-22T11:00:00+0000&duration=PT1H from server.
Fetching https://www.freeview.co.uk/api/program?sid=17&nid=64403&pid=crid://csi.digitaluk.co.uk/2f84d10f-d111-4bfc-8ce1-86ffa1f6033b&start=2026-06-22T12:00:00+0000&duration=PT1H from server.
Fetching https://www.freeview.co.uk/api/program?sid=17&nid=64403&pid=crid://csi.digitaluk.co.uk/70321bb4-4b12-4686-83ee-dd50990b4457&start=2026-06-22T13:00:00+0000&duration=PT30M from server.
Fetching https://www.freeview.co.uk/api/program?sid=17&nid=64403&pid=crid://csi.digitaluk.co.uk/60464dd3-9b96-40dc-ae7c-231c486afe07&start=2026-06-22T13:30:00+0000&duration=PT30M from server.
Fetching https://www.freeview.co.uk/api/program?sid=17&nid=64403&pid=crid://csi.digitaluk.co.uk/97b88ed5-efd4-4296-85a4-0bedff0e7aa6&start=2026-06-22T14:00:00+0000&duration=PT30M from server.
Fetching https://www.freeview.co.uk/api/program?sid=17&nid=64403&pid=crid://csi.digitaluk.co.uk/6931b994-fd54-483b-8274-4003c029155b&start=2026-06-22T14:30:00+0000&duration=PT30M from server.
Fetching https://www.freeview.co.uk/api/program?sid=17&nid=64403&pid=crid://csi.digitaluk.co.uk/2064f6ad-e208-45f8-95bc-a222d5876072&start=2026-06-22T15:00:00+0000&duration=PT1H from server.
Fetching https://www.freeview.co.uk/api/program?sid=17&nid=64403&pid=crid://csi.digitaluk.co.uk/6fa744bc-5276-40ab-8543-49a2f7a0dd18&start=2026-06-22T16:00:00+0000&duration=PT1H from server.
Fetching https://www.freeview.co.uk/api/program?sid=17&nid=64403&pid=crid://csi.digitaluk.co.uk/f7350856-331d-4809-9c42-4dec902dbcc2&start=2026-06-22T17:00:00+0000&duration=PT1H from server.
Fetching https://www.freeview.co.uk/api/program?sid=17&nid=64403&pid=crid://csi.digitaluk.co.uk/619e9ee5-0ae0-4af2-9d51-8b72522c6762&start=2026-06-22T18:00:00+0000&duration=PT1H from server.
Fetching https://www.freeview.co.uk/api/program?sid=17&nid=64403&pid=crid://csi.digitaluk.co.uk/6570543d-d15a-412b-a1f2-58d7ae4046ee&start=2026-06-22T19:00:00+0000&duration=PT1H from server.
Fetching https://www.freeview.co.uk/api/program?sid=17&nid=64403&pid=crid://csi.digitaluk.co.uk/186aeb6a-13aa-4646-9eae-811eaf5fb422&start=2026-06-22T20:00:00+0000&duration=PT30M from server.
Fetching https://www.freeview.co.uk/api/program?sid=17&nid=64403&pid=crid://csi.digitaluk.co.uk/590cd207-f47a-4274-92b6-53e8e3db5c24&start=2026-06-22T20:30:00+0000&duration=PT30M from server.
Fetching https://www.freeview.co.uk/api/program?sid=17&nid=64403&pid=crid://csi.digitaluk.co.uk/4e3cb9aa-e0f7-4048-aafb-50ce85665f3d&start=2026-06-22T21:00:00+0000&duration=PT1H from server.
Fetching https://www.freeview.co.uk/api/program?sid=17&nid=64403&pid=crid://csi.digitaluk.co.uk/2f954c14-c4e7-4d27-bdec-97d320da349a&start=2026-06-22T22:00:00+0000&duration=PT1H from server.
Fetching https://www.freeview.co.uk/api/program?sid=17&nid=64403&pid=crid://csi.digitaluk.co.uk/e41481dd-2543-4b32-9cb8-eece7b873a94&start=2026-06-22T23:00:00+0000&duration=PT30M from server.
Fetching https://www.freeview.co.uk/api/program?sid=17&nid=64403&pid=crid://csi.digitaluk.co.uk/e98735e4-1151-4504-a166-9b977f47c444&start=2026-06-22T23:30:00+0000&duration=PT30M from server.
### Wanted 8442 
Fetching https://www.freeview.co.uk/api/program?sid=18&nid=64403&pid=crid://csi.digitaluk.co.uk/74f7884a-54e4-4be0-8c0b-758ab39248d5&start=2026-06-22T00:10:00+0000&duration=PT1H5M from server.
Fetching https://www.freeview.co.uk/api/program?sid=18&nid=64403&pid=crid://csi.digitaluk.co.uk/a74cf956-f0f0-4040-94ea-4b5170332598&start=2026-06-22T01:15:00+0000&duration=PT1H5M from server.
Fetching https://www.freeview.co.uk/api/program?sid=18&nid=64403&pid=crid://csi.digitaluk.co.uk/3deb4306-8947-4569-82c7-415d67b8b25c&start=2026-06-22T02:20:00+0000&duration=PT30M from server.
Fetching https://www.freeview.co.uk/api/program?sid=18&nid=64403&pid=crid://csi.digitaluk.co.uk/b52db606-b6b5-4244-9436-f75f658e7cd8&start=2026-06-22T02:50:00+0000&duration=PT3H10M from server.
Fetching https://www.freeview.co.uk/api/program?sid=18&nid=64403&pid=crid://csi.digitaluk.co.uk/d0274125-ba54-4172-8d99-a51cad6a2811&start=2026-06-22T06:00:00+0000&duration=PT1H55M from server.
Fetching https://www.freeview.co.uk/api/program?sid=18&nid=64403&pid=crid://csi.digitaluk.co.uk/94f2286d-208a-452c-ae87-e7a08689bcc6&start=2026-06-22T07:55:00+0000&duration=PT1H from server.
Fetching https://www.freeview.co.uk/api/program?sid=18&nid=64403&pid=crid://csi.digitaluk.co.uk/13d672b3-2136-4ffc-8444-72373ce3844e&start=2026-06-22T08:55:00+0000&duration=PT1H from server.
Fetching https://www.freeview.co.uk/api/program?sid=18&nid=64403&pid=crid://csi.digitaluk.co.uk/a27126dc-b08e-4a31-b7e7-0fcb6e13a8c0&start=2026-06-22T09:55:00+0000&duration=PT30M from server.
Fetching https://www.freeview.co.uk/api/program?sid=18&nid=64403&pid=crid://csi.digitaluk.co.uk/bde3f573-bfeb-40a8-976c-85d53c563ae9&start=2026-06-22T10:25:00+0000&duration=PT30M from server.
Fetching https://www.freeview.co.uk/api/program?sid=18&nid=64403&pid=crid://csi.digitaluk.co.uk/867fadfc-593f-4420-a990-8cf249788c0c&start=2026-06-22T10:55:00+0000&duration=PT35M from server.
Fetching https://www.freeview.co.uk/api/program?sid=18&nid=64403&pid=crid://csi.digitaluk.co.uk/561a3286-4dfd-4df8-84be-058415123a26&start=2026-06-22T11:30:00+0000&duration=PT30M from server.
Fetching https://www.freeview.co.uk/api/program?sid=18&nid=64403&pid=crid://csi.digitaluk.co.uk/fb7f4582-de13-4a85-9dcf-5358f4b24da9&start=2026-06-22T12:00:00+0000&duration=PT35M from server.
Fetching https://www.freeview.co.uk/api/program?sid=18&nid=64403&pid=crid://csi.digitaluk.co.uk/5d13032a-bc31-48a9-b505-49b94b72c37e&start=2026-06-22T12:35:00+0000&duration=PT30M from server.
Fetching https://www.freeview.co.uk/api/program?sid=18&nid=64403&pid=crid://csi.digitaluk.co.uk/3c5d30ae-9c13-4a34-9fc5-56cb1607cb52&start=2026-06-22T13:05:00+0000&duration=PT30M from server.
Fetching https://www.freeview.co.uk/api/program?sid=18&nid=64403&pid=crid://csi.digitaluk.co.uk/e12a3dde-cd88-428b-b8f4-2f6380a43bb5&start=2026-06-22T13:35:00+0000&duration=PT35M from server.
Fetching https://www.freeview.co.uk/api/program?sid=18&nid=64403&pid=crid://csi.digitaluk.co.uk/5aed1a89-6221-490e-9935-8560f8c39776&start=2026-06-22T14:10:00+0000&duration=PT30M from server.
Fetching https://www.freeview.co.uk/api/program?sid=18&nid=64403&pid=crid://csi.digitaluk.co.uk/f5cb4581-42da-4483-8b23-b1d693dc8706&start=2026-06-22T14:40:00+0000&duration=PT35M from server.
Fetching https://www.freeview.co.uk/api/program?sid=18&nid=64403&pid=crid://csi.digitaluk.co.uk/72d8ddb6-4c95-48a8-aca1-23356fb8a3e8&start=2026-06-22T15:15:00+0000&duration=PT35M from server.
Fetching https://www.freeview.co.uk/api/program?sid=18&nid=64403&pid=crid://csi.digitaluk.co.uk/dddf598a-adc3-484f-bda6-9bdb1a0dbce2&start=2026-06-22T15:50:00+0000&duration=PT30M from server.
Fetching https://www.freeview.co.uk/api/program?sid=18&nid=64403&pid=crid://csi.digitaluk.co.uk/db34b7ab-ff9d-45aa-b0fb-1867b8614199&start=2026-06-22T16:20:00+0000&duration=PT30M from server.
Fetching https://www.freeview.co.uk/api/program?sid=18&nid=64403&pid=crid://csi.digitaluk.co.uk/e828e399-90e8-450e-805d-96556ec9dea0&start=2026-06-22T16:50:00+0000&duration=PT30M from server.
Fetching https://www.freeview.co.uk/api/program?sid=18&nid=64403&pid=crid://csi.digitaluk.co.uk/a29999aa-67d1-42da-868d-9d8b9ffebb2e&start=2026-06-22T17:20:00+0000&duration=PT30M from server.
Fetching https://www.freeview.co.uk/api/program?sid=18&nid=64403&pid=crid://csi.digitaluk.co.uk/23189ef9-fede-40ab-ba4f-50a9cf5651f5&start=2026-06-22T17:50:00+0000&duration=PT1H5M from server.
Fetching https://www.freeview.co.uk/api/program?sid=18&nid=64403&pid=crid://csi.digitaluk.co.uk/a95d6acb-088c-44a2-98f1-c1ba482101ca&start=2026-06-22T18:55:00+0000&duration=PT1H5M from server.
Fetching https://www.freeview.co.uk/api/program?sid=18&nid=64403&pid=crid://csi.digitaluk.co.uk/c069f06e-eb3b-4d06-805a-6e8be08e2e9a&start=2026-06-22T20:00:00+0000&duration=PT1H from server.
Fetching https://www.freeview.co.uk/api/program?sid=18&nid=64403&pid=crid://csi.digitaluk.co.uk/f39da643-de7a-40ec-b1a4-71a25eb0ee5e&start=2026-06-22T21:00:00+0000&duration=PT1H5M from server.
Fetching https://www.freeview.co.uk/api/program?sid=18&nid=64403&pid=crid://csi.digitaluk.co.uk/bf05824b-91ce-4c5f-a0b1-2cdfebb3399c&start=2026-06-22T22:05:00+0000&duration=PT1H5M from server.
Fetching https://www.freeview.co.uk/api/program?sid=18&nid=64403&pid=crid://csi.digitaluk.co.uk/22a9874e-bcca-4017-9e97-df7cd4476174&start=2026-06-22T23:10:00+0000&duration=PT1H5M from server.
## Wanted 12992 
Fetching https://www.freeview.co.uk/api/program?sid=21&nid=64403&pid=crid://panorama.five.tv/versions/C5522740005A&start=2026-06-22T00:50:00+0000&duration=PT55M from server.
Fetching https://www.freeview.co.uk/api/program?sid=21&nid=64403&pid=crid://panorama.five.tv/versions/C5522740006A&start=2026-06-22T01:45:00+0000&duration=PT50M from server.
Fetching https://www.freeview.co.uk/api/program?sid=21&nid=64403&pid=crid://panorama.five.tv/versions/C5526200017A&start=2026-06-22T02:35:00+0000&duration=PT25M from server.
Fetching https://www.freeview.co.uk/api/program?sid=21&nid=64403&pid=crid://panorama.five.tv/versions/C5266540001A&start=2026-06-22T03:00:00+0000&duration=PT2H from server.
Fetching https://www.freeview.co.uk/api/program?sid=21&nid=64403&pid=crid://panorama.five.tv/versions/C5474060001A&start=2026-06-22T05:00:00+0000&duration=PT3H from server.
Fetching https://www.freeview.co.uk/api/program?sid=21&nid=64403&pid=crid://panorama.five.tv/versions/C5522700026A&start=2026-06-22T08:00:00+0000&duration=PT10M from server.
Fetching https://www.freeview.co.uk/api/program?sid=21&nid=64403&pid=crid://panorama.five.tv/versions/C5360020003B&start=2026-06-22T08:10:00+0000&duration=PT50M from server.
Fetching https://www.freeview.co.uk/api/program?sid=21&nid=64403&pid=crid://panorama.five.tv/versions/C5360020004B&start=2026-06-22T09:00:00+0000&duration=PT1H from server.
Fetching https://www.freeview.co.uk/api/program?sid=21&nid=64403&pid=crid://panorama.five.tv/versions/C5360020005B&start=2026-06-22T10:00:00+0000&duration=PT1H from server.
Fetching https://www.freeview.co.uk/api/program?sid=21&nid=64403&pid=crid://panorama.five.tv/versions/C5501750001A&start=2026-06-22T11:00:00+0000&duration=PT55M from server.
Fetching https://www.freeview.co.uk/api/program?sid=21&nid=64403&pid=crid://panorama.five.tv/versions/C5522880026A&start=2026-06-22T11:55:00+0000&duration=PT5M from server.
Fetching https://www.freeview.co.uk/api/program?sid=21&nid=64403&pid=crid://panorama.five.tv/versions/C5501750002A&start=2026-06-22T12:00:00+0000&duration=PT1H from server.
Fetching https://www.freeview.co.uk/api/program?sid=21&nid=64403&pid=crid://panorama.five.tv/versions/C5501750003A&start=2026-06-22T13:00:00+0000&duration=PT55M from server.
Fetching https://www.freeview.co.uk/api/program?sid=21&nid=64403&pid=crid://panorama.five.tv/versions/C5522880026A&start=2026-06-22T13:55:00+0000&duration=PT5M from server.
Fetching https://www.freeview.co.uk/api/program?sid=21&nid=64403&pid=crid://panorama.five.tv/versions/C5501750016A&start=2026-06-22T14:00:00+0000&duration=PT1H from server.
Fetching https://www.freeview.co.uk/api/program?sid=21&nid=64403&pid=crid://panorama.five.tv/versions/C5501750017A&start=2026-06-22T15:00:00+0000&duration=PT55M from server.
Fetching https://www.freeview.co.uk/api/program?sid=21&nid=64403&pid=crid://panorama.five.tv/versions/C5522700026A&start=2026-06-22T15:55:00+0000&duration=PT10M from server.
Fetching https://www.freeview.co.uk/api/program?sid=21&nid=64403&pid=crid://panorama.five.tv/versions/C5501750018A&start=2026-06-22T16:05:00+0000&duration=PT1H from server.
Fetching https://www.freeview.co.uk/api/program?sid=21&nid=64403&pid=crid://panorama.five.tv/versions/C5360020018C&start=2026-06-22T17:05:00+0000&duration=PT55M from server.
Fetching https://www.freeview.co.uk/api/program?sid=21&nid=64403&pid=crid://panorama.five.tv/versions/C5360020019C&start=2026-06-22T18:00:00+0000&duration=PT1H from server.
Fetching https://www.freeview.co.uk/api/program?sid=21&nid=64403&pid=crid://panorama.five.tv/versions/C5360020020C&start=2026-06-22T19:00:00+0000&duration=PT1H from server.
Fetching https://www.freeview.co.uk/api/program?sid=21&nid=64403&pid=crid://panorama.five.tv/versions/C5526240003A&start=2026-06-22T20:00:00+0000&duration=PT1H from server.
Fetching https://www.freeview.co.uk/api/program?sid=21&nid=64403&pid=crid://panorama.five.tv/versions/C5164460018A&start=2026-06-22T21:00:00+0000&duration=PT1H from server.
Fetching https://www.freeview.co.uk/api/program?sid=21&nid=64403&pid=crid://panorama.five.tv/versions/C5164460019A&start=2026-06-22T22:00:00+0000&duration=PT1H from server.
Fetching https://www.freeview.co.uk/api/program?sid=21&nid=64403&pid=crid://panorama.five.tv/versions/C5164460006A&start=2026-06-22T23:00:00+0000&duration=PT55M from server.
Fetching https://www.freeview.co.uk/api/program?sid=21&nid=64403&pid=crid://csi.digitaluk.co.uk/e852bac8-d0f3-4cad-8677-c393ceeefefd&start=2026-06-22T23:55:00+0000&duration=PT55M from server.
### Wanted 12928 
Fetching https://www.freeview.co.uk/api/program?sid=32&nid=64403&pid=crid://panorama.five.tv/versions/C5530100002A&start=2026-06-22T00:00:00+0000&duration=PT55M from server.
Fetching https://www.freeview.co.uk/api/program?sid=32&nid=64403&pid=crid://panorama.five.tv/versions/C5392360010A&start=2026-06-22T00:55:00+0000&duration=PT50M from server.
Fetching https://www.freeview.co.uk/api/program?sid=32&nid=64403&pid=crid://panorama.five.tv/versions/C5273700027A&start=2026-06-22T01:45:00+0000&duration=PT50M from server.
Fetching https://www.freeview.co.uk/api/program?sid=32&nid=64403&pid=crid://panorama.five.tv/versions/C5255280007A&start=2026-06-22T02:35:00+0000&duration=PT25M from server.
Fetching https://www.freeview.co.uk/api/program?sid=32&nid=64403&pid=crid://panorama.five.tv/versions/C5266540001A&start=2026-06-22T03:00:00+0000&duration=PT2H from server.
Fetching https://www.freeview.co.uk/api/program?sid=32&nid=64403&pid=crid://panorama.five.tv/versions/C5266540001A&start=2026-06-22T05:00:00+0000&duration=PT1H from server.
Fetching https://www.freeview.co.uk/api/program?sid=32&nid=64403&pid=crid://panorama.five.tv/versions/C5326820001A&start=2026-06-22T06:00:00+0000&duration=PT30M from server.
Fetching https://www.freeview.co.uk/api/program?sid=32&nid=64403&pid=crid://panorama.five.tv/versions/C5480340001A&start=2026-06-22T06:30:00+0000&duration=PT30M from server.
Fetching https://www.freeview.co.uk/api/program?sid=32&nid=64403&pid=crid://panorama.five.tv/versions/C5480950031A&start=2026-06-22T07:00:00+0000&duration=PT1H from server.
Fetching https://www.freeview.co.uk/api/program?sid=32&nid=64403&pid=crid://panorama.five.tv/versions/C5480950034B&start=2026-06-22T08:00:00+0000&duration=PT1H from server.
Fetching https://www.freeview.co.uk/api/program?sid=32&nid=64403&pid=crid://panorama.five.tv/versions/C5184270001F&start=2026-06-22T09:00:00+0000&duration=PT1H from server.
Fetching https://www.freeview.co.uk/api/program?sid=32&nid=64403&pid=crid://panorama.five.tv/versions/C5449000001D&start=2026-06-22T10:00:00+0000&duration=PT1H from server.
Fetching https://www.freeview.co.uk/api/program?sid=32&nid=64403&pid=crid://panorama.five.tv/versions/C5502620007D&start=2026-06-22T11:00:00+0000&duration=PT1H from server.
Fetching https://www.freeview.co.uk/api/program?sid=32&nid=64403&pid=crid://panorama.five.tv/versions/C5502620008C&start=2026-06-22T12:00:00+0000&duration=PT1H from server.
Fetching https://www.freeview.co.uk/api/program?sid=32&nid=64403&pid=crid://panorama.five.tv/versions/C5215620008C&start=2026-06-22T13:00:00+0000&duration=PT1H from server.
Fetching https://www.freeview.co.uk/api/program?sid=32&nid=64403&pid=crid://panorama.five.tv/versions/C5215620007C&start=2026-06-22T14:00:00+0000&duration=PT1H from server.
Fetching https://www.freeview.co.uk/api/program?sid=32&nid=64403&pid=crid://panorama.five.tv/versions/C5215620009G&start=2026-06-22T15:00:00+0000&duration=PT1H from server.
Fetching https://www.freeview.co.uk/api/program?sid=32&nid=64403&pid=crid://panorama.five.tv/versions/C5404060005D&start=2026-06-22T16:00:00+0000&duration=PT1H from server.
Fetching https://www.freeview.co.uk/api/program?sid=32&nid=64403&pid=crid://panorama.five.tv/versions/C5164553121A&start=2026-06-22T17:00:00+0000&duration=PT30M from server.
Fetching https://www.freeview.co.uk/api/program?sid=32&nid=64403&pid=crid://panorama.five.tv/versions/C5164553122A&start=2026-06-22T17:30:00+0000&duration=PT30M from server.
Fetching https://www.freeview.co.uk/api/program?sid=32&nid=64403&pid=crid://panorama.five.tv/versions/C5273700032A&start=2026-06-22T18:00:00+0000&duration=PT1H from server.
Fetching https://www.freeview.co.uk/api/program?sid=32&nid=64403&pid=crid://panorama.five.tv/versions/C5264890007A&start=2026-06-22T19:00:00+0000&duration=PT1H from server.
Fetching https://www.freeview.co.uk/api/program?sid=32&nid=64403&pid=crid://panorama.five.tv/versions/C5351580012B&start=2026-06-22T20:00:00+0000&duration=PT1H from server.
Fetching https://www.freeview.co.uk/api/program?sid=32&nid=64403&pid=crid://panorama.five.tv/versions/C5519880010A&start=2026-06-22T21:00:00+0000&duration=PT1H from server.
Fetching https://www.freeview.co.uk/api/program?sid=32&nid=64403&pid=crid://panorama.five.tv/versions/C5422480002A&start=2026-06-22T22:00:00+0000&duration=PT1H from server.
Fetching https://www.freeview.co.uk/api/program?sid=32&nid=64403&pid=crid://panorama.five.tv/versions/C5455390001D&start=2026-06-22T23:00:00+0000&duration=PT1H from server.
## Wanted 16112 
Fetching https://www.freeview.co.uk/api/program?sid=33&nid=64403&pid=crid://panorama.five.tv/versions/C5248620013B&start=2026-06-22T00:00:00+0000&duration=PT1H from server.
Fetching https://www.freeview.co.uk/api/program?sid=33&nid=64403&pid=crid://panorama.five.tv/versions/C5439620001A&start=2026-06-22T01:00:00+0000&duration=PT1H from server.
Fetching https://www.freeview.co.uk/api/program?sid=33&nid=64403&pid=crid://panorama.five.tv/versions/C5439620002A&start=2026-06-22T02:00:00+0000&duration=PT55M from server.
Fetching https://www.freeview.co.uk/api/program?sid=33&nid=64403&pid=crid://panorama.five.tv/versions/C5522880026A&start=2026-06-22T02:55:00+0000&duration=PT5M from server.
Fetching https://www.freeview.co.uk/api/program?sid=33&nid=64403&pid=crid://panorama.five.tv/versions/C5340000001A&start=2026-06-22T03:00:00+0000&duration=PT2H from server.
Fetching https://www.freeview.co.uk/api/program?sid=33&nid=64403&pid=crid://panorama.five.tv/versions/C5266540001A&start=2026-06-22T05:00:00+0000&duration=PT1H from server.
Fetching https://www.freeview.co.uk/api/program?sid=33&nid=64403&pid=crid://panorama.five.tv/versions/C5533960001A&start=2026-06-22T06:00:00+0000&duration=PT30M from server.
Fetching https://www.freeview.co.uk/api/program?sid=33&nid=64403&pid=crid://panorama.five.tv/versions/C5480340001A&start=2026-06-22T06:30:00+0000&duration=PT30M from server.
Fetching https://www.freeview.co.uk/api/program?sid=33&nid=64403&pid=crid://panorama.five.tv/versions/C5349600001A&start=2026-06-22T07:00:00+0000&duration=PT1H from server.
Fetching https://www.freeview.co.uk/api/program?sid=33&nid=64403&pid=crid://panorama.five.tv/versions/C5522880026A&start=2026-06-22T08:00:00+0000&duration=PT5M from server.
Fetching https://www.freeview.co.uk/api/program?sid=33&nid=64403&pid=crid://panorama.five.tv/versions/C5406840009A&start=2026-06-22T08:05:00+0000&duration=PT35M from server.
Fetching https://www.freeview.co.uk/api/program?sid=33&nid=64403&pid=crid://panorama.five.tv/versions/C5323660005C&start=2026-06-22T08:40:00+0000&duration=PT1H from server.
Fetching https://www.freeview.co.uk/api/program?sid=33&nid=64403&pid=crid://panorama.five.tv/versions/C5254020009C&start=2026-06-22T09:40:00+0000&duration=PT1H from server.
Fetching https://www.freeview.co.uk/api/program?sid=33&nid=64403&pid=crid://panorama.five.tv/versions/C5254020010C&start=2026-06-22T10:40:00+0000&duration=PT1H5M from server.
Fetching https://www.freeview.co.uk/api/program?sid=33&nid=64403&pid=crid://panorama.five.tv/versions/C5522160001A&start=2026-06-22T11:45:00+0000&duration=PT1H5M from server.
Fetching https://www.freeview.co.uk/api/program?sid=33&nid=64403&pid=crid://panorama.five.tv/versions/C5088820001B&start=2026-06-22T12:50:00+0000&duration=PT1H from server.
Fetching https://www.freeview.co.uk/api/program?sid=33&nid=64403&pid=crid://csi.digitaluk.co.uk/e0f6df94-c86c-4244-b342-74b5ba1977a2&start=2026-06-22T13:50:00+0000&duration=PT5M from server.
Fetching https://www.freeview.co.uk/api/program?sid=33&nid=64403&pid=crid://panorama.five.tv/versions/C5088820001B&start=2026-06-22T13:55:00+0000&duration=PT1H5M from server.
Fetching https://www.freeview.co.uk/api/program?sid=33&nid=64403&pid=crid://panorama.five.tv/versions/C5293050001A&start=2026-06-22T15:00:00+0000&duration=PT1H from server.
Fetching https://www.freeview.co.uk/api/program?sid=33&nid=64403&pid=crid://panorama.five.tv/versions/C5323660001C&start=2026-06-22T16:00:00+0000&duration=PT1H from server.
Fetching https://www.freeview.co.uk/api/program?sid=33&nid=64403&pid=crid://panorama.five.tv/versions/C5177070008D&start=2026-06-22T17:00:00+0000&duration=PT1H from server.
Fetching https://www.freeview.co.uk/api/program?sid=33&nid=64403&pid=crid://panorama.five.tv/versions/C5177070009D&start=2026-06-22T18:00:00+0000&duration=PT1H from server.
Fetching https://www.freeview.co.uk/api/program?sid=33&nid=64403&pid=crid://panorama.five.tv/versions/C5453540004B&start=2026-06-22T19:00:00+0000&duration=PT1H from server.
Fetching https://www.freeview.co.uk/api/program?sid=33&nid=64403&pid=crid://panorama.five.tv/versions/C5505780004C&start=2026-06-22T20:00:00+0000&duration=PT1H from server.
Fetching https://www.freeview.co.uk/api/program?sid=33&nid=64403&pid=crid://panorama.five.tv/versions/C5526800007A&start=2026-06-22T21:00:00+0000&duration=PT1H from server.
Fetching https://www.freeview.co.uk/api/program?sid=33&nid=64403&pid=crid://panorama.five.tv/versions/C5209270003A&start=2026-06-22T22:00:00+0000&duration=PT1H from server.
Fetching https://www.freeview.co.uk/api/program?sid=33&nid=64403&pid=crid://panorama.five.tv/versions/C5439620003E&start=2026-06-22T23:00:00+0000&duration=PT1H from server.
### Wanted 8373 
Fetching https://www.freeview.co.uk/api/program?sid=35&nid=64403&pid=crid://csi.digitaluk.co.uk/89ee6585-2f84-4d37-974e-15d6dabdeca5&start=2026-06-22T00:35:00+0000&duration=PT55M from server.
Fetching https://www.freeview.co.uk/api/program?sid=35&nid=64403&pid=crid://csi.digitaluk.co.uk/a5d7e0bf-63fe-431c-99c0-629e3e862faf&start=2026-06-22T01:30:00+0000&duration=PT3H5M from server.
Fetching https://www.freeview.co.uk/api/program?sid=35&nid=64403&pid=crid://csi.digitaluk.co.uk/fb465575-4559-42ba-9243-3b23ebe5ff5d&start=2026-06-22T04:35:00+0000&duration=PT25M from server.
Fetching https://www.freeview.co.uk/api/program?sid=35&nid=64403&pid=crid://csi.digitaluk.co.uk/a1caf293-1106-4675-ac74-95a7dcfb7d6d&start=2026-06-22T05:00:00+0000&duration=PT35M from server.
Fetching https://www.freeview.co.uk/api/program?sid=35&nid=64403&pid=crid://csi.digitaluk.co.uk/9ab4057f-b644-4526-92dd-afa702b3e189&start=2026-06-22T05:35:00+0000&duration=PT25M from server.
Fetching https://www.freeview.co.uk/api/program?sid=35&nid=64403&pid=crid://csi.digitaluk.co.uk/e396bfdb-7760-4650-9e60-046706b352fb&start=2026-06-22T06:00:00+0000&duration=PT3H30M from server.
Fetching https://www.freeview.co.uk/api/program?sid=35&nid=64403&pid=crid://csi.digitaluk.co.uk/3eeaf3f9-8151-42c8-bdc4-c2396d0964ff&start=2026-06-22T09:30:00+0000&duration=PT30M from server.
Fetching https://www.freeview.co.uk/api/program?sid=35&nid=64403&pid=crid://csi.digitaluk.co.uk/90a0fe7d-25b9-48e7-8b22-1bd6fa010429&start=2026-06-22T10:00:00+0000&duration=PT2H30M from server.
Fetching https://www.freeview.co.uk/api/program?sid=35&nid=64403&pid=crid://csi.digitaluk.co.uk/0476770a-c4dc-4838-9d29-99f2306e5569&start=2026-06-22T12:30:00+0000&duration=PT1H from server.
Fetching https://www.freeview.co.uk/api/program?sid=35&nid=64403&pid=crid://csi.digitaluk.co.uk/ccb31df1-890e-46fd-bdd8-961c040b87c9&start=2026-06-22T13:30:00+0000&duration=PT20M from server.
Fetching https://www.freeview.co.uk/api/program?sid=35&nid=64403&pid=crid://csi.digitaluk.co.uk/0ff11993-d231-4680-944b-e12ae1fcbb4d&start=2026-06-22T13:50:00+0000&duration=PT10M from server.
Fetching https://www.freeview.co.uk/api/program?sid=35&nid=64403&pid=crid://csi.digitaluk.co.uk/f0452f78-06a7-43c9-98c5-184237119c2f&start=2026-06-22T14:00:00+0000&duration=PT1H from server.
Fetching https://www.freeview.co.uk/api/program?sid=35&nid=64403&pid=crid://csi.digitaluk.co.uk/e748be86-1565-4b92-9abe-a7a58862ce42&start=2026-06-22T15:00:00+0000&duration=PT1H from server.
Fetching https://www.freeview.co.uk/api/program?sid=35&nid=64403&pid=crid://csi.digitaluk.co.uk/b8a3c5a3-13a0-47e9-a86b-17a032829f8e&start=2026-06-22T16:00:00+0000&duration=PT1H from server.
Fetching https://www.freeview.co.uk/api/program?sid=35&nid=64403&pid=crid://csi.digitaluk.co.uk/9b39e674-7890-48ab-b920-04edd6a811bf&start=2026-06-22T17:00:00+0000&duration=PT1H from server.
Fetching https://www.freeview.co.uk/api/program?sid=35&nid=64403&pid=crid://csi.digitaluk.co.uk/36b90a8b-28cb-41b5-9991-e5a5b9f8c792&start=2026-06-22T18:00:00+0000&duration=PT30M from server.
Fetching https://www.freeview.co.uk/api/program?sid=35&nid=64403&pid=crid://csi.digitaluk.co.uk/59fb14d1-79d6-4791-a13d-1a4d27588281&start=2026-06-22T18:30:00+0000&duration=PT1H from server.
Fetching https://www.freeview.co.uk/api/program?sid=35&nid=64403&pid=crid://csi.digitaluk.co.uk/19aa60c9-bee7-4b9f-bf7b-8b0bfafb972c&start=2026-06-22T19:30:00+0000&duration=PT30M from server.
Fetching https://www.freeview.co.uk/api/program?sid=35&nid=64403&pid=crid://csi.digitaluk.co.uk/cad1a449-9cfe-4148-b05d-439f29ff8560&start=2026-06-22T20:00:00+0000&duration=PT1H from server.
Fetching https://www.freeview.co.uk/api/program?sid=35&nid=64403&pid=crid://csi.digitaluk.co.uk/8cd6217b-eba7-44c4-bf97-1a983e13a963&start=2026-06-22T21:00:00+0000&duration=PT1H from server.
Fetching https://www.freeview.co.uk/api/program?sid=35&nid=64403&pid=crid://csi.digitaluk.co.uk/ac40b0bf-2045-4a6d-a360-7cd2f2b171fc&start=2026-06-22T22:00:00+0000&duration=PT30M from server.
Fetching https://www.freeview.co.uk/api/program?sid=35&nid=64403&pid=crid://csi.digitaluk.co.uk/2fd12878-8653-4f1a-9b66-11c2fa054447&start=2026-06-22T22:30:00+0000&duration=PT10M from server.
Fetching https://www.freeview.co.uk/api/program?sid=35&nid=64403&pid=crid://csi.digitaluk.co.uk/52ae29bc-b871-4e2b-804f-7ab070ee703c&start=2026-06-22T22:40:00+0000&duration=PT25M from server.
Fetching https://www.freeview.co.uk/api/program?sid=35&nid=64403&pid=crid://csi.digitaluk.co.uk/66bf4574-e7f1-40a0-a7cb-ec9c888cfd2a&start=2026-06-22T23:05:00+0000&duration=PT55M from server.
## Wanted 27680 
Fetching https://www.freeview.co.uk/api/program?sid=39&nid=64403&pid=crid://csi.digitaluk.co.uk/e5a0f69a-e191-4bd2-9cd0-362241b53ea4&start=2026-06-22T00:00:00+0000&duration=PT1H from server.
Fetching https://www.freeview.co.uk/api/program?sid=39&nid=64403&pid=crid://csi.digitaluk.co.uk/7317dcbf-3e1c-4d6f-b559-39da3d616d51&start=2026-06-22T01:00:00+0000&duration=PT30M from server.
Fetching https://www.freeview.co.uk/api/program?sid=39&nid=64403&pid=crid://csi.digitaluk.co.uk/325e864f-6164-4e8a-8e3e-69d0d2c90fff&start=2026-06-22T01:30:00+0000&duration=PT30M from server.
Fetching https://www.freeview.co.uk/api/program?sid=39&nid=64403&pid=crid://csi.digitaluk.co.uk/862d29ff-c7a8-44ef-90b2-99fbb44bf76d&start=2026-06-22T02:00:00+0000&duration=PT30M from server.
Fetching https://www.freeview.co.uk/api/program?sid=39&nid=64403&pid=crid://csi.digitaluk.co.uk/9b42d2f7-fdfb-4a40-a993-52f93963a2c7&start=2026-06-22T02:30:00+0000&duration=PT30M from server.
Fetching https://www.freeview.co.uk/api/program?sid=39&nid=64403&pid=crid://csi.digitaluk.co.uk/fbac4221-0f0d-4694-9371-15e8ac577913&start=2026-06-22T03:00:00+0000&duration=PT30M from server.
Fetching https://www.freeview.co.uk/api/program?sid=39&nid=64403&pid=crid://csi.digitaluk.co.uk/99b2f16a-8a21-4685-937e-fadf0e4e0d80&start=2026-06-22T03:30:00+0000&duration=PT30M from server.
Fetching https://www.freeview.co.uk/api/program?sid=39&nid=64403&pid=crid://csi.digitaluk.co.uk/944ec033-f02e-4302-a5cc-3ea14e55e0ae&start=2026-06-22T04:00:00+0000&duration=PT30M from server.
Fetching https://www.freeview.co.uk/api/program?sid=39&nid=64403&pid=crid://csi.digitaluk.co.uk/4f361151-9023-4ea5-b969-a59d311efa75&start=2026-06-22T04:30:00+0000&duration=PT30M from server.
Fetching https://www.freeview.co.uk/api/program?sid=39&nid=64403&pid=crid://csi.digitaluk.co.uk/ee3b5df9-cdd8-4a54-8cf1-94dfd0a4ea42&start=2026-06-22T05:00:00+0000&duration=PT1H from server.
Fetching https://www.freeview.co.uk/api/program?sid=39&nid=64403&pid=crid://csi.digitaluk.co.uk/6d10f52e-73a3-4fc1-ad76-7f308641798a&start=2026-06-22T06:00:00+0000&duration=PT1H from server.
Fetching https://www.freeview.co.uk/api/program?sid=39&nid=64403&pid=crid://csi.digitaluk.co.uk/115a865e-39c9-4aac-b89c-1cc541f3aa26&start=2026-06-22T07:00:00+0000&duration=PT1H from server.
Fetching https://www.freeview.co.uk/api/program?sid=39&nid=64403&pid=crid://csi.digitaluk.co.uk/cf080f37-c21e-4ecd-bb93-a1a82996aaa4&start=2026-06-22T08:00:00+0000&duration=PT1H from server.
Fetching https://www.freeview.co.uk/api/program?sid=39&nid=64403&pid=crid://csi.digitaluk.co.uk/e58748d9-c105-4f16-9b25-46e58145f210&start=2026-06-22T09:00:00+0000&duration=PT2H from server.
Fetching https://www.freeview.co.uk/api/program?sid=39&nid=64403&pid=crid://csi.digitaluk.co.uk/77aee8ae-1ddd-41c2-a76a-8960b2903092&start=2026-06-22T11:00:00+0000&duration=PT1H from server.
Fetching https://www.freeview.co.uk/api/program?sid=39&nid=64403&pid=crid://csi.digitaluk.co.uk/2a5e3076-ae7b-4a56-b4d0-7264e2091105&start=2026-06-22T12:00:00+0000&duration=PT1H from server.
Fetching https://www.freeview.co.uk/api/program?sid=39&nid=64403&pid=crid://csi.digitaluk.co.uk/debf68de-9455-4f59-a44e-f20301d6cf24&start=2026-06-22T13:00:00+0000&duration=PT1H from server.
Fetching https://www.freeview.co.uk/api/program?sid=39&nid=64403&pid=crid://csi.digitaluk.co.uk/c8b5729a-f1c9-4eab-9d05-97b7e03d9d0f&start=2026-06-22T14:00:00+0000&duration=PT1H from server.
Fetching https://www.freeview.co.uk/api/program?sid=39&nid=64403&pid=crid://csi.digitaluk.co.uk/83e1f16e-9d63-49aa-8165-03ba69061c31&start=2026-06-22T15:00:00+0000&duration=PT1H from server.
Fetching https://www.freeview.co.uk/api/program?sid=39&nid=64403&pid=crid://csi.digitaluk.co.uk/37e73fe1-d298-4d93-bda8-fa303d9fce46&start=2026-06-22T16:00:00+0000&duration=PT1H from server.
Fetching https://www.freeview.co.uk/api/program?sid=39&nid=64403&pid=crid://csi.digitaluk.co.uk/bd048cec-dac7-4de7-a039-c75362160215&start=2026-06-22T17:00:00+0000&duration=PT1H from server.
Fetching https://www.freeview.co.uk/api/program?sid=39&nid=64403&pid=crid://csi.digitaluk.co.uk/1381a722-5dc4-4c26-8650-a82a72ae7d1b&start=2026-06-22T18:00:00+0000&duration=PT1H from server.
Fetching https://www.freeview.co.uk/api/program?sid=39&nid=64403&pid=crid://csi.digitaluk.co.uk/4c9546b6-5f65-4e3f-9564-c2eafecf269f&start=2026-06-22T19:00:00+0000&duration=PT1H from server.
Fetching https://www.freeview.co.uk/api/program?sid=39&nid=64403&pid=crid://csi.digitaluk.co.uk/4278a870-c67f-4418-a353-dcebc31d0a7a&start=2026-06-22T20:00:00+0000&duration=PT1H from server.
Fetching https://www.freeview.co.uk/api/program?sid=39&nid=64403&pid=crid://csi.digitaluk.co.uk/7a9e044f-190c-4a1c-8135-d0d4ec646364&start=2026-06-22T21:00:00+0000&duration=PT1H from server.
Fetching https://www.freeview.co.uk/api/program?sid=39&nid=64403&pid=crid://csi.digitaluk.co.uk/f29d8dcf-4512-4976-aadc-2652f74c8397&start=2026-06-22T22:00:00+0000&duration=PT1H from server.
Fetching https://www.freeview.co.uk/api/program?sid=39&nid=64403&pid=crid://csi.digitaluk.co.uk/3c30d242-271c-46bc-8a69-8055d9b98ec5&start=2026-06-22T23:00:00+0000&duration=PT2H from server.
### Wanted 23744 
Fetching https://www.freeview.co.uk/api/program?sid=40&nid=64403&pid=crid://csi.digitaluk.co.uk/f286c6c8-0fc7-412f-947c-614c06fc9901&start=2026-06-22T00:00:00+0000&duration=PT1H from server.
Fetching https://www.freeview.co.uk/api/program?sid=40&nid=64403&pid=crid://csi.digitaluk.co.uk/dc079744-d39d-44e1-8f89-302241562665&start=2026-06-22T01:00:00+0000&duration=PT1H from server.
Fetching https://www.freeview.co.uk/api/program?sid=40&nid=64403&pid=crid://csi.digitaluk.co.uk/2b09406f-2c97-4fbd-a7d7-b4c0df162fb0&start=2026-06-22T02:00:00+0000&duration=PT1H from server.
Fetching https://www.freeview.co.uk/api/program?sid=40&nid=64403&pid=crid://csi.digitaluk.co.uk/25a49c59-d9e6-459b-9188-fbaa95a71458&start=2026-06-22T03:00:00+0000&duration=PT30M from server.
Fetching https://www.freeview.co.uk/api/program?sid=40&nid=64403&pid=crid://csi.digitaluk.co.uk/45642c1d-9352-4a12-8e77-300ea61ecc34&start=2026-06-22T03:30:00+0000&duration=PT30M from server.
Fetching https://www.freeview.co.uk/api/program?sid=40&nid=64403&pid=crid://csi.digitaluk.co.uk/a51d2bc9-3641-4b2e-99f3-cbf09d38f58f&start=2026-06-22T04:00:00+0000&duration=PT30M from server.
Fetching https://www.freeview.co.uk/api/program?sid=40&nid=64403&pid=crid://csi.digitaluk.co.uk/10a216d3-6257-445c-a3be-85d1e18b6ca7&start=2026-06-22T04:30:00+0000&duration=PT30M from server.
Fetching https://www.freeview.co.uk/api/program?sid=40&nid=64403&pid=crid://csi.digitaluk.co.uk/7b659a2e-fe47-48eb-af61-e1aadbc5e11c&start=2026-06-22T05:00:00+0000&duration=PT1H from server.
Fetching https://www.freeview.co.uk/api/program?sid=40&nid=64403&pid=crid://csi.digitaluk.co.uk/f5cdf782-6cc7-4c6f-b94b-b59d7268e074&start=2026-06-22T06:00:00+0000&duration=PT30M from server.
Fetching https://www.freeview.co.uk/api/program?sid=40&nid=64403&pid=crid://csi.digitaluk.co.uk/5b529527-20b8-4344-ba73-614cfaf82303&start=2026-06-22T06:30:00+0000&duration=PT30M from server.
Fetching https://www.freeview.co.uk/api/program?sid=40&nid=64403&pid=crid://csi.digitaluk.co.uk/d58bcd53-1f53-4fbb-bdee-b8d427dcd257&start=2026-06-22T07:00:00+0000&duration=PT1H from server.
Fetching https://www.freeview.co.uk/api/program?sid=40&nid=64403&pid=crid://csi.digitaluk.co.uk/d5130e2f-81f3-4b86-a771-5bb59b72dbc5&start=2026-06-22T08:00:00+0000&duration=PT1H from server.
Fetching https://www.freeview.co.uk/api/program?sid=40&nid=64403&pid=crid://csi.digitaluk.co.uk/52050cca-dbea-44c9-b62c-6a05a0421716&start=2026-06-22T09:00:00+0000&duration=PT1H from server.
Fetching https://www.freeview.co.uk/api/program?sid=40&nid=64403&pid=crid://csi.digitaluk.co.uk/cd6ba6e5-7945-4190-bc45-1b50389385d6&start=2026-06-22T10:00:00+0000&duration=PT1H from server.
Fetching https://www.freeview.co.uk/api/program?sid=40&nid=64403&pid=crid://csi.digitaluk.co.uk/484471e5-0e8a-4e5b-b82f-14b32e75cdc5&start=2026-06-22T11:00:00+0000&duration=PT1H from server.
Fetching https://www.freeview.co.uk/api/program?sid=40&nid=64403&pid=crid://csi.digitaluk.co.uk/4fd47db8-44d3-4328-a357-509b85d7fbbc&start=2026-06-22T12:00:00+0000&duration=PT1H from server.
Fetching https://www.freeview.co.uk/api/program?sid=40&nid=64403&pid=crid://csi.digitaluk.co.uk/cbe42227-81ec-4d0d-a074-ddc5ebe4da42&start=2026-06-22T13:00:00+0000&duration=PT1H from server.
Fetching https://www.freeview.co.uk/api/program?sid=40&nid=64403&pid=crid://csi.digitaluk.co.uk/0a0962d4-c6f3-43f8-870d-f44a8fb6c601&start=2026-06-22T14:00:00+0000&duration=PT1H from server.
Fetching https://www.freeview.co.uk/api/program?sid=40&nid=64403&pid=crid://csi.digitaluk.co.uk/92e5a07f-3c5e-409b-915f-f463b505d20e&start=2026-06-22T15:00:00+0000&duration=PT1H from server.
Fetching https://www.freeview.co.uk/api/program?sid=40&nid=64403&pid=crid://csi.digitaluk.co.uk/903e3a8a-a934-4912-b0f4-040256f433c4&start=2026-06-22T16:00:00+0000&duration=PT1H from server.
Fetching https://www.freeview.co.uk/api/program?sid=40&nid=64403&pid=crid://csi.digitaluk.co.uk/952b989b-8771-4752-b838-b7a0f508f559&start=2026-06-22T17:00:00+0000&duration=PT1H from server.
Fetching https://www.freeview.co.uk/api/program?sid=40&nid=64403&pid=crid://csi.digitaluk.co.uk/e41e0230-7052-4796-9624-18b5100a31d1&start=2026-06-22T18:00:00+0000&duration=PT1H from server.
Fetching https://www.freeview.co.uk/api/program?sid=40&nid=64403&pid=crid://csi.digitaluk.co.uk/ef09a10d-4f01-479b-9fa9-00d17b0633d5&start=2026-06-22T19:00:00+0000&duration=PT1H from server.
Fetching https://www.freeview.co.uk/api/program?sid=40&nid=64403&pid=crid://csi.digitaluk.co.uk/91b19a93-4e01-4e39-a558-8f7e32781c9a&start=2026-06-22T20:00:00+0000&duration=PT1H from server.
Fetching https://www.freeview.co.uk/api/program?sid=40&nid=64403&pid=crid://csi.digitaluk.co.uk/abc3c90b-53b0-4922-a4a1-3039ee307486&start=2026-06-22T21:00:00+0000&duration=PT1H from server.
Fetching https://www.freeview.co.uk/api/program?sid=40&nid=64403&pid=crid://csi.digitaluk.co.uk/ea4e533e-e62e-4bbb-ba4b-3d7f041e0d96&start=2026-06-22T22:00:00+0000&duration=PT1H from server.
Fetching https://www.freeview.co.uk/api/program?sid=40&nid=64403&pid=crid://csi.digitaluk.co.uk/25ba96d6-efc5-4bad-aaba-2913a983ec17&start=2026-06-22T23:00:00+0000&duration=PT1H from server.
## Wanted 23040 
Fetching https://www.freeview.co.uk/api/program?sid=43&nid=64403&pid=crid://csi.digitaluk.co.uk/9456fa02-8325-4091-b70d-4a6ad0d20b2d&start=2026-06-22T00:00:00+0000&duration=PT30M from server.
Fetching https://www.freeview.co.uk/api/program?sid=43&nid=64403&pid=crid://csi.digitaluk.co.uk/c7ea4dd2-90a5-4113-975e-4a0601689a83&start=2026-06-22T00:30:00+0000&duration=PT30M from server.
Fetching https://www.freeview.co.uk/api/program?sid=43&nid=64403&pid=crid://csi.digitaluk.co.uk/6a145f6a-0844-4a74-89f7-6c8eb61ae2e5&start=2026-06-22T01:00:00+0000&duration=PT30M from server.
Fetching https://www.freeview.co.uk/api/program?sid=43&nid=64403&pid=crid://csi.digitaluk.co.uk/fa0a85cf-9ea6-4f50-ae54-4b0a1e3e2c02&start=2026-06-22T01:30:00+0000&duration=PT30M from server.
Fetching https://www.freeview.co.uk/api/program?sid=43&nid=64403&pid=crid://csi.digitaluk.co.uk/7541c33e-60ac-41d0-81fc-9c8b8fb4d52a&start=2026-06-22T02:00:00+0000&duration=PT30M from server.
Fetching https://www.freeview.co.uk/api/program?sid=43&nid=64403&pid=crid://csi.digitaluk.co.uk/62eae193-dffd-4ead-9ede-1b6dc5d53187&start=2026-06-22T02:30:00+0000&duration=PT30M from server.
Fetching https://www.freeview.co.uk/api/program?sid=43&nid=64403&pid=crid://csi.digitaluk.co.uk/ab589371-bbeb-47cf-b9f4-5dbf36292204&start=2026-06-22T03:00:00+0000&duration=PT30M from server.
Fetching https://www.freeview.co.uk/api/program?sid=43&nid=64403&pid=crid://csi.digitaluk.co.uk/44bb7f49-8025-4da6-ae4f-69eba310b360&start=2026-06-22T03:30:00+0000&duration=PT30M from server.
Fetching https://www.freeview.co.uk/api/program?sid=43&nid=64403&pid=crid://csi.digitaluk.co.uk/50b587e2-eb36-4e73-b730-6577dfd3beff&start=2026-06-22T04:00:00+0000&duration=PT30M from server.
Fetching https://www.freeview.co.uk/api/program?sid=43&nid=64403&pid=crid://csi.digitaluk.co.uk/1f39c35a-0553-4802-8f39-8ff7007a49d9&start=2026-06-22T04:30:00+0000&duration=PT30M from server.
Fetching https://www.freeview.co.uk/api/program?sid=43&nid=64403&pid=crid://csi.digitaluk.co.uk/6ca290fe-992f-4a03-81a4-0ff1b3fb71d4&start=2026-06-22T05:00:00+0000&duration=PT1H from server.
Fetching https://www.freeview.co.uk/api/program?sid=43&nid=64403&pid=crid://csi.digitaluk.co.uk/ada319a9-c175-415a-b520-5ee9cde61b26&start=2026-06-22T06:00:00+0000&duration=PT1H from server.
Fetching https://www.freeview.co.uk/api/program?sid=43&nid=64403&pid=crid://csi.digitaluk.co.uk/ba171dcc-9a23-4598-9926-eb51bd3ef54b&start=2026-06-22T07:00:00+0000&duration=PT30M from server.
Fetching https://www.freeview.co.uk/api/program?sid=43&nid=64403&pid=crid://csi.digitaluk.co.uk/392e7f9d-96c6-4f1a-8636-790ad32c0294&start=2026-06-22T07:30:00+0000&duration=PT30M from server.
Fetching https://www.freeview.co.uk/api/program?sid=43&nid=64403&pid=crid://csi.digitaluk.co.uk/a9aa2d18-fb85-4011-b7ed-7441be76eaa7&start=2026-06-22T08:00:00+0000&duration=PT30M from server.
Fetching https://www.freeview.co.uk/api/program?sid=43&nid=64403&pid=crid://csi.digitaluk.co.uk/d3ecd8fd-7fce-4ecc-9590-e71dd908ffed&start=2026-06-22T08:30:00+0000&duration=PT30M from server.
Fetching https://www.freeview.co.uk/api/program?sid=43&nid=64403&pid=crid://csi.digitaluk.co.uk/d531c105-ac67-4721-8012-7f1cd4dd8810&start=2026-06-22T09:00:00+0000&duration=PT30M from server.
Fetching https://www.freeview.co.uk/api/program?sid=43&nid=64403&pid=crid://csi.digitaluk.co.uk/94dbc6d1-c05e-4ae8-954e-6502517915b6&start=2026-06-22T09:30:00+0000&duration=PT30M from server.
Fetching https://www.freeview.co.uk/api/program?sid=43&nid=64403&pid=crid://csi.digitaluk.co.uk/7b613e73-dcbe-40d1-b1a6-f0a4584739d5&start=2026-06-22T10:00:00+0000&duration=PT1H30M from server.
Fetching https://www.freeview.co.uk/api/program?sid=43&nid=64403&pid=crid://csi.digitaluk.co.uk/097b3cdd-c68d-4b5a-8727-ef67f97d4537&start=2026-06-22T11:30:00+0000&duration=PT30M from server.
Fetching https://www.freeview.co.uk/api/program?sid=43&nid=64403&pid=crid://csi.digitaluk.co.uk/6ba49fdc-81d8-4c09-9285-238d2092f1cb&start=2026-06-22T12:00:00+0000&duration=PT1H from server.
Fetching https://www.freeview.co.uk/api/program?sid=43&nid=64403&pid=crid://csi.digitaluk.co.uk/d12d87bd-5421-470a-b80c-6a70d70f1b8a&start=2026-06-22T13:00:00+0000&duration=PT1H from server.
Fetching https://www.freeview.co.uk/api/program?sid=43&nid=64403&pid=crid://csi.digitaluk.co.uk/d9d55dc6-2099-4250-9f3a-85d60e004203&start=2026-06-22T14:00:00+0000&duration=PT1H from server.
Fetching https://www.freeview.co.uk/api/program?sid=43&nid=64403&pid=crid://csi.digitaluk.co.uk/2f79e5b8-a84d-4587-a700-3bb3acd16593&start=2026-06-22T15:00:00+0000&duration=PT30M from server.
Fetching https://www.freeview.co.uk/api/program?sid=43&nid=64403&pid=crid://csi.digitaluk.co.uk/e969104d-7c8f-4e69-bcce-fba3a78c0ee8&start=2026-06-22T15:30:00+0000&duration=PT30M from server.
Fetching https://www.freeview.co.uk/api/program?sid=43&nid=64403&pid=crid://csi.digitaluk.co.uk/13f24103-5f08-4706-a68b-643f899d41d6&start=2026-06-22T16:00:00+0000&duration=PT30M from server.
Fetching https://www.freeview.co.uk/api/program?sid=43&nid=64403&pid=crid://csi.digitaluk.co.uk/0cd4862b-412a-4a70-b665-5c4bd51da273&start=2026-06-22T16:30:00+0000&duration=PT30M from server.
Fetching https://www.freeview.co.uk/api/program?sid=43&nid=64403&pid=crid://csi.digitaluk.co.uk/c566d222-a369-4a2e-be54-2dae42c0cd22&start=2026-06-22T17:00:00+0000&duration=PT30M from server.
Fetching https://www.freeview.co.uk/api/program?sid=43&nid=64403&pid=crid://csi.digitaluk.co.uk/7afc124e-6f6d-4e96-b777-24cf12347974&start=2026-06-22T17:30:00+0000&duration=PT30M from server.
Fetching https://www.freeview.co.uk/api/program?sid=43&nid=64403&pid=crid://csi.digitaluk.co.uk/8fe478ca-0038-4cf5-a2bd-4bae84b394c4&start=2026-06-22T18:00:00+0000&duration=PT1H30M from server.
Fetching https://www.freeview.co.uk/api/program?sid=43&nid=64403&pid=crid://csi.digitaluk.co.uk/54f57dd8-dd6f-442a-9816-e136a7456ac7&start=2026-06-22T19:30:00+0000&duration=PT30M from server.
Fetching https://www.freeview.co.uk/api/program?sid=43&nid=64403&pid=crid://csi.digitaluk.co.uk/0f8aa478-5a3c-4bf6-9669-06c056488bd4&start=2026-06-22T20:00:00+0000&duration=PT1H from server.
Fetching https://www.freeview.co.uk/api/program?sid=43&nid=64403&pid=crid://csi.digitaluk.co.uk/2b8ee5ac-cfc4-4b8e-a2b3-ae5504890ad6&start=2026-06-22T21:00:00+0000&duration=PT1H from server.
Fetching https://www.freeview.co.uk/api/program?sid=43&nid=64403&pid=crid://csi.digitaluk.co.uk/e5131adc-0f80-463d-90e5-01c1cd7a5776&start=2026-06-22T22:00:00+0000&duration=PT1H from server.
Fetching https://www.freeview.co.uk/api/program?sid=43&nid=64403&pid=crid://csi.digitaluk.co.uk/96c1c641-5a71-437d-8001-73ded6a53072&start=2026-06-22T23:00:00+0000&duration=PT30M from server.
Fetching https://www.freeview.co.uk/api/program?sid=43&nid=64403&pid=crid://csi.digitaluk.co.uk/0652b5b8-6c00-4a13-a5ba-3ee964790b96&start=2026-06-22T23:30:00+0000&duration=PT30M from server.
### Wanted 23712 
Fetching https://www.freeview.co.uk/api/program?sid=44&nid=64403&pid=crid://csi.digitaluk.co.uk/7ab7ffaf-0656-429a-85dc-50e9c132ede9&start=2026-06-22T00:00:00+0000&duration=PT1H from server.
Fetching https://www.freeview.co.uk/api/program?sid=44&nid=64403&pid=crid://csi.digitaluk.co.uk/3db14cc0-6f27-4c6a-ab02-97334adac3f8&start=2026-06-22T01:00:00+0000&duration=PT2H from server.
Fetching https://www.freeview.co.uk/api/program?sid=44&nid=64403&pid=crid://csi.digitaluk.co.uk/ea5348ea-abff-4b83-92cf-d7500a7804ef&start=2026-06-22T03:00:00+0000&duration=PT30M from server.
Fetching https://www.freeview.co.uk/api/program?sid=44&nid=64403&pid=crid://csi.digitaluk.co.uk/32bedcd9-3c1c-4668-8268-0dca945a617e&start=2026-06-22T03:30:00+0000&duration=PT30M from server.
Fetching https://www.freeview.co.uk/api/program?sid=44&nid=64403&pid=crid://csi.digitaluk.co.uk/731d3667-5ea0-4e5a-9086-fe0f6d4afa31&start=2026-06-22T04:00:00+0000&duration=PT30M from server.
Fetching https://www.freeview.co.uk/api/program?sid=44&nid=64403&pid=crid://csi.digitaluk.co.uk/d9a31518-1c30-4111-be78-b10452a5a00a&start=2026-06-22T04:30:00+0000&duration=PT30M from server.
Fetching https://www.freeview.co.uk/api/program?sid=44&nid=64403&pid=crid://csi.digitaluk.co.uk/dd830be1-96a7-4747-a63d-4223bddab274&start=2026-06-22T05:00:00+0000&duration=PT1H from server.
Fetching https://www.freeview.co.uk/api/program?sid=44&nid=64403&pid=crid://csi.digitaluk.co.uk/713a2ae9-a94a-4fe8-99fe-f3ed8f19d67e&start=2026-06-22T06:00:00+0000&duration=PT1H from server.
Fetching https://www.freeview.co.uk/api/program?sid=44&nid=64403&pid=crid://csi.digitaluk.co.uk/24622c59-72bc-46fc-9dcb-9c233c2e33c3&start=2026-06-22T07:00:00+0000&duration=PT1H from server.
Fetching https://www.freeview.co.uk/api/program?sid=44&nid=64403&pid=crid://csi.digitaluk.co.uk/5f0f20d4-a248-41f6-9c2e-5c25b942a60d&start=2026-06-22T08:00:00+0000&duration=PT1H from server.
Fetching https://www.freeview.co.uk/api/program?sid=44&nid=64403&pid=crid://csi.digitaluk.co.uk/0e33c943-cf1f-4879-b900-38cb224f06f1&start=2026-06-22T09:00:00+0000&duration=PT1H from server.
Fetching https://www.freeview.co.uk/api/program?sid=44&nid=64403&pid=crid://csi.digitaluk.co.uk/08fe7668-841e-4d72-858f-6c2738b3ef3d&start=2026-06-22T10:00:00+0000&duration=PT1H from server.
Fetching https://www.freeview.co.uk/api/program?sid=44&nid=64403&pid=crid://csi.digitaluk.co.uk/0e138a53-4649-4187-baff-863ac48fc707&start=2026-06-22T11:00:00+0000&duration=PT1H from server.
Fetching https://www.freeview.co.uk/api/program?sid=44&nid=64403&pid=crid://csi.digitaluk.co.uk/b56f99df-da91-4a8c-ae02-eb8075b1ebee&start=2026-06-22T12:00:00+0000&duration=PT1H from server.
Fetching https://www.freeview.co.uk/api/program?sid=44&nid=64403&pid=crid://csi.digitaluk.co.uk/d3dd00bb-6678-4dce-8fa2-273dd5471068&start=2026-06-22T13:00:00+0000&duration=PT1H from server.
Fetching https://www.freeview.co.uk/api/program?sid=44&nid=64403&pid=crid://csi.digitaluk.co.uk/6a397f01-7b5d-4490-b515-8d0ce7100ec9&start=2026-06-22T14:00:00+0000&duration=PT1H from server.
Fetching https://www.freeview.co.uk/api/program?sid=44&nid=64403&pid=crid://csi.digitaluk.co.uk/29d35ca8-33ff-413e-bd8e-a1b301a270e4&start=2026-06-22T15:00:00+0000&duration=PT1H from server.
Fetching https://www.freeview.co.uk/api/program?sid=44&nid=64403&pid=crid://csi.digitaluk.co.uk/82a1dd7f-6aa7-40b0-9feb-ccfeffd7f0f8&start=2026-06-22T16:00:00+0000&duration=PT1H from server.
Fetching https://www.freeview.co.uk/api/program?sid=44&nid=64403&pid=crid://csi.digitaluk.co.uk/592953d4-484a-4a75-b8e3-e2a810eb80d1&start=2026-06-22T17:00:00+0000&duration=PT1H from server.
Fetching https://www.freeview.co.uk/api/program?sid=44&nid=64403&pid=crid://csi.digitaluk.co.uk/554789be-dd6c-42a9-9b5a-fde45ab442c2&start=2026-06-22T18:00:00+0000&duration=PT1H from server.
Fetching https://www.freeview.co.uk/api/program?sid=44&nid=64403&pid=crid://csi.digitaluk.co.uk/26cbc26b-1711-4adf-bf17-76290c4a4d62&start=2026-06-22T19:00:00+0000&duration=PT1H from server.
Fetching https://www.freeview.co.uk/api/program?sid=44&nid=64403&pid=crid://csi.digitaluk.co.uk/a305479e-62ce-422d-b4be-2a6da0f85ea4&start=2026-06-22T20:00:00+0000&duration=PT1H from server.
Fetching https://www.freeview.co.uk/api/program?sid=44&nid=64403&pid=crid://csi.digitaluk.co.uk/3d62b2c3-a613-41b1-aa52-2d7c0c8d2b3a&start=2026-06-22T21:00:00+0000&duration=PT1H from server.
Fetching https://www.freeview.co.uk/api/program?sid=44&nid=64403&pid=crid://csi.digitaluk.co.uk/cba0098c-f70d-4df2-bc48-d08d7b7b97fc&start=2026-06-22T22:00:00+0000&duration=PT1H from server.
Fetching https://www.freeview.co.uk/api/program?sid=44&nid=64403&pid=crid://csi.digitaluk.co.uk/80981df2-5ca8-454b-94ad-ff11d517124e&start=2026-06-22T23:00:00+0000&duration=PT1H from server.
## Wanted 20256 
Fetching https://www.freeview.co.uk/api/program?sid=46&nid=64403&pid=crid://panorama.five.tv/versions/C5511220006A&start=2026-06-22T00:45:00+0000&duration=PT1H from server.
Fetching https://www.freeview.co.uk/api/program?sid=46&nid=64403&pid=crid://panorama.five.tv/versions/C5468600004A&start=2026-06-22T01:45:00+0000&duration=PT50M from server.
Fetching https://www.freeview.co.uk/api/program?sid=46&nid=64403&pid=crid://panorama.five.tv/versions/C5410200004A&start=2026-06-22T02:35:00+0000&duration=PT25M from server.
Fetching https://www.freeview.co.uk/api/program?sid=46&nid=64403&pid=crid://panorama.five.tv/versions/C5266540001A&start=2026-06-22T03:00:00+0000&duration=PT2H from server.
Fetching https://www.freeview.co.uk/api/program?sid=46&nid=64403&pid=crid://panorama.five.tv/versions/C5480340001A&start=2026-06-22T05:00:00+0000&duration=PT30M from server.
Fetching https://www.freeview.co.uk/api/program?sid=46&nid=64403&pid=crid://panorama.five.tv/versions/C5533960001A&start=2026-06-22T05:30:00+0000&duration=PT30M from server.
Fetching https://www.freeview.co.uk/api/program?sid=46&nid=64403&pid=crid://panorama.five.tv/versions/C5480340001A&start=2026-06-22T06:00:00+0000&duration=PT30M from server.
Fetching https://www.freeview.co.uk/api/program?sid=46&nid=64403&pid=crid://panorama.five.tv/versions/C5535920001A&start=2026-06-22T06:30:00+0000&duration=PT30M from server.
Fetching https://www.freeview.co.uk/api/program?sid=46&nid=64403&pid=crid://panorama.five.tv/versions/C5349600001A&start=2026-06-22T07:00:00+0000&duration=PT1H from server.
Fetching https://www.freeview.co.uk/api/program?sid=46&nid=64403&pid=crid://panorama.five.tv/versions/C5468680005A&start=2026-06-22T08:00:00+0000&duration=PT1H from server.
Fetching https://www.freeview.co.uk/api/program?sid=46&nid=64403&pid=crid://panorama.five.tv/versions/C5507220005A&start=2026-06-22T09:00:00+0000&duration=PT1H from server.
Fetching https://www.freeview.co.uk/api/program?sid=46&nid=64403&pid=crid://panorama.five.tv/versions/C5255470004D&start=2026-06-22T10:00:00+0000&duration=PT1H from server.
Fetching https://www.freeview.co.uk/api/program?sid=46&nid=64403&pid=crid://panorama.five.tv/versions/C5255470005E&start=2026-06-22T11:00:00+0000&duration=PT1H from server.
Fetching https://www.freeview.co.uk/api/program?sid=46&nid=64403&pid=crid://panorama.five.tv/versions/C5269420017A&start=2026-06-22T12:00:00+0000&duration=PT1H from server.
Fetching https://www.freeview.co.uk/api/program?sid=46&nid=64403&pid=crid://panorama.five.tv/versions/C5269420018A&start=2026-06-22T13:00:00+0000&duration=PT1H from server.
Fetching https://www.freeview.co.uk/api/program?sid=46&nid=64403&pid=crid://panorama.five.tv/versions/C5084350001B&start=2026-06-22T14:00:00+0000&duration=PT1H35M from server.
Fetching https://www.freeview.co.uk/api/program?sid=46&nid=64403&pid=crid://panorama.five.tv/versions/C5323170007A&start=2026-06-22T15:35:00+0000&duration=PT25M from server.
Fetching https://www.freeview.co.uk/api/program?sid=46&nid=64403&pid=crid://panorama.five.tv/versions/C5212980001A&start=2026-06-22T16:00:00+0000&duration=PT1H from server.
Fetching https://www.freeview.co.uk/api/program?sid=46&nid=64403&pid=crid://panorama.five.tv/versions/C5495590001A&start=2026-06-22T17:00:00+0000&duration=PT1H from server.
Fetching https://www.freeview.co.uk/api/program?sid=46&nid=64403&pid=crid://panorama.five.tv/versions/C5255470006D&start=2026-06-22T18:00:00+0000&duration=PT1H from server.
Fetching https://www.freeview.co.uk/api/program?sid=46&nid=64403&pid=crid://panorama.five.tv/versions/C5255470007E&start=2026-06-22T19:00:00+0000&duration=PT1H from server.
Fetching https://www.freeview.co.uk/api/program?sid=46&nid=64403&pid=crid://panorama.five.tv/versions/C5511220007A&start=2026-06-22T20:00:00+0000&duration=PT1H from server.
Fetching https://www.freeview.co.uk/api/program?sid=46&nid=64403&pid=crid://panorama.five.tv/versions/C5534360002A&start=2026-06-22T21:00:00+0000&duration=PT1H5M from server.
Fetching https://www.freeview.co.uk/api/program?sid=46&nid=64403&pid=crid://panorama.five.tv/versions/C5481470001B&start=2026-06-22T22:05:00+0000&duration=PT55M from server.
Fetching https://www.freeview.co.uk/api/program?sid=46&nid=64403&pid=crid://panorama.five.tv/versions/C5356900007A&start=2026-06-22T23:00:00+0000&duration=PT1H5M from server.
### Wanted 8460 
Fetching https://www.freeview.co.uk/api/program?sid=49&nid=64403&pid=crid://movida.bebanjo.net/mas/version/74961/012/POSTWATERSHED2100/C&start=2026-06-22T00:20:00+0000&duration=PT1H5M from server.
Fetching https://www.freeview.co.uk/api/program?sid=49&nid=64403&pid=crid://csi.digitaluk.co.uk/4f660a84-a4a8-4e30-a091-94f8f7184d7b&start=2026-06-22T01:25:00+0000&duration=PT2H from server.
Fetching https://www.freeview.co.uk/api/program?sid=49&nid=64403&pid=crid://csi.digitaluk.co.uk/9b64b147-448d-4dfa-ba39-9933b29fa0af&start=2026-06-22T03:25:00+0000&duration=PT35M from server.
Fetching https://www.freeview.co.uk/api/program?sid=49&nid=64403&pid=crid://csi.digitaluk.co.uk/b6b9a938-d1be-44c4-83fe-4f61553f42c9&start=2026-06-22T04:00:00+0000&duration=PT2H from server.
Fetching https://www.freeview.co.uk/api/program?sid=49&nid=64403&pid=crid://csi.digitaluk.co.uk/96121bcc-8da3-41a4-bfd7-3de0a13694bc&start=2026-06-22T06:00:00+0000&duration=PT2H from server.
Fetching https://www.freeview.co.uk/api/program?sid=49&nid=64403&pid=crid://csi.digitaluk.co.uk/c29c89a6-28ae-44f2-88e3-a4212a826c3c&start=2026-06-22T08:00:00+0000&duration=PT1H from server.
Fetching https://www.freeview.co.uk/api/program?sid=49&nid=64403&pid=crid://csi.digitaluk.co.uk/147ab35a-02ea-4479-99f5-8dfe2892570e&start=2026-06-22T09:00:00+0000&duration=PT1H from server.
Fetching https://www.freeview.co.uk/api/program?sid=49&nid=64403&pid=crid://movida.bebanjo.net/mas/version/78538/015/ASDELIVERED/C&start=2026-06-22T10:00:00+0000&duration=PT1H from server.
Fetching https://www.freeview.co.uk/api/program?sid=49&nid=64403&pid=crid://csi.digitaluk.co.uk/80f80258-3ef1-4b06-9604-e19459dcdca2&start=2026-06-22T11:00:00+0000&duration=PT1H from server.
Fetching https://www.freeview.co.uk/api/program?sid=49&nid=64403&pid=crid://csi.digitaluk.co.uk/3f2d63f0-b21f-45f5-83f8-051f7b0f9dc4&start=2026-06-22T12:00:00+0000&duration=PT1H from server.
Fetching https://www.freeview.co.uk/api/program?sid=49&nid=64403&pid=crid://csi.digitaluk.co.uk/5e7b26c2-26bb-451e-9bce-6ab004a8d217&start=2026-06-22T13:00:00+0000&duration=PT1H from server.
Fetching https://www.freeview.co.uk/api/program?sid=49&nid=64403&pid=crid://csi.digitaluk.co.uk/767d49ce-0df5-4e75-8419-183b08363af6&start=2026-06-22T14:00:00+0000&duration=PT1H from server.
Fetching https://www.freeview.co.uk/api/program?sid=49&nid=64403&pid=crid://csi.digitaluk.co.uk/1025ed8c-5a07-4602-b8c0-48e5c91f2abf&start=2026-06-22T15:00:00+0000&duration=PT30M from server.
Fetching https://www.freeview.co.uk/api/program?sid=49&nid=64403&pid=crid://csi.digitaluk.co.uk/563f15ad-0d90-45be-8797-d389af0d0091&start=2026-06-22T15:30:00+0000&duration=PT30M from server.
Fetching https://www.freeview.co.uk/api/program?sid=49&nid=64403&pid=crid://csi.digitaluk.co.uk/161450f7-f196-4bd6-84e8-02efc8d99454&start=2026-06-22T16:00:00+0000&duration=PT30M from server.
Fetching https://www.freeview.co.uk/api/program?sid=49&nid=64403&pid=crid://csi.digitaluk.co.uk/0da3df5d-6a53-449a-97d0-edb79c77e286&start=2026-06-22T16:30:00+0000&duration=PT30M from server.
Fetching https://www.freeview.co.uk/api/program?sid=49&nid=64403&pid=crid://csi.digitaluk.co.uk/b80bdaf9-6e1b-4776-9113-220743fc5961&start=2026-06-22T17:00:00+0000&duration=PT30M from server.
Fetching https://www.freeview.co.uk/api/program?sid=49&nid=64403&pid=crid://csi.digitaluk.co.uk/e24e8f82-7473-457c-9141-d61b29c5a0b8&start=2026-06-22T17:30:00+0000&duration=PT30M from server.
Fetching https://www.freeview.co.uk/api/program?sid=49&nid=64403&pid=crid://movida.bebanjo.net/mas/version/77950/001/ASDELIVERED/C&start=2026-06-22T18:00:00+0000&duration=PT1H from server.
Fetching https://www.freeview.co.uk/api/program?sid=49&nid=64403&pid=crid://csi.digitaluk.co.uk/ef4c1b04-c7be-4501-a663-c80175afa4d4&start=2026-06-22T19:00:00+0000&duration=PT1H from server.
Fetching https://www.freeview.co.uk/api/program?sid=49&nid=64403&pid=crid://csi.digitaluk.co.uk/036cd7b8-763c-41a8-a6b7-4d33ea0ee3e7&start=2026-06-22T20:00:00+0000&duration=PT1H from server.
Fetching https://www.freeview.co.uk/api/program?sid=49&nid=64403&pid=crid://csi.digitaluk.co.uk/9e7841d1-b591-4d64-a8c0-087afecb8f89&start=2026-06-22T21:00:00+0000&duration=PT1H5M from server.
Fetching https://www.freeview.co.uk/api/program?sid=49&nid=64403&pid=crid://csi.digitaluk.co.uk/7f0cbc00-83e1-4a35-a9ec-2a5f72da441d&start=2026-06-22T22:05:00+0000&duration=PT1H from server.
Fetching https://www.freeview.co.uk/api/program?sid=49&nid=64403&pid=crid://csi.digitaluk.co.uk/1521b224-0af2-454c-8379-dc62e9daf446&start=2026-06-22T23:05:00+0000&duration=PT1H5M from server.
## Wanted 14384 
Fetching https://www.freeview.co.uk/api/program?sid=64&nid=64403&pid=crid://csi.digitaluk.co.uk/8b850f55-8145-4416-aeb7-32db9bca3f10&start=2026-06-22T00:00:00+0000&duration=PT1H from server.
Fetching https://www.freeview.co.uk/api/program?sid=64&nid=64403&pid=crid://csi.digitaluk.co.uk/dcaab4fc-0164-4a0d-81c6-85215f551e06&start=2026-06-22T01:00:00+0000&duration=PT1H from server.
Fetching https://www.freeview.co.uk/api/program?sid=64&nid=64403&pid=crid://csi.digitaluk.co.uk/833854a3-c6f4-41c2-a201-5b54df8dcf9e&start=2026-06-22T02:00:00+0000&duration=PT1H from server.
Fetching https://www.freeview.co.uk/api/program?sid=64&nid=64403&pid=crid://csi.digitaluk.co.uk/ddcdad84-48eb-47e1-951c-78f97bc3be2a&start=2026-06-22T03:00:00+0000&duration=PT1H from server.
Fetching https://www.freeview.co.uk/api/program?sid=64&nid=64403&pid=crid://csi.digitaluk.co.uk/008148dc-dbed-4333-8d4c-faa8e2f6becd&start=2026-06-22T04:00:00+0000&duration=PT1H from server.
Fetching https://www.freeview.co.uk/api/program?sid=64&nid=64403&pid=crid://csi.digitaluk.co.uk/c43a91f6-dce9-41d9-99f1-9b44374342c4&start=2026-06-22T05:00:00+0000&duration=PT45M from server.
Fetching https://www.freeview.co.uk/api/program?sid=64&nid=64403&pid=crid://csi.digitaluk.co.uk/76ab6fe2-fd3c-4721-b81f-e320cca695ed&start=2026-06-22T05:45:00+0000&duration=PT45M from server.
Fetching https://www.freeview.co.uk/api/program?sid=64&nid=64403&pid=crid://csi.digitaluk.co.uk/1ddd3200-1c56-4e1c-bdd6-a5b7bae9ca29&start=2026-06-22T06:30:00+0000&duration=PT55M from server.
Fetching https://www.freeview.co.uk/api/program?sid=64&nid=64403&pid=crid://csi.digitaluk.co.uk/a84e1b92-cc8a-4cb8-8bfa-fce76f009361&start=2026-06-22T07:25:00+0000&duration=PT55M from server.
Fetching https://www.freeview.co.uk/api/program?sid=64&nid=64403&pid=crid://csi.digitaluk.co.uk/91435055-b2e3-44d9-9e47-6072bb2ec64b&start=2026-06-22T08:20:00+0000&duration=PT25M from server.
Fetching https://www.freeview.co.uk/api/program?sid=64&nid=64403&pid=crid://csi.digitaluk.co.uk/7784f7cc-806b-472c-a71a-9262aff67ed1&start=2026-06-22T08:45:00+0000&duration=PT30M from server.
Fetching https://www.freeview.co.uk/api/program?sid=64&nid=64403&pid=crid://csi.digitaluk.co.uk/36a834f1-d490-4c7e-8164-cdc3752e380d&start=2026-06-22T09:15:00+0000&duration=PT25M from server.
Fetching https://www.freeview.co.uk/api/program?sid=64&nid=64403&pid=crid://csi.digitaluk.co.uk/27326247-ac2e-4f40-b11e-e19f4bbb431c&start=2026-06-22T09:40:00+0000&duration=PT30M from server.
Fetching https://www.freeview.co.uk/api/program?sid=64&nid=64403&pid=crid://csi.digitaluk.co.uk/84fa713b-f6ff-48ee-bdf4-ec439530cded&start=2026-06-22T10:10:00+0000&duration=PT30M from server.
Fetching https://www.freeview.co.uk/api/program?sid=64&nid=64403&pid=crid://csi.digitaluk.co.uk/b567266d-042e-4ce8-a875-e2dc541ce5fe&start=2026-06-22T10:40:00+0000&duration=PT30M from server.
Fetching https://www.freeview.co.uk/api/program?sid=64&nid=64403&pid=crid://csi.digitaluk.co.uk/2f0abc29-686b-4bf4-a4fe-88fc886e473f&start=2026-06-22T11:10:00+0000&duration=PT25M from server.
Fetching https://www.freeview.co.uk/api/program?sid=64&nid=64403&pid=crid://csi.digitaluk.co.uk/766f0d20-9278-448a-bda9-3b8e8f52721c&start=2026-06-22T11:35:00+0000&duration=PT30M from server.
Fetching https://www.freeview.co.uk/api/program?sid=64&nid=64403&pid=crid://csi.digitaluk.co.uk/24884ae0-eecc-4f38-92ec-6eb4edf1e27f&start=2026-06-22T12:05:00+0000&duration=PT1H from server.
Fetching https://www.freeview.co.uk/api/program?sid=64&nid=64403&pid=crid://csi.digitaluk.co.uk/40b8e7e5-db4b-4813-a4e0-68f4866c05cf&start=2026-06-22T13:05:00+0000&duration=PT1H from server.
Fetching https://www.freeview.co.uk/api/program?sid=64&nid=64403&pid=crid://csi.digitaluk.co.uk/40956e32-b111-462b-bd9d-e78aad1a5b4c&start=2026-06-22T14:05:00+0000&duration=PT1H from server.
Fetching https://www.freeview.co.uk/api/program?sid=64&nid=64403&pid=crid://csi.digitaluk.co.uk/6261e6d4-4bda-4fc5-b26f-f9d2cd1f872e&start=2026-06-22T15:05:00+0000&duration=PT55M from server.
Fetching https://www.freeview.co.uk/api/program?sid=64&nid=64403&pid=crid://csi.digitaluk.co.uk/e0c3c279-d6d2-4462-bae5-d280504aa603&start=2026-06-22T16:00:00+0000&duration=PT1H from server.
Fetching https://www.freeview.co.uk/api/program?sid=64&nid=64403&pid=crid://csi.digitaluk.co.uk/d8c96e90-9668-4c36-a8d4-0ab52e66401a&start=2026-06-22T17:00:00+0000&duration=PT30M from server.
Fetching https://www.freeview.co.uk/api/program?sid=64&nid=64403&pid=crid://csi.digitaluk.co.uk/23d6cffc-0083-450a-a9dd-843f2d7fb8d0&start=2026-06-22T17:30:00+0000&duration=PT30M from server.
Fetching https://www.freeview.co.uk/api/program?sid=64&nid=64403&pid=crid://csi.digitaluk.co.uk/fdaf822e-70ba-4dbf-8181-d9fc3f2080e7&start=2026-06-22T18:00:00+0000&duration=PT30M from server.
Fetching https://www.freeview.co.uk/api/program?sid=64&nid=64403&pid=crid://csi.digitaluk.co.uk/904e317c-4dd7-4674-bf6c-70ae4f9539b2&start=2026-06-22T18:30:00+0000&duration=PT30M from server.
Fetching https://www.freeview.co.uk/api/program?sid=64&nid=64403&pid=crid://csi.digitaluk.co.uk/bd4f56a5-0e31-4782-a376-3c6f43399586&start=2026-06-22T19:00:00+0000&duration=PT1H from server.
Fetching https://www.freeview.co.uk/api/program?sid=64&nid=64403&pid=crid://csi.digitaluk.co.uk/9e188938-9475-4591-881c-c8a6b71a6c64&start=2026-06-22T20:00:00+0000&duration=PT1H from server.
Fetching https://www.freeview.co.uk/api/program?sid=64&nid=64403&pid=crid://csi.digitaluk.co.uk/0745ad14-80d7-40e8-bc98-f6ee2a6d4fdd&start=2026-06-22T21:00:00+0000&duration=PT1H from server.
Fetching https://www.freeview.co.uk/api/program?sid=64&nid=64403&pid=crid://csi.digitaluk.co.uk/939ef5d8-153b-4a40-a4ed-9fe24cd186ab&start=2026-06-22T22:00:00+0000&duration=PT1H from server.
Fetching https://www.freeview.co.uk/api/program?sid=64&nid=64403&pid=crid://csi.digitaluk.co.uk/015a336a-bbe4-4f21-ab2a-ee3fb19714d1&start=2026-06-22T23:00:00+0000&duration=PT1H from server.
### Wanted 17856 
Fetching https://www.freeview.co.uk/api/program?sid=103&nid=64403&pid=crid://csi.digitaluk.co.uk/e533b5be-f5fd-453b-991a-8a67cf0bd16a&start=2026-06-22T00:30:00+0000&duration=PT3H5M from server.
Fetching https://www.freeview.co.uk/api/program?sid=103&nid=64403&pid=crid://csi.digitaluk.co.uk/4d781909-e0a8-4626-aea3-d5aab347cb2c&start=2026-06-22T03:35:00+0000&duration=PT25M from server.
Fetching https://www.freeview.co.uk/api/program?sid=103&nid=64403&pid=crid://csi.digitaluk.co.uk/b83def18-1785-42ea-9b9f-94da760eed5b&start=2026-06-22T04:00:00+0000&duration=PT35M from server.
Fetching https://www.freeview.co.uk/api/program?sid=103&nid=64403&pid=crid://csi.digitaluk.co.uk/c72205ee-941a-4bb8-887e-7e30199a8cc0&start=2026-06-22T04:35:00+0000&duration=PT25M from server.
Fetching https://www.freeview.co.uk/api/program?sid=103&nid=64403&pid=crid://csi.digitaluk.co.uk/62ac85f7-0506-4a3e-9dd9-42f20d30cc05&start=2026-06-22T05:00:00+0000&duration=PT3H30M from server.
Fetching https://www.freeview.co.uk/api/program?sid=103&nid=64403&pid=crid://csi.digitaluk.co.uk/e496fc81-64a0-4e30-913d-12df73f61e9a&start=2026-06-22T08:30:00+0000&duration=PT30M from server.
Fetching https://www.freeview.co.uk/api/program?sid=103&nid=64403&pid=crid://csi.digitaluk.co.uk/1a717688-abca-4c4b-bc4e-71d9c2ca3561&start=2026-06-22T09:00:00+0000&duration=PT2H30M from server.
Fetching https://www.freeview.co.uk/api/program?sid=103&nid=64403&pid=crid://csi.digitaluk.co.uk/1307b6da-4624-42b8-9a74-26a0f9e2ca89&start=2026-06-22T11:30:00+0000&duration=PT1H from server.
Fetching https://www.freeview.co.uk/api/program?sid=103&nid=64403&pid=crid://csi.digitaluk.co.uk/e1edc52a-cb0f-4fe5-8cc4-44f6019b2fa8&start=2026-06-22T12:30:00+0000&duration=PT20M from server.
Fetching https://www.freeview.co.uk/api/program?sid=103&nid=64403&pid=crid://csi.digitaluk.co.uk/c8ad0e99-cb77-4277-af8a-947ce66acd39&start=2026-06-22T12:50:00+0000&duration=PT10M from server.
Fetching https://www.freeview.co.uk/api/program?sid=103&nid=64403&pid=crid://csi.digitaluk.co.uk/fddbef2c-8317-4919-8b72-b8e08ed654b0&start=2026-06-22T13:00:00+0000&duration=PT1H from server.
Fetching https://www.freeview.co.uk/api/program?sid=103&nid=64403&pid=crid://csi.digitaluk.co.uk/d74df40f-0d64-4ebe-bfab-eb512a2085e6&start=2026-06-22T14:00:00+0000&duration=PT1H from server.
Fetching https://www.freeview.co.uk/api/program?sid=103&nid=64403&pid=crid://csi.digitaluk.co.uk/aaf7f250-20c9-4123-90a6-b99dd9425356&start=2026-06-22T15:00:00+0000&duration=PT1H from server.
Fetching https://www.freeview.co.uk/api/program?sid=103&nid=64403&pid=crid://csi.digitaluk.co.uk/7d10190d-72ba-4958-b7c8-e7222dbfe5a3&start=2026-06-22T16:00:00+0000&duration=PT1H from server.
Fetching https://www.freeview.co.uk/api/program?sid=103&nid=64403&pid=crid://csi.digitaluk.co.uk/ec93c475-6616-4521-b910-758b4d39445c&start=2026-06-22T17:00:00+0000&duration=PT30M from server.
Fetching https://www.freeview.co.uk/api/program?sid=103&nid=64403&pid=crid://csi.digitaluk.co.uk/edb763d1-7805-45c4-9504-1b39a65b7a24&start=2026-06-22T17:30:00+0000&duration=PT1H from server.
Fetching https://www.freeview.co.uk/api/program?sid=103&nid=64403&pid=crid://csi.digitaluk.co.uk/ec79d351-cc10-49c3-8bda-e4d84afc4041&start=2026-06-22T18:30:00+0000&duration=PT30M from server.
Fetching https://www.freeview.co.uk/api/program?sid=103&nid=64403&pid=crid://csi.digitaluk.co.uk/24a5f935-6d5a-4520-822d-36df7ebc6ad8&start=2026-06-22T19:00:00+0000&duration=PT1H from server.
Fetching https://www.freeview.co.uk/api/program?sid=103&nid=64403&pid=crid://csi.digitaluk.co.uk/b9b368bd-1f9b-437b-8c67-bde99663bcda&start=2026-06-22T20:00:00+0000&duration=PT1H from server.
Fetching https://www.freeview.co.uk/api/program?sid=103&nid=64403&pid=crid://csi.digitaluk.co.uk/f8b632a6-a70a-44d8-93b6-6cea653627e1&start=2026-06-22T21:00:00+0000&duration=PT30M from server.
Fetching https://www.freeview.co.uk/api/program?sid=103&nid=64403&pid=crid://csi.digitaluk.co.uk/06a5aea8-50c8-4930-8f15-837182000de9&start=2026-06-22T21:30:00+0000&duration=PT10M from server.
Fetching https://www.freeview.co.uk/api/program?sid=103&nid=64403&pid=crid://csi.digitaluk.co.uk/f8f53b18-3bb4-41bb-8c42-1ddd4d501347&start=2026-06-22T21:40:00+0000&duration=PT25M from server.
Fetching https://www.freeview.co.uk/api/program?sid=103&nid=64403&pid=crid://csi.digitaluk.co.uk/277fc472-2a57-492f-a72e-0373869fc400&start=2026-06-22T22:05:00+0000&duration=PT55M from server.
Fetching https://www.freeview.co.uk/api/program?sid=103&nid=64403&pid=crid://csi.digitaluk.co.uk/c861c9eb-17cf-43b7-928e-4563ce318687&start=2026-06-22T23:00:00+0000&duration=PT15M from server.
Fetching https://www.freeview.co.uk/api/program?sid=103&nid=64403&pid=crid://csi.digitaluk.co.uk/fb0966dc-8f29-46af-a53f-341f53b6749e&start=2026-06-22T23:15:00+0000&duration=PT3H15M from server.
## Wanted 22080 
Fetching https://www.freeview.co.uk/api/program?sid=233&nid=64403&pid=crid://csi.digitaluk.co.uk/b8068b59-c39e-4736-881d-480d393c64b2&start=2026-06-22T00:00:00+0000&duration=PT1H from server.
Fetching https://www.freeview.co.uk/api/program?sid=233&nid=64403&pid=crid://csi.digitaluk.co.uk/d88268a8-5571-4409-9d67-99876d29b000&start=2026-06-22T01:00:00+0000&duration=PT1H from server.
Fetching https://www.freeview.co.uk/api/program?sid=233&nid=64403&pid=crid://csi.digitaluk.co.uk/bbb938d7-c6ae-4bf5-bea7-9858c908e677&start=2026-06-22T02:00:00+0000&duration=PT1H from server.
Fetching https://www.freeview.co.uk/api/program?sid=233&nid=64403&pid=crid://csi.digitaluk.co.uk/19f715d1-fdea-434c-97b7-60afbe7bb5e4&start=2026-06-22T03:00:00+0000&duration=PT1H from server.
Fetching https://www.freeview.co.uk/api/program?sid=233&nid=64403&pid=crid://csi.digitaluk.co.uk/3bf9bbe1-f7ef-44d9-a207-a733597617bb&start=2026-06-22T04:00:00+0000&duration=PT1H from server.
Fetching https://www.freeview.co.uk/api/program?sid=233&nid=64403&pid=crid://csi.digitaluk.co.uk/7dfaefe5-d99a-48fa-a8ef-46bddb835e98&start=2026-06-22T05:00:00+0000&duration=PT30M from server.
Fetching https://www.freeview.co.uk/api/program?sid=233&nid=64403&pid=crid://csi.digitaluk.co.uk/75e564cd-2b89-40e5-b23b-0a65634a9444&start=2026-06-22T05:30:00+0000&duration=PT30M from server.
Fetching https://www.freeview.co.uk/api/program?sid=233&nid=64403&pid=crid://csi.digitaluk.co.uk/2597be05-f346-4ba8-b3ff-efbfe6ce4326&start=2026-06-22T06:00:00+0000&duration=PT30M from server.
Fetching https://www.freeview.co.uk/api/program?sid=233&nid=64403&pid=crid://csi.digitaluk.co.uk/aebb01e9-f435-4829-9373-3b251c34f6f5&start=2026-06-22T06:30:00+0000&duration=PT30M from server.
Fetching https://www.freeview.co.uk/api/program?sid=233&nid=64403&pid=crid://csi.digitaluk.co.uk/b677119f-d203-42f6-8e53-9ee8719ef6d6&start=2026-06-22T07:00:00+0000&duration=PT30M from server.
Fetching https://www.freeview.co.uk/api/program?sid=233&nid=64403&pid=crid://csi.digitaluk.co.uk/ec8fecb2-f3a7-4a17-a83a-a12385a982bd&start=2026-06-22T07:30:00+0000&duration=PT30M from server.
Fetching https://www.freeview.co.uk/api/program?sid=233&nid=64403&pid=crid://csi.digitaluk.co.uk/9d368cd8-334b-4c25-b07a-414171dfc0d4&start=2026-06-22T08:00:00+0000&duration=PT30M from server.
Fetching https://www.freeview.co.uk/api/program?sid=233&nid=64403&pid=crid://csi.digitaluk.co.uk/7cb3c3de-5c84-44d2-a1da-c75c3e979eb4&start=2026-06-22T08:30:00+0000&duration=PT30M from server.
Fetching https://www.freeview.co.uk/api/program?sid=233&nid=64403&pid=crid://csi.digitaluk.co.uk/7c770cf5-c591-4629-810d-291c9492ce75&start=2026-06-22T09:00:00+0000&duration=PT30M from server.
Fetching https://www.freeview.co.uk/api/program?sid=233&nid=64403&pid=crid://csi.digitaluk.co.uk/ac947e7c-ad79-441d-804e-62ab8a2b9a42&start=2026-06-22T09:30:00+0000&duration=PT30M from server.
Fetching https://www.freeview.co.uk/api/program?sid=233&nid=64403&pid=crid://csi.digitaluk.co.uk/1d5e9840-1801-4ba6-834c-f70f03adcef0&start=2026-06-22T10:00:00+0000&duration=PT30M from server.
Fetching https://www.freeview.co.uk/api/program?sid=233&nid=64403&pid=crid://csi.digitaluk.co.uk/0b7c98e1-6405-432e-accc-36045b9b6831&start=2026-06-22T10:30:00+0000&duration=PT30M from server.
Fetching https://www.freeview.co.uk/api/program?sid=233&nid=64403&pid=crid://csi.digitaluk.co.uk/406abdd9-1796-4aea-8aef-07ecd4d973d2&start=2026-06-22T11:00:00+0000&duration=PT30M from server.
Fetching https://www.freeview.co.uk/api/program?sid=233&nid=64403&pid=crid://csi.digitaluk.co.uk/778e403d-b55b-4aec-bf63-0b5f2aa6ff4e&start=2026-06-22T11:30:00+0000&duration=PT30M from server.
Fetching https://www.freeview.co.uk/api/program?sid=233&nid=64403&pid=crid://csi.digitaluk.co.uk/ac0e41c2-dab2-4583-a798-0f397f668a93&start=2026-06-22T12:00:00+0000&duration=PT30M from server.
Fetching https://www.freeview.co.uk/api/program?sid=233&nid=64403&pid=crid://csi.digitaluk.co.uk/6504de85-6048-4191-b5f6-3d5e2108833c&start=2026-06-22T12:30:00+0000&duration=PT30M from server.
Fetching https://www.freeview.co.uk/api/program?sid=233&nid=64403&pid=crid://csi.digitaluk.co.uk/0e70c3e1-6ac7-451b-8977-bfc2c5625da3&start=2026-06-22T13:00:00+0000&duration=PT30M from server.
Fetching https://www.freeview.co.uk/api/program?sid=233&nid=64403&pid=crid://csi.digitaluk.co.uk/440cd3d8-3443-4809-8247-f1f292e41314&start=2026-06-22T13:30:00+0000&duration=PT30M from server.
Fetching https://www.freeview.co.uk/api/program?sid=233&nid=64403&pid=crid://csi.digitaluk.co.uk/e859d2dc-e338-4ba3-b37e-b2369d67db79&start=2026-06-22T14:00:00+0000&duration=PT30M from server.
Fetching https://www.freeview.co.uk/api/program?sid=233&nid=64403&pid=crid://csi.digitaluk.co.uk/1b1f7c51-d561-4d92-95ce-90ed7737a051&start=2026-06-22T14:30:00+0000&duration=PT30M from server.
Fetching https://www.freeview.co.uk/api/program?sid=233&nid=64403&pid=crid://csi.digitaluk.co.uk/94f8ea75-6c2f-41fe-92b7-9c5b17272483&start=2026-06-22T15:00:00+0000&duration=PT30M from server.
Fetching https://www.freeview.co.uk/api/program?sid=233&nid=64403&pid=crid://csi.digitaluk.co.uk/c5c771a2-e329-4cad-a4cb-909cbd52e7e0&start=2026-06-22T15:30:00+0000&duration=PT30M from server.
Fetching https://www.freeview.co.uk/api/program?sid=233&nid=64403&pid=crid://csi.digitaluk.co.uk/e25becf6-b2e1-4b51-9cd6-c8db0ac53125&start=2026-06-22T16:00:00+0000&duration=PT30M from server.
Fetching https://www.freeview.co.uk/api/program?sid=233&nid=64403&pid=crid://csi.digitaluk.co.uk/8e57510a-5fc0-4aec-8c6f-ca2e9e74e1eb&start=2026-06-22T16:30:00+0000&duration=PT30M from server.
Fetching https://www.freeview.co.uk/api/program?sid=233&nid=64403&pid=crid://csi.digitaluk.co.uk/82a11ce9-f2d3-4475-b00c-832dfc058fce&start=2026-06-22T17:00:00+0000&duration=PT30M from server.
Fetching https://www.freeview.co.uk/api/program?sid=233&nid=64403&pid=crid://csi.digitaluk.co.uk/91f44a07-e5fc-44c3-910f-7fd02646332a&start=2026-06-22T17:30:00+0000&duration=PT30M from server.
Fetching https://www.freeview.co.uk/api/program?sid=233&nid=64403&pid=crid://csi.digitaluk.co.uk/5fb68a16-9dd7-4227-8791-8b4cc1bf9398&start=2026-06-22T18:00:00+0000&duration=PT30M from server.
Fetching https://www.freeview.co.uk/api/program?sid=233&nid=64403&pid=crid://csi.digitaluk.co.uk/c12f9fd6-7221-43c7-9d9a-b390e6ab0113&start=2026-06-22T18:30:00+0000&duration=PT30M from server.
Fetching https://www.freeview.co.uk/api/program?sid=233&nid=64403&pid=crid://csi.digitaluk.co.uk/793ff379-695e-41c9-8205-a42b8fa4c50f&start=2026-06-22T19:00:00+0000&duration=PT30M from server.
Fetching https://www.freeview.co.uk/api/program?sid=233&nid=64403&pid=crid://csi.digitaluk.co.uk/99b463c3-0ca8-4298-ab36-35fc2386151d&start=2026-06-22T19:30:00+0000&duration=PT30M from server.
Fetching https://www.freeview.co.uk/api/program?sid=233&nid=64403&pid=crid://csi.digitaluk.co.uk/2931ad88-407c-4438-879f-87f79313f143&start=2026-06-22T20:00:00+0000&duration=PT30M from server.
Fetching https://www.freeview.co.uk/api/program?sid=233&nid=64403&pid=crid://csi.digitaluk.co.uk/145c25e1-a0cc-445c-8e91-ab560ee30226&start=2026-06-22T20:30:00+0000&duration=PT30M from server.
Fetching https://www.freeview.co.uk/api/program?sid=233&nid=64403&pid=crid://csi.digitaluk.co.uk/c4259cd5-91b9-45f1-a2b7-b661435c32f5&start=2026-06-22T21:00:00+0000&duration=PT30M from server.
Fetching https://www.freeview.co.uk/api/program?sid=233&nid=64403&pid=crid://csi.digitaluk.co.uk/146d9ae9-e16d-407c-b3f5-24507e3c4671&start=2026-06-22T21:30:00+0000&duration=PT30M from server.
Fetching https://www.freeview.co.uk/api/program?sid=233&nid=64403&pid=crid://csi.digitaluk.co.uk/f8106c1c-ebbc-455a-83f7-6b57f5e39c2f&start=2026-06-22T22:00:00+0000&duration=PT30M from server.
Fetching https://www.freeview.co.uk/api/program?sid=233&nid=64403&pid=crid://csi.digitaluk.co.uk/6518528a-3d05-4adb-87bf-be7d3137a140&start=2026-06-22T22:30:00+0000&duration=PT30M from server.
Fetching https://www.freeview.co.uk/api/program?sid=233&nid=64403&pid=crid://csi.digitaluk.co.uk/aa07d187-7046-43f6-8930-152dc71422b0&start=2026-06-22T23:00:00+0000&duration=PT1H from server.
###
