tv_grab_uk_freeview, 2026-06-14 22:59:18
----------------------------------------
getting list of channels:  URL= https://www.freeview.co.uk/api/channel-list?nid=64403 
Fetching https://www.freeview.co.uk/api/channel-list?nid=64403 from server.
##################################################
using cache '/home/runner/work/xmltv/xmltv/scripts//.xmltv/cache' 
using channel format 'number' 
using region id '64403' 
using icon ch string '?w=160' 
using icon pg string '?w=800' 
fetch 20 channels 
start/end grab: 1781481600 1781568000 
getting listings:  URL= https://www.freeview.co.uk/api/tv-guide?nid=64403&start=1781481600 
Fetching https://www.freeview.co.uk/api/tv-guide?nid=64403&start=1781481600 from server.
 Wanted 8384 
Fetching https://www.freeview.co.uk/api/program?sid=4&nid=64403&pid=crid://csi.enh.digitaluk.co.uk/74a5d5ea-e5db-4784-90aa-abdc45113912&start=2026-06-15T00:45:00+0000&duration=PT50M from server.
Fetching https://www.freeview.co.uk/api/program?sid=4&nid=64403&pid=crid://csi.enh.digitaluk.co.uk/79f8954f-107f-4015-afc8-242dd657e8bf&start=2026-06-15T01:35:00+0000&duration=PT55M from server.
Fetching https://www.freeview.co.uk/api/program?sid=4&nid=64403&pid=crid://csi.enh.digitaluk.co.uk/310784cc-627f-449f-b613-13cf677013a9&start=2026-06-15T02:30:00+0000&duration=PT25M from server.
Fetching https://www.freeview.co.uk/api/program?sid=4&nid=64403&pid=crid://csi.enh.digitaluk.co.uk/c9aac79d-5d77-4426-a351-808a2d1f83ab&start=2026-06-15T02:55:00+0000&duration=PT25M from server.
Fetching https://www.freeview.co.uk/api/program?sid=4&nid=64403&pid=crid://csi.enh.digitaluk.co.uk/f4997026-0df7-4338-a6dc-6323ba7cd7c3&start=2026-06-15T03:20:00+0000&duration=PT30M from server.
Fetching https://www.freeview.co.uk/api/program?sid=4&nid=64403&pid=crid://csi.enh.digitaluk.co.uk/cfc780f5-9c83-4af4-b7fe-6e90260fc135&start=2026-06-15T03:50:00+0000&duration=PT55M from server.
Fetching https://www.freeview.co.uk/api/program?sid=4&nid=64403&pid=crid://movida.bebanjo.net/mas/version/77002/050/ASDELIVERED/C&start=2026-06-15T04:45:00+0000&duration=PT40M from server.
Fetching https://www.freeview.co.uk/api/program?sid=4&nid=64403&pid=crid://csi.enh.digitaluk.co.uk/56a352ff-e348-43c2-b190-ee1de94b56cb&start=2026-06-15T05:25:00+0000&duration=PT25M from server.
Fetching https://www.freeview.co.uk/api/program?sid=4&nid=64403&pid=crid://csi.enh.digitaluk.co.uk/1bc5112f-c069-4f20-a73e-91b0f722cba6&start=2026-06-15T05:50:00+0000&duration=PT25M from server.
Fetching https://www.freeview.co.uk/api/program?sid=4&nid=64403&pid=crid://csi.enh.digitaluk.co.uk/aa91e690-cab0-4d2d-a7ef-129966f13f48&start=2026-06-15T06:15:00+0000&duration=PT30M from server.
Fetching https://www.freeview.co.uk/api/program?sid=4&nid=64403&pid=crid://csi.enh.digitaluk.co.uk/85a00588-1d55-4ef1-ae16-1f25f0f0e5b3&start=2026-06-15T06:45:00+0000&duration=PT25M from server.
Fetching https://www.freeview.co.uk/api/program?sid=4&nid=64403&pid=crid://csi.enh.digitaluk.co.uk/017b95be-d394-4536-ae72-724ba07e7a9a&start=2026-06-15T07:10:00+0000&duration=PT30M from server.
Fetching https://www.freeview.co.uk/api/program?sid=4&nid=64403&pid=crid://csi.enh.digitaluk.co.uk/62285542-0dbf-4c5e-bdd0-169742579956&start=2026-06-15T07:40:00+0000&duration=PT30M from server.
Fetching https://www.freeview.co.uk/api/program?sid=4&nid=64403&pid=crid://csi.enh.digitaluk.co.uk/ab2b2c94-c1e8-41b3-8e44-d25df3f1359e&start=2026-06-15T08:10:00+0000&duration=PT30M from server.
Fetching https://www.freeview.co.uk/api/program?sid=4&nid=64403&pid=crid://csi.enh.digitaluk.co.uk/02606992-9370-4df2-8826-5959b5648d02&start=2026-06-15T08:40:00+0000&duration=PT30M from server.
Fetching https://www.freeview.co.uk/api/program?sid=4&nid=64403&pid=crid://csi.enh.digitaluk.co.uk/ab17549d-b513-4007-96a6-21092b9d0002&start=2026-06-15T09:10:00+0000&duration=PT30M from server.
Fetching https://www.freeview.co.uk/api/program?sid=4&nid=64403&pid=crid://csi.enh.digitaluk.co.uk/62a3d0d8-8769-4323-b858-147e371b17c7&start=2026-06-15T09:40:00+0000&duration=PT30M from server.
Fetching https://www.freeview.co.uk/api/program?sid=4&nid=64403&pid=crid://csi.enh.digitaluk.co.uk/27fc0fee-8897-4696-9bf9-baa13ac21d22&start=2026-06-15T10:10:00+0000&duration=PT55M from server.
Fetching https://www.freeview.co.uk/api/program?sid=4&nid=64403&pid=crid://csi.enh.digitaluk.co.uk/eac72266-3024-41c5-8a0b-59d63ef214ba&start=2026-06-15T11:05:00+0000&duration=PT5M from server.
Fetching https://www.freeview.co.uk/api/program?sid=4&nid=64403&pid=crid://csi.enh.digitaluk.co.uk/afa66952-f85f-468f-8fd3-7f03506b5da0&start=2026-06-15T11:10:00+0000&duration=PT1H from server.
Fetching https://www.freeview.co.uk/api/program?sid=4&nid=64403&pid=crid://csi.enh.digitaluk.co.uk/2b04565c-804f-480c-b12c-258dde2d30ba&start=2026-06-15T12:10:00+0000&duration=PT1H from server.
Fetching https://www.freeview.co.uk/api/program?sid=4&nid=64403&pid=crid://movida.bebanjo.net/mas/version/77002/051/ASDELIVERED/C&start=2026-06-15T13:10:00+0000&duration=PT50M from server.
Fetching https://www.freeview.co.uk/api/program?sid=4&nid=64403&pid=crid://csi.digitaluk.co.uk/a1e981b4-5a80-44b1-8055-48251d8bb74f&start=2026-06-15T14:00:00+0000&duration=PT1H from server.
Fetching https://www.freeview.co.uk/api/program?sid=4&nid=64403&pid=crid://movida.bebanjo.net/mas/version/78538/011/ASDELIVERED/C&start=2026-06-15T15:00:00+0000&duration=PT1H from server.
Fetching https://www.freeview.co.uk/api/program?sid=4&nid=64403&pid=crid://csi.digitaluk.co.uk/76876776-7157-4d0e-95e9-0f39750f4a0c&start=2026-06-15T16:00:00+0000&duration=PT1H from server.
Fetching https://www.freeview.co.uk/api/program?sid=4&nid=64403&pid=crid://csi.digitaluk.co.uk/5e16cc3d-f9ac-4030-901f-bafd6da05288&start=2026-06-15T17:00:00+0000&duration=PT1H from server.
Fetching https://www.freeview.co.uk/api/program?sid=4&nid=64403&pid=crid://csi.enh.digitaluk.co.uk/e760959c-74e3-4d26-9e9a-95095385e1cc&start=2026-06-15T18:00:00+0000&duration=PT1H from server.
Fetching https://www.freeview.co.uk/api/program?sid=4&nid=64403&pid=crid://csi.enh.digitaluk.co.uk/09dcef9a-dbd2-4e37-a467-144f9065d21c&start=2026-06-15T19:00:00+0000&duration=PT1H from server.
Fetching https://www.freeview.co.uk/api/program?sid=4&nid=64403&pid=crid://movida.bebanjo.net/mas/version/78253/014/ASDELIVERED/C&start=2026-06-15T20:00:00+0000&duration=PT1H from server.
Fetching https://www.freeview.co.uk/api/program?sid=4&nid=64403&pid=crid://movida.bebanjo.net/mas/version/78817/001/ALLTIMES/C&start=2026-06-15T21:00:00+0000&duration=PT1H from server.
Fetching https://www.freeview.co.uk/api/program?sid=4&nid=64403&pid=crid://csi.enh.digitaluk.co.uk/a63d710d-4c24-4be3-8a68-c0c8568643c0&start=2026-06-15T22:00:00+0000&duration=PT1H5M from server.
Fetching https://www.freeview.co.uk/api/program?sid=4&nid=64403&pid=crid://csi.enh.digitaluk.co.uk/2c92cfed-939e-464b-9cf4-8380a64e8ddb&start=2026-06-15T23:05:00+0000&duration=PT55M from server.
## Wanted 8500 
Fetching https://www.freeview.co.uk/api/program?sid=5&nid=64403&pid=crid://panorama.five.tv/versions/C5349600001A&start=2026-06-15T00:00:00+0000&duration=PT1H from server.
Fetching https://www.freeview.co.uk/api/program?sid=5&nid=64403&pid=crid://panorama.five.tv/versions/C5266540001A&start=2026-06-15T01:00:00+0000&duration=PT30M from server.
Fetching https://www.freeview.co.uk/api/program?sid=5&nid=64403&pid=crid://csi.digitaluk.co.uk/a47ef490-fa2d-4314-8a5e-e31b7ac396a3&start=2026-06-15T01:30:00+0000&duration=PT45M from server.
Fetching https://www.freeview.co.uk/api/program?sid=5&nid=64403&pid=crid://panorama.five.tv/versions/C5255300013A&start=2026-06-15T02:15:00+0000&duration=PT25M from server.
Fetching https://www.freeview.co.uk/api/program?sid=5&nid=64403&pid=crid://panorama.five.tv/versions/C5255300014A&start=2026-06-15T02:40:00+0000&duration=PT20M from server.
Fetching https://www.freeview.co.uk/api/program?sid=5&nid=64403&pid=crid://csi.digitaluk.co.uk/6c396aaf-a53d-4ce7-af42-98a08261279e&start=2026-06-15T03:00:00+0000&duration=PT20M from server.
Fetching https://www.freeview.co.uk/api/program?sid=5&nid=64403&pid=crid://csi.digitaluk.co.uk/b33cc9db-ec7d-46ad-b743-870da732b850&start=2026-06-15T03:20:00+0000&duration=PT25M from server.
Fetching https://www.freeview.co.uk/api/program?sid=5&nid=64403&pid=crid://csi.digitaluk.co.uk/f4436a22-5f40-4547-8815-7a8282d2714c&start=2026-06-15T03:45:00+0000&duration=PT45M from server.
Fetching https://www.freeview.co.uk/api/program?sid=5&nid=64403&pid=crid://csi.digitaluk.co.uk/51ba8062-8471-47dd-9baf-557041aadd52&start=2026-06-15T04:30:00+0000&duration=PT10M from server.
Fetching https://www.freeview.co.uk/api/program?sid=5&nid=64403&pid=crid://csi.digitaluk.co.uk/a57b4626-c609-460a-9aa9-dc7319e62a35&start=2026-06-15T04:40:00+0000&duration=PT10M from server.
Fetching https://www.freeview.co.uk/api/program?sid=5&nid=64403&pid=crid://csi.digitaluk.co.uk/901ee0ff-f67f-40d8-96e3-d18d9bed317e&start=2026-06-15T04:50:00+0000&duration=PT10M from server.
Fetching https://www.freeview.co.uk/api/program?sid=5&nid=64403&pid=crid://csi.digitaluk.co.uk/1c85fbd8-e0e4-43ba-bba2-8d0011a742db&start=2026-06-15T05:00:00+0000&duration=PT5M from server.
Fetching https://www.freeview.co.uk/api/program?sid=5&nid=64403&pid=crid://csi.digitaluk.co.uk/7c135fba-a417-466f-b5f4-db62fd3b204c&start=2026-06-15T05:05:00+0000&duration=PT5M from server.
Fetching https://www.freeview.co.uk/api/program?sid=5&nid=64403&pid=crid://csi.digitaluk.co.uk/e4887eb9-3504-4f9a-8fc8-490211805f4a&start=2026-06-15T05:10:00+0000&duration=PT5M from server.
Fetching https://www.freeview.co.uk/api/program?sid=5&nid=64403&pid=crid://csi.digitaluk.co.uk/7f242e45-a7c1-4311-ba35-22ee3d6b139c&start=2026-06-15T05:15:00+0000&duration=PT5M from server.
Fetching https://www.freeview.co.uk/api/program?sid=5&nid=64403&pid=crid://csi.digitaluk.co.uk/74500719-e7ee-45bd-823a-ff0e7efdb300&start=2026-06-15T05:20:00+0000&duration=PT15M from server.
Fetching https://www.freeview.co.uk/api/program?sid=5&nid=64403&pid=crid://csi.digitaluk.co.uk/53c4ee48-82c4-4873-b429-a69ce819b251&start=2026-06-15T05:35:00+0000&duration=PT10M from server.
Fetching https://www.freeview.co.uk/api/program?sid=5&nid=64403&pid=crid://csi.digitaluk.co.uk/1b71475b-daa5-4a6d-a8d8-cce67a21c000&start=2026-06-15T05:45:00+0000&duration=PT5M from server.
Fetching https://www.freeview.co.uk/api/program?sid=5&nid=64403&pid=crid://csi.digitaluk.co.uk/377e8a36-bd92-45c5-9355-eeb57e79cb82&start=2026-06-15T05:50:00+0000&duration=PT5M from server.
Fetching https://www.freeview.co.uk/api/program?sid=5&nid=64403&pid=crid://csi.digitaluk.co.uk/671fd707-63bf-41c3-a5bf-a3588ee7726c&start=2026-06-15T05:55:00+0000&duration=PT15M from server.
Fetching https://www.freeview.co.uk/api/program?sid=5&nid=64403&pid=crid://csi.digitaluk.co.uk/e932adc6-3a2a-45dc-8044-1e136b86a358&start=2026-06-15T06:10:00+0000&duration=PT10M from server.
Fetching https://www.freeview.co.uk/api/program?sid=5&nid=64403&pid=crid://csi.digitaluk.co.uk/a42df952-c750-4892-9ebc-c001105e4c7d&start=2026-06-15T06:20:00+0000&duration=PT10M from server.
Fetching https://www.freeview.co.uk/api/program?sid=5&nid=64403&pid=crid://csi.digitaluk.co.uk/cedc95d6-433d-4db8-b1b1-3ed083ccccc0&start=2026-06-15T06:30:00+0000&duration=PT5M from server.
Fetching https://www.freeview.co.uk/api/program?sid=5&nid=64403&pid=crid://csi.digitaluk.co.uk/3debd2aa-4cb8-4308-9bd3-961bc0d53f58&start=2026-06-15T06:35:00+0000&duration=PT10M from server.
Fetching https://www.freeview.co.uk/api/program?sid=5&nid=64403&pid=crid://csi.digitaluk.co.uk/70b84b0e-8c69-48e8-9e13-59c5c555db8b&start=2026-06-15T06:45:00+0000&duration=PT10M from server.
Fetching https://www.freeview.co.uk/api/program?sid=5&nid=64403&pid=crid://csi.digitaluk.co.uk/a75b4fb0-9210-4a62-bf75-8b73b0573279&start=2026-06-15T06:55:00+0000&duration=PT20M from server.
Fetching https://www.freeview.co.uk/api/program?sid=5&nid=64403&pid=crid://csi.digitaluk.co.uk/db0eaef9-41de-4092-906e-65fd5cacf56d&start=2026-06-15T07:15:00+0000&duration=PT10M from server.
Fetching https://www.freeview.co.uk/api/program?sid=5&nid=64403&pid=crid://csi.digitaluk.co.uk/330d40b5-34a6-47a0-a41e-00b216a973df&start=2026-06-15T07:25:00+0000&duration=PT10M from server.
Fetching https://www.freeview.co.uk/api/program?sid=5&nid=64403&pid=crid://csi.digitaluk.co.uk/d52cc333-6b5d-4e21-964b-08d44a2e6004&start=2026-06-15T07:35:00+0000&duration=PT15M from server.
Fetching https://www.freeview.co.uk/api/program?sid=5&nid=64403&pid=crid://csi.digitaluk.co.uk/b263fba9-1169-4af8-abde-94a911ddebd8&start=2026-06-15T07:50:00+0000&duration=PT10M from server.
Fetching https://www.freeview.co.uk/api/program?sid=5&nid=64403&pid=crid://csi.digitaluk.co.uk/bda08c8e-1a8b-4cfa-b9e4-1c4fd48c1e69&start=2026-06-15T08:00:00+0000&duration=PT5M from server.
Fetching https://www.freeview.co.uk/api/program?sid=5&nid=64403&pid=crid://csi.digitaluk.co.uk/58d96c9f-c2a8-45ae-9119-ea13928fdcfe&start=2026-06-15T08:05:00+0000&duration=PT10M from server.
Fetching https://www.freeview.co.uk/api/program?sid=5&nid=64403&pid=crid://csi.digitaluk.co.uk/272ce787-ae6a-4b95-9f56-8aea2775b46d&start=2026-06-15T08:15:00+0000&duration=PT2H15M from server.
Fetching https://www.freeview.co.uk/api/program?sid=5&nid=64403&pid=crid://csi.digitaluk.co.uk/a615e07d-f305-4438-ba50-6be23f88055e&start=2026-06-15T10:30:00+0000&duration=PT1H15M from server.
Fetching https://www.freeview.co.uk/api/program?sid=5&nid=64403&pid=crid://csi.digitaluk.co.uk/d1e460cd-3982-4e40-ace1-a8e315d88450&start=2026-06-15T11:45:00+0000&duration=PT5M from server.
Fetching https://www.freeview.co.uk/api/program?sid=5&nid=64403&pid=crid://csi.digitaluk.co.uk/441e11ea-9af2-460f-bbfc-12630d7322ef&start=2026-06-15T11:50:00+0000&duration=PT1H10M from server.
Fetching https://www.freeview.co.uk/api/program?sid=5&nid=64403&pid=crid://csi.digitaluk.co.uk/34a4b9dd-3eb9-46ec-8cfc-abe3fc6e9080&start=2026-06-15T13:00:00+0000&duration=PT1H from server.
Fetching https://www.freeview.co.uk/api/program?sid=5&nid=64403&pid=crid://csi.digitaluk.co.uk/69b746a4-4a5d-4932-9b5e-a661ba8cf46f&start=2026-06-15T14:00:00+0000&duration=PT55M from server.
Fetching https://www.freeview.co.uk/api/program?sid=5&nid=64403&pid=crid://csi.digitaluk.co.uk/eff2243d-f182-47cb-bdad-9041c710cf83&start=2026-06-15T14:55:00+0000&duration=PT55M from server.
Fetching https://www.freeview.co.uk/api/program?sid=5&nid=64403&pid=crid://csi.digitaluk.co.uk/a69e239d-574d-4b0d-9a9c-ab94ddfc52f3&start=2026-06-15T15:50:00+0000&duration=PT10M from server.
Fetching https://www.freeview.co.uk/api/program?sid=5&nid=64403&pid=crid://csi.digitaluk.co.uk/6d5df9ab-d044-45f7-8986-725145700b0d&start=2026-06-15T16:00:00+0000&duration=PT1H from server.
Fetching https://www.freeview.co.uk/api/program?sid=5&nid=64403&pid=crid://csi.digitaluk.co.uk/9062664c-874a-4c09-9e66-b02f5d0faa91&start=2026-06-15T17:00:00+0000&duration=PT1H from server.
Fetching https://www.freeview.co.uk/api/program?sid=5&nid=64403&pid=crid://csi.digitaluk.co.uk/2e0cfae1-c71d-4928-9327-da114639fecc&start=2026-06-15T18:00:00+0000&duration=PT1H from server.
Fetching https://www.freeview.co.uk/api/program?sid=5&nid=64403&pid=crid://csi.digitaluk.co.uk/dba9729c-5cc2-4212-8c3a-36003bdf595a&start=2026-06-15T19:00:00+0000&duration=PT1H from server.
Fetching https://www.freeview.co.uk/api/program?sid=5&nid=64403&pid=crid://csi.digitaluk.co.uk/9c5d7227-b3fd-414f-933b-914e64788f45&start=2026-06-15T20:00:00+0000&duration=PT1H from server.
Fetching https://www.freeview.co.uk/api/program?sid=5&nid=64403&pid=crid://csi.digitaluk.co.uk/fe1f041c-736f-4e2a-9fd7-ea51dbd6f6bb&start=2026-06-15T21:00:00+0000&duration=PT1H5M from server.
Fetching https://www.freeview.co.uk/api/program?sid=5&nid=64403&pid=crid://csi.digitaluk.co.uk/e32c91d2-4c56-412a-9b59-442c1d31af6a&start=2026-06-15T22:05:00+0000&duration=PT1H from server.
Fetching https://www.freeview.co.uk/api/program?sid=5&nid=64403&pid=crid://csi.digitaluk.co.uk/55dabf6b-884e-427a-a7a8-4598acc08a0f&start=2026-06-15T23:05:00+0000&duration=PT55M from server.
### Wanted 28000 
Fetching https://www.freeview.co.uk/api/program?sid=12&nid=64403&pid=crid://csi.digitaluk.co.uk/b4927725-6dbc-4f8d-8a02-266920dc2037&start=2026-06-15T00:00:00+0000&duration=PT30M from server.
Fetching https://www.freeview.co.uk/api/program?sid=12&nid=64403&pid=crid://csi.digitaluk.co.uk/dd52beb2-f529-4dab-bef7-20609b9482ff&start=2026-06-15T00:30:00+0000&duration=PT30M from server.
Fetching https://www.freeview.co.uk/api/program?sid=12&nid=64403&pid=crid://csi.digitaluk.co.uk/d028bb30-731e-4637-b86a-0f36ee600b7f&start=2026-06-15T01:00:00+0000&duration=PT30M from server.
Fetching https://www.freeview.co.uk/api/program?sid=12&nid=64403&pid=crid://csi.digitaluk.co.uk/499ba246-3f52-40ac-93eb-f5d337cc4636&start=2026-06-15T01:30:00+0000&duration=PT30M from server.
Fetching https://www.freeview.co.uk/api/program?sid=12&nid=64403&pid=crid://csi.digitaluk.co.uk/dd65abb0-5464-4ca6-b148-9a5141117f72&start=2026-06-15T02:00:00+0000&duration=PT1H from server.
Fetching https://www.freeview.co.uk/api/program?sid=12&nid=64403&pid=crid://csi.digitaluk.co.uk/47f26da5-64ca-4cb5-9364-d2af4aaed8a4&start=2026-06-15T03:00:00+0000&duration=PT30M from server.
Fetching https://www.freeview.co.uk/api/program?sid=12&nid=64403&pid=crid://csi.digitaluk.co.uk/4a7ea4ef-65d2-414f-9775-648593cb159f&start=2026-06-15T03:30:00+0000&duration=PT30M from server.
Fetching https://www.freeview.co.uk/api/program?sid=12&nid=64403&pid=crid://csi.digitaluk.co.uk/df542b3f-faef-48eb-813c-c6b7bb4913f4&start=2026-06-15T04:00:00+0000&duration=PT30M from server.
Fetching https://www.freeview.co.uk/api/program?sid=12&nid=64403&pid=crid://csi.digitaluk.co.uk/2580855c-2de8-4ea5-8459-106c6556990a&start=2026-06-15T04:30:00+0000&duration=PT30M from server.
Fetching https://www.freeview.co.uk/api/program?sid=12&nid=64403&pid=crid://csi.digitaluk.co.uk/6ad7c2ef-3739-4d1c-a8ed-95c1737db69c&start=2026-06-15T05:00:00+0000&duration=PT30M from server.
Fetching https://www.freeview.co.uk/api/program?sid=12&nid=64403&pid=crid://csi.digitaluk.co.uk/7b19d2a5-5247-47ba-acf3-18f9ccc74503&start=2026-06-15T05:30:00+0000&duration=PT30M from server.
Fetching https://www.freeview.co.uk/api/program?sid=12&nid=64403&pid=crid://csi.digitaluk.co.uk/7259e8b8-f8a5-496a-bc18-0ca4c1b041f8&start=2026-06-15T06:00:00+0000&duration=PT30M from server.
Fetching https://www.freeview.co.uk/api/program?sid=12&nid=64403&pid=crid://csi.digitaluk.co.uk/1514d6a8-6785-4a2e-a849-395dafb84836&start=2026-06-15T06:30:00+0000&duration=PT30M from server.
Fetching https://www.freeview.co.uk/api/program?sid=12&nid=64403&pid=crid://csi.digitaluk.co.uk/ed755456-82e7-4e9b-a88c-b0fe8f86260c&start=2026-06-15T07:00:00+0000&duration=PT30M from server.
Fetching https://www.freeview.co.uk/api/program?sid=12&nid=64403&pid=crid://csi.digitaluk.co.uk/ebdd9841-bd14-456a-98e0-ca34f28ac62b&start=2026-06-15T07:30:00+0000&duration=PT30M from server.
Fetching https://www.freeview.co.uk/api/program?sid=12&nid=64403&pid=crid://csi.digitaluk.co.uk/7abea471-b5db-4f35-af12-027de808a633&start=2026-06-15T08:00:00+0000&duration=PT30M from server.
Fetching https://www.freeview.co.uk/api/program?sid=12&nid=64403&pid=crid://csi.digitaluk.co.uk/2e903383-334c-466f-887a-f8d543cd032d&start=2026-06-15T08:30:00+0000&duration=PT30M from server.
Fetching https://www.freeview.co.uk/api/program?sid=12&nid=64403&pid=crid://csi.digitaluk.co.uk/e12bfdd8-c090-41b8-a6e3-6c68373c51d2&start=2026-06-15T09:00:00+0000&duration=PT30M from server.
Fetching https://www.freeview.co.uk/api/program?sid=12&nid=64403&pid=crid://csi.digitaluk.co.uk/142997fe-4c3b-4eef-a0e5-71b651c30f9e&start=2026-06-15T09:30:00+0000&duration=PT30M from server.
Fetching https://www.freeview.co.uk/api/program?sid=12&nid=64403&pid=crid://csi.digitaluk.co.uk/df0b662b-c632-4621-98f9-56bb5743a515&start=2026-06-15T10:00:00+0000&duration=PT30M from server.
Fetching https://www.freeview.co.uk/api/program?sid=12&nid=64403&pid=crid://csi.digitaluk.co.uk/a67a8adb-3276-4377-b3cb-0fbb96f606ab&start=2026-06-15T10:30:00+0000&duration=PT30M from server.
Fetching https://www.freeview.co.uk/api/program?sid=12&nid=64403&pid=crid://csi.digitaluk.co.uk/33e9cbe6-d093-4dfc-81fc-0041e2a5a597&start=2026-06-15T11:00:00+0000&duration=PT30M from server.
Fetching https://www.freeview.co.uk/api/program?sid=12&nid=64403&pid=crid://csi.digitaluk.co.uk/8800b1c5-a0d2-4d30-994a-d5e888521928&start=2026-06-15T11:30:00+0000&duration=PT30M from server.
Fetching https://www.freeview.co.uk/api/program?sid=12&nid=64403&pid=crid://csi.digitaluk.co.uk/7701d6b2-882d-4087-bd94-b1c986c2441e&start=2026-06-15T12:00:00+0000&duration=PT30M from server.
Fetching https://www.freeview.co.uk/api/program?sid=12&nid=64403&pid=crid://csi.digitaluk.co.uk/933fc5ce-67a3-4123-ba2b-3dd872758c8f&start=2026-06-15T12:30:00+0000&duration=PT30M from server.
Fetching https://www.freeview.co.uk/api/program?sid=12&nid=64403&pid=crid://csi.digitaluk.co.uk/2c0a36a0-4919-428f-8fb0-01fc68c54643&start=2026-06-15T13:00:00+0000&duration=PT30M from server.
Fetching https://www.freeview.co.uk/api/program?sid=12&nid=64403&pid=crid://csi.digitaluk.co.uk/c515577e-5f73-4e83-acb4-38b6a8725e01&start=2026-06-15T13:30:00+0000&duration=PT30M from server.
Fetching https://www.freeview.co.uk/api/program?sid=12&nid=64403&pid=crid://csi.digitaluk.co.uk/96bc59ff-e161-4655-8cb4-8692a1a293fb&start=2026-06-15T14:00:00+0000&duration=PT30M from server.
Fetching https://www.freeview.co.uk/api/program?sid=12&nid=64403&pid=crid://csi.digitaluk.co.uk/89ad6879-b8fd-4032-ae8a-2ebfbfc63e46&start=2026-06-15T14:30:00+0000&duration=PT30M from server.
Fetching https://www.freeview.co.uk/api/program?sid=12&nid=64403&pid=crid://csi.digitaluk.co.uk/82cd53f6-923e-41b9-a206-01fa22aa787f&start=2026-06-15T15:00:00+0000&duration=PT30M from server.
Fetching https://www.freeview.co.uk/api/program?sid=12&nid=64403&pid=crid://csi.digitaluk.co.uk/27420ca8-a19e-4af5-bcbc-1cd655a3c0fd&start=2026-06-15T15:30:00+0000&duration=PT30M from server.
Fetching https://www.freeview.co.uk/api/program?sid=12&nid=64403&pid=crid://csi.digitaluk.co.uk/b4e11caf-1b4b-48bb-90e8-191f1bfe7f17&start=2026-06-15T16:00:00+0000&duration=PT30M from server.
Fetching https://www.freeview.co.uk/api/program?sid=12&nid=64403&pid=crid://csi.digitaluk.co.uk/fdbe0003-f201-4e72-84b0-ddd8208ace98&start=2026-06-15T16:30:00+0000&duration=PT30M from server.
Fetching https://www.freeview.co.uk/api/program?sid=12&nid=64403&pid=crid://csi.digitaluk.co.uk/1744dfe8-361f-4932-94ff-1ad16a4607a3&start=2026-06-15T17:00:00+0000&duration=PT30M from server.
Fetching https://www.freeview.co.uk/api/program?sid=12&nid=64403&pid=crid://csi.digitaluk.co.uk/2e7d13ad-8f6c-4bb9-8e72-6379143bc50e&start=2026-06-15T17:30:00+0000&duration=PT30M from server.
Fetching https://www.freeview.co.uk/api/program?sid=12&nid=64403&pid=crid://csi.digitaluk.co.uk/758983d7-0343-41a1-8347-444f96e1cf33&start=2026-06-15T18:00:00+0000&duration=PT30M from server.
Fetching https://www.freeview.co.uk/api/program?sid=12&nid=64403&pid=crid://csi.digitaluk.co.uk/b2951223-b138-49c9-9630-8181564c7ec9&start=2026-06-15T18:30:00+0000&duration=PT30M from server.
Fetching https://www.freeview.co.uk/api/program?sid=12&nid=64403&pid=crid://csi.digitaluk.co.uk/149d4313-c3f9-4b25-a7be-bdbdb2ce1093&start=2026-06-15T19:00:00+0000&duration=PT30M from server.
Fetching https://www.freeview.co.uk/api/program?sid=12&nid=64403&pid=crid://csi.digitaluk.co.uk/203f80fb-ed29-4834-9652-6fc1f2146eb9&start=2026-06-15T19:30:00+0000&duration=PT30M from server.
Fetching https://www.freeview.co.uk/api/program?sid=12&nid=64403&pid=crid://csi.digitaluk.co.uk/14478ef5-ae1b-44b2-805e-09e72f638ca2&start=2026-06-15T20:00:00+0000&duration=PT1H from server.
Fetching https://www.freeview.co.uk/api/program?sid=12&nid=64403&pid=crid://csi.digitaluk.co.uk/17375c55-eabe-409d-baeb-40c4f24c8393&start=2026-06-15T21:00:00+0000&duration=PT2H from server.
Fetching https://www.freeview.co.uk/api/program?sid=12&nid=64403&pid=crid://csi.digitaluk.co.uk/648353df-3fe2-4005-aeb1-c72dd3730fd2&start=2026-06-15T23:00:00+0000&duration=PT30M from server.
Fetching https://www.freeview.co.uk/api/program?sid=12&nid=64403&pid=crid://csi.digitaluk.co.uk/5c13e947-e731-42e0-9599-5c5bd637a712&start=2026-06-15T23:30:00+0000&duration=PT30M from server.
## Wanted 8448 
Fetching https://www.freeview.co.uk/api/program?sid=13&nid=64403&pid=crid://csi.enh.digitaluk.co.uk/fe07831c-3446-4798-97de-8563fc9c3a58&start=2026-06-15T00:15:00+0000&duration=PT1H5M from server.
Fetching https://www.freeview.co.uk/api/program?sid=13&nid=64403&pid=crid://csi.enh.digitaluk.co.uk/1b57e3d0-aebe-4df9-ae19-9c0e446b51c6&start=2026-06-15T01:20:00+0000&duration=PT50M from server.
Fetching https://www.freeview.co.uk/api/program?sid=13&nid=64403&pid=crid://csi.enh.digitaluk.co.uk/e9ac13be-2c3b-42f4-bd34-5865ac9b6197&start=2026-06-15T02:10:00+0000&duration=PT25M from server.
Fetching https://www.freeview.co.uk/api/program?sid=13&nid=64403&pid=crid://csi.enh.digitaluk.co.uk/7f3fc05f-a871-484b-b1d3-74bb043448a4&start=2026-06-15T02:35:00+0000&duration=PT25M from server.
Fetching https://www.freeview.co.uk/api/program?sid=13&nid=64403&pid=crid://csi.enh.digitaluk.co.uk/42e4df96-8710-4d06-abf7-8032e76f6bfb&start=2026-06-15T03:00:00+0000&duration=PT25M from server.
Fetching https://www.freeview.co.uk/api/program?sid=13&nid=64403&pid=crid://csi.enh.digitaluk.co.uk/60727f32-769f-4c25-8474-3d98423c16bb&start=2026-06-15T03:25:00+0000&duration=PT1H35M from server.
Fetching https://www.freeview.co.uk/api/program?sid=13&nid=64403&pid=crid://movida.bebanjo.net/mas/version/76930/067/ASDELIVERED/C&start=2026-06-15T05:00:00+0000&duration=PT30M from server.
Fetching https://www.freeview.co.uk/api/program?sid=13&nid=64403&pid=crid://movida.bebanjo.net/mas/version/76930/068/ASDELIVERED/C&start=2026-06-15T05:30:00+0000&duration=PT25M from server.
Fetching https://www.freeview.co.uk/api/program?sid=13&nid=64403&pid=crid://csi.enh.digitaluk.co.uk/9442b33a-f982-4619-9a84-4c0326e6725b&start=2026-06-15T05:55:00+0000&duration=PT5M from server.
Fetching https://www.freeview.co.uk/api/program?sid=13&nid=64403&pid=crid://csi.enh.digitaluk.co.uk/e23b5f77-7a29-4865-b67e-99cc756a3440&start=2026-06-15T06:00:00+0000&duration=PT1H from server.
Fetching https://www.freeview.co.uk/api/program?sid=13&nid=64403&pid=crid://csi.enh.digitaluk.co.uk/d0246f1b-2708-449f-8eb2-2798f745dc05&start=2026-06-15T07:00:00+0000&duration=PT1H from server.
Fetching https://www.freeview.co.uk/api/program?sid=13&nid=64403&pid=crid://csi.enh.digitaluk.co.uk/bcdd98a7-f88f-4e8a-a357-bb3710d77109&start=2026-06-15T08:00:00+0000&duration=PT1H from server.
Fetching https://www.freeview.co.uk/api/program?sid=13&nid=64403&pid=crid://movida.bebanjo.net/mas/version/79370/005/POST2000/C&start=2026-06-15T09:00:00+0000&duration=PT1H from server.
Fetching https://www.freeview.co.uk/api/program?sid=13&nid=64403&pid=crid://csi.enh.digitaluk.co.uk/ee10ddb8-e343-48a6-aeac-1ad0569cfc2d&start=2026-06-15T10:00:00+0000&duration=PT30M from server.
Fetching https://www.freeview.co.uk/api/program?sid=13&nid=64403&pid=crid://csi.enh.digitaluk.co.uk/f29974b7-1f6c-49c7-a0bb-9101e6c54cde&start=2026-06-15T10:30:00+0000&duration=PT30M from server.
Fetching https://www.freeview.co.uk/api/program?sid=13&nid=64403&pid=crid://csi.enh.digitaluk.co.uk/c5755771-df61-4804-9ea4-c59a810ca395&start=2026-06-15T11:00:00+0000&duration=PT30M from server.
Fetching https://www.freeview.co.uk/api/program?sid=13&nid=64403&pid=crid://csi.enh.digitaluk.co.uk/bc1a593d-0820-4553-8b83-4d48f18104c3&start=2026-06-15T11:30:00+0000&duration=PT30M from server.
Fetching https://www.freeview.co.uk/api/program?sid=13&nid=64403&pid=crid://csi.enh.digitaluk.co.uk/dd9bf87c-9ae8-4485-b13f-7d8dcce12e35&start=2026-06-15T12:00:00+0000&duration=PT30M from server.
Fetching https://www.freeview.co.uk/api/program?sid=13&nid=64403&pid=crid://csi.enh.digitaluk.co.uk/1e828e52-c7ca-43ec-91aa-833bfa1a2115&start=2026-06-15T12:30:00+0000&duration=PT30M from server.
Fetching https://www.freeview.co.uk/api/program?sid=13&nid=64403&pid=crid://csi.enh.digitaluk.co.uk/e0ead490-36a0-48cc-a025-972d4373e797&start=2026-06-15T13:00:00+0000&duration=PT30M from server.
Fetching https://www.freeview.co.uk/api/program?sid=13&nid=64403&pid=crid://csi.enh.digitaluk.co.uk/1b8023f1-9849-4b73-b1f5-f66ee2f93f21&start=2026-06-15T13:30:00+0000&duration=PT30M from server.
Fetching https://www.freeview.co.uk/api/program?sid=13&nid=64403&pid=crid://csi.enh.digitaluk.co.uk/d8df6aa8-c918-4c75-ae1a-4513d15acf06&start=2026-06-15T14:00:00+0000&duration=PT30M from server.
Fetching https://www.freeview.co.uk/api/program?sid=13&nid=64403&pid=crid://csi.enh.digitaluk.co.uk/f546c9bf-8813-43f7-bf78-0154ac9de407&start=2026-06-15T14:30:00+0000&duration=PT30M from server.
Fetching https://www.freeview.co.uk/api/program?sid=13&nid=64403&pid=crid://csi.enh.digitaluk.co.uk/a04916ed-286b-4fa9-9e6d-40d22ec8ba7d&start=2026-06-15T15:00:00+0000&duration=PT30M from server.
Fetching https://www.freeview.co.uk/api/program?sid=13&nid=64403&pid=crid://csi.enh.digitaluk.co.uk/45f424cb-9d7d-4f2b-ade5-7db56f1ceb59&start=2026-06-15T15:30:00+0000&duration=PT30M from server.
Fetching https://www.freeview.co.uk/api/program?sid=13&nid=64403&pid=crid://csi.enh.digitaluk.co.uk/0bbfbc3f-340f-424d-87a9-42f73fd53c9a&start=2026-06-15T16:00:00+0000&duration=PT30M from server.
Fetching https://www.freeview.co.uk/api/program?sid=13&nid=64403&pid=crid://csi.enh.digitaluk.co.uk/b0e1dd2a-fdd2-4efe-aa4f-5174c8fe0989&start=2026-06-15T16:30:00+0000&duration=PT30M from server.
Fetching https://www.freeview.co.uk/api/program?sid=13&nid=64403&pid=crid://csi.enh.digitaluk.co.uk/8f4ff429-ed05-472b-85cb-86046b258aa2&start=2026-06-15T17:00:00+0000&duration=PT30M from server.
Fetching https://www.freeview.co.uk/api/program?sid=13&nid=64403&pid=crid://movida.bebanjo.net/mas/version/76930/068/ASDELIVERED/C&start=2026-06-15T17:30:00+0000&duration=PT30M from server.
Fetching https://www.freeview.co.uk/api/program?sid=13&nid=64403&pid=crid://movida.bebanjo.net/mas/version/76930/069/ASDELIVERED/C&start=2026-06-15T18:00:00+0000&duration=PT30M from server.
Fetching https://www.freeview.co.uk/api/program?sid=13&nid=64403&pid=crid://csi.enh.digitaluk.co.uk/55f05f48-a1ec-4f8c-9073-f13613bfed27&start=2026-06-15T18:30:00+0000&duration=PT30M from server.
Fetching https://www.freeview.co.uk/api/program?sid=13&nid=64403&pid=crid://movida.bebanjo.net/mas/version/79370/006/POST2000/C&start=2026-06-15T19:00:00+0000&duration=PT1H from server.
Fetching https://www.freeview.co.uk/api/program?sid=13&nid=64403&pid=crid://csi.enh.digitaluk.co.uk/5ffc7cc5-f90c-4289-a53d-6423a48e5ba5&start=2026-06-15T20:00:00+0000&duration=PT1H from server.
Fetching https://www.freeview.co.uk/api/program?sid=13&nid=64403&pid=crid://csi.enh.digitaluk.co.uk/7c89eb0b-dcca-4863-aaee-a3926ce695f5&start=2026-06-15T21:00:00+0000&duration=PT1H5M from server.
Fetching https://www.freeview.co.uk/api/program?sid=13&nid=64403&pid=crid://csi.digitaluk.co.uk/2c56bd9a-3cef-41c6-8c45-1f907067d856&start=2026-06-15T22:05:00+0000&duration=PT1H5M from server.
Fetching https://www.freeview.co.uk/api/program?sid=13&nid=64403&pid=crid://csi.enh.digitaluk.co.uk/fd660628-c901-4d15-821e-a74b3a99dc3c&start=2026-06-15T23:10:00+0000&duration=PT1H from server.
### Wanted 8385 
Fetching https://www.freeview.co.uk/api/program?sid=14&nid=64403&pid=crid://csi.enh.digitaluk.co.uk/f718d441-ce97-48fd-a916-e5da1b5d2d80&start=2026-06-15T00:10:00+0000&duration=PT1H50M from server.
Fetching https://www.freeview.co.uk/api/program?sid=14&nid=64403&pid=crid://csi.enh.digitaluk.co.uk/81a33811-9cc9-4e1e-b5d2-9c3f3205e85b&start=2026-06-15T02:00:00+0000&duration=PT4H from server.
Fetching https://www.freeview.co.uk/api/program?sid=14&nid=64403&pid=crid://csi.enh.digitaluk.co.uk/e74e51dc-7894-46bd-b4dc-bec7ff3ebd47&start=2026-06-15T06:00:00+0000&duration=PT1H from server.
Fetching https://www.freeview.co.uk/api/program?sid=14&nid=64403&pid=crid://movida.bebanjo.net/mas/version/76566/029/ALLTIMES/C&start=2026-06-15T07:00:00+0000&duration=PT30M from server.
Fetching https://www.freeview.co.uk/api/program?sid=14&nid=64403&pid=crid://csi.enh.digitaluk.co.uk/d7aff3bd-964c-472d-a2bd-092191c31262&start=2026-06-15T07:30:00+0000&duration=PT2H30M from server.
Fetching https://www.freeview.co.uk/api/program?sid=14&nid=64403&pid=crid://movida.bebanjo.net/mas/version/28438/001/ALLTIMESSWC/C&start=2026-06-15T10:00:00+0000&duration=PT2H15M from server.
Fetching https://www.freeview.co.uk/api/program?sid=14&nid=64403&pid=crid://movida.bebanjo.net/mas/version/30681/001/ALLTIMES/C&start=2026-06-15T12:15:00+0000&duration=PT1H40M from server.
Fetching https://www.freeview.co.uk/api/program?sid=14&nid=64403&pid=crid://movida.bebanjo.net/mas/version/4316/001/ALLTIMES/C&start=2026-06-15T13:55:00+0000&duration=PT1H50M from server.
Fetching https://www.freeview.co.uk/api/program?sid=14&nid=64403&pid=crid://csi.enh.digitaluk.co.uk/4a88496f-6d54-4a9c-b12a-3dc197238fe6&start=2026-06-15T15:45:00+0000&duration=PT2H5M from server.
Fetching https://www.freeview.co.uk/api/program?sid=14&nid=64403&pid=crid://movida.bebanjo.net/mas/version/74806/001/ALLTIMES/C&start=2026-06-15T17:50:00+0000&duration=PT2H10M from server.
Fetching https://www.freeview.co.uk/api/program?sid=14&nid=64403&pid=crid://csi.enh.digitaluk.co.uk/62c4a191-c15d-4e81-9661-dae097526a82&start=2026-06-15T20:00:00+0000&duration=PT2H40M from server.
Fetching https://www.freeview.co.uk/api/program?sid=14&nid=64403&pid=crid://csi.enh.digitaluk.co.uk/f109f284-b84f-42dc-a307-7a08fc2fa490&start=2026-06-15T22:40:00+0000&duration=PT1H50M from server.
## Wanted 27328 
Fetching https://www.freeview.co.uk/api/program?sid=17&nid=64403&pid=crid://csi.digitaluk.co.uk/f8342440-b24d-46aa-aefa-f0453dcdc88a&start=2026-06-15T00:00:00+0000&duration=PT1H from server.
Fetching https://www.freeview.co.uk/api/program?sid=17&nid=64403&pid=crid://csi.digitaluk.co.uk/8d0791ac-3e98-4b99-8229-56f7c7a27123&start=2026-06-15T01:00:00+0000&duration=PT1H from server.
Fetching https://www.freeview.co.uk/api/program?sid=17&nid=64403&pid=crid://csi.digitaluk.co.uk/daf94952-0ade-49dc-bf29-c1c27ae245bf&start=2026-06-15T02:00:00+0000&duration=PT1H from server.
Fetching https://www.freeview.co.uk/api/program?sid=17&nid=64403&pid=crid://csi.digitaluk.co.uk/7ec7fc56-2ba1-4282-9f92-bd2b0357c0e6&start=2026-06-15T03:00:00+0000&duration=PT30M from server.
Fetching https://www.freeview.co.uk/api/program?sid=17&nid=64403&pid=crid://csi.digitaluk.co.uk/d31fd136-ce0a-4a3b-beb8-38cd38a30298&start=2026-06-15T03:30:00+0000&duration=PT30M from server.
Fetching https://www.freeview.co.uk/api/program?sid=17&nid=64403&pid=crid://csi.digitaluk.co.uk/ec61de55-a5ed-45de-bfec-94b0450a7bb7&start=2026-06-15T04:00:00+0000&duration=PT30M from server.
Fetching https://www.freeview.co.uk/api/program?sid=17&nid=64403&pid=crid://csi.digitaluk.co.uk/02f88ea8-3604-473d-b833-aa1b626384ed&start=2026-06-15T04:30:00+0000&duration=PT30M from server.
Fetching https://www.freeview.co.uk/api/program?sid=17&nid=64403&pid=crid://csi.digitaluk.co.uk/e8c50e14-4acb-4931-b830-fb96588a97e8&start=2026-06-15T05:00:00+0000&duration=PT1H from server.
Fetching https://www.freeview.co.uk/api/program?sid=17&nid=64403&pid=crid://csi.digitaluk.co.uk/f7cc19a2-2bbb-4171-a463-fb410c9dfab5&start=2026-06-15T06:00:00+0000&duration=PT1H from server.
Fetching https://www.freeview.co.uk/api/program?sid=17&nid=64403&pid=crid://csi.digitaluk.co.uk/a28f739a-1a17-4f8e-81a5-05baf529f3e8&start=2026-06-15T07:00:00+0000&duration=PT1H from server.
Fetching https://www.freeview.co.uk/api/program?sid=17&nid=64403&pid=crid://csi.digitaluk.co.uk/73aeaa79-e426-447e-81b9-80f3004af97e&start=2026-06-15T08:00:00+0000&duration=PT1H from server.
Fetching https://www.freeview.co.uk/api/program?sid=17&nid=64403&pid=crid://csi.digitaluk.co.uk/f3d567b5-e7f1-45c6-bbe4-0f1aaf12588e&start=2026-06-15T09:00:00+0000&duration=PT1H from server.
Fetching https://www.freeview.co.uk/api/program?sid=17&nid=64403&pid=crid://csi.digitaluk.co.uk/0063f16d-8d3e-4953-a95e-7380ba166afd&start=2026-06-15T10:00:00+0000&duration=PT1H from server.
Fetching https://www.freeview.co.uk/api/program?sid=17&nid=64403&pid=crid://csi.digitaluk.co.uk/99e693db-1110-4712-9edf-3d89546e08c4&start=2026-06-15T11:00:00+0000&duration=PT1H from server.
Fetching https://www.freeview.co.uk/api/program?sid=17&nid=64403&pid=crid://csi.digitaluk.co.uk/e2c591d4-b1ae-49ac-8ac8-b43cd476fe65&start=2026-06-15T12:00:00+0000&duration=PT1H from server.
Fetching https://www.freeview.co.uk/api/program?sid=17&nid=64403&pid=crid://csi.digitaluk.co.uk/e23154e2-548a-49ff-91b6-2632016fd0e5&start=2026-06-15T13:00:00+0000&duration=PT30M from server.
Fetching https://www.freeview.co.uk/api/program?sid=17&nid=64403&pid=crid://csi.digitaluk.co.uk/5343601f-c216-4fb7-9f4b-c596a4363e76&start=2026-06-15T13:30:00+0000&duration=PT30M from server.
Fetching https://www.freeview.co.uk/api/program?sid=17&nid=64403&pid=crid://csi.digitaluk.co.uk/c6722772-6111-434a-9068-c4315807123d&start=2026-06-15T14:00:00+0000&duration=PT30M from server.
Fetching https://www.freeview.co.uk/api/program?sid=17&nid=64403&pid=crid://csi.digitaluk.co.uk/ce9e0075-5ec8-4374-86e5-3c2865286f56&start=2026-06-15T14:30:00+0000&duration=PT30M from server.
Fetching https://www.freeview.co.uk/api/program?sid=17&nid=64403&pid=crid://csi.digitaluk.co.uk/94b16245-b83c-4e4b-b1cf-f7a1ca62a750&start=2026-06-15T15:00:00+0000&duration=PT1H from server.
Fetching https://www.freeview.co.uk/api/program?sid=17&nid=64403&pid=crid://csi.digitaluk.co.uk/30f8c764-31fc-4990-b16e-9ebfe2134a11&start=2026-06-15T16:00:00+0000&duration=PT1H from server.
Fetching https://www.freeview.co.uk/api/program?sid=17&nid=64403&pid=crid://csi.digitaluk.co.uk/63b24f15-9403-436b-b7da-dbf26d31d801&start=2026-06-15T17:00:00+0000&duration=PT1H from server.
Fetching https://www.freeview.co.uk/api/program?sid=17&nid=64403&pid=crid://csi.digitaluk.co.uk/d8509ce9-9762-4701-81f9-9ac78fb517a5&start=2026-06-15T18:00:00+0000&duration=PT1H from server.
Fetching https://www.freeview.co.uk/api/program?sid=17&nid=64403&pid=crid://csi.digitaluk.co.uk/4284c6b0-9c64-4dbf-a564-676dba6f7ac4&start=2026-06-15T19:00:00+0000&duration=PT1H from server.
Fetching https://www.freeview.co.uk/api/program?sid=17&nid=64403&pid=crid://csi.digitaluk.co.uk/d4ca2de1-f4a1-4ba8-9cc4-53d057fbdde8&start=2026-06-15T20:00:00+0000&duration=PT30M from server.
Fetching https://www.freeview.co.uk/api/program?sid=17&nid=64403&pid=crid://csi.digitaluk.co.uk/fd3f63da-4842-4c74-85bc-b7621606a393&start=2026-06-15T20:30:00+0000&duration=PT30M from server.
Fetching https://www.freeview.co.uk/api/program?sid=17&nid=64403&pid=crid://csi.digitaluk.co.uk/58e23a91-2941-4a28-8439-6852fa20144d&start=2026-06-15T21:00:00+0000&duration=PT1H from server.
Fetching https://www.freeview.co.uk/api/program?sid=17&nid=64403&pid=crid://csi.digitaluk.co.uk/f890d07d-b944-4f2c-a9f2-35a718533419&start=2026-06-15T22:00:00+0000&duration=PT30M from server.
Fetching https://www.freeview.co.uk/api/program?sid=17&nid=64403&pid=crid://csi.digitaluk.co.uk/1c77eec0-d1ba-4e39-8235-1648e2b7fe21&start=2026-06-15T22:30:00+0000&duration=PT30M from server.
Fetching https://www.freeview.co.uk/api/program?sid=17&nid=64403&pid=crid://csi.digitaluk.co.uk/d7fdcc60-2109-4bd9-a3a6-b7d9630ad91f&start=2026-06-15T23:00:00+0000&duration=PT30M from server.
Fetching https://www.freeview.co.uk/api/program?sid=17&nid=64403&pid=crid://csi.digitaluk.co.uk/02d09efe-a6a6-416d-bee2-0e71b634b9be&start=2026-06-15T23:30:00+0000&duration=PT30M from server.
### Wanted 8442 
Fetching https://www.freeview.co.uk/api/program?sid=18&nid=64403&pid=crid://csi.enh.digitaluk.co.uk/57f3d5ea-082e-4778-936c-feec849807f0&start=2026-06-15T00:10:00+0000&duration=PT1H5M from server.
Fetching https://www.freeview.co.uk/api/program?sid=18&nid=64403&pid=crid://csi.enh.digitaluk.co.uk/4c6b1a0a-8c34-4bb4-ae44-7f74da3b5c96&start=2026-06-15T01:15:00+0000&duration=PT1H5M from server.
Fetching https://www.freeview.co.uk/api/program?sid=18&nid=64403&pid=crid://csi.enh.digitaluk.co.uk/d421debb-f3b7-4a2b-a09b-f141ef10bfdb&start=2026-06-15T02:20:00+0000&duration=PT30M from server.
Fetching https://www.freeview.co.uk/api/program?sid=18&nid=64403&pid=crid://csi.enh.digitaluk.co.uk/713b64bd-9841-49ec-9d44-a9bf9f4a8677&start=2026-06-15T02:50:00+0000&duration=PT3H10M from server.
Fetching https://www.freeview.co.uk/api/program?sid=18&nid=64403&pid=crid://csi.enh.digitaluk.co.uk/0f71b727-f5f5-4124-ba34-9073ab8cb5af&start=2026-06-15T06:00:00+0000&duration=PT1H55M from server.
Fetching https://www.freeview.co.uk/api/program?sid=18&nid=64403&pid=crid://csi.enh.digitaluk.co.uk/af898577-6e6b-4f22-bce1-60c7d6d75845&start=2026-06-15T07:55:00+0000&duration=PT1H from server.
Fetching https://www.freeview.co.uk/api/program?sid=18&nid=64403&pid=crid://csi.enh.digitaluk.co.uk/b971b052-3bbc-4ee0-9023-3d77a4461032&start=2026-06-15T08:55:00+0000&duration=PT1H from server.
Fetching https://www.freeview.co.uk/api/program?sid=18&nid=64403&pid=crid://csi.enh.digitaluk.co.uk/12581ef9-ee14-47da-9922-1fb191a086b9&start=2026-06-15T09:55:00+0000&duration=PT30M from server.
Fetching https://www.freeview.co.uk/api/program?sid=18&nid=64403&pid=crid://csi.enh.digitaluk.co.uk/4720fdd0-725c-4adc-8908-c6836243ae66&start=2026-06-15T10:25:00+0000&duration=PT30M from server.
Fetching https://www.freeview.co.uk/api/program?sid=18&nid=64403&pid=crid://csi.enh.digitaluk.co.uk/812f3f91-c3ec-459e-a614-35234bcdcc70&start=2026-06-15T10:55:00+0000&duration=PT35M from server.
Fetching https://www.freeview.co.uk/api/program?sid=18&nid=64403&pid=crid://csi.enh.digitaluk.co.uk/9d047ea7-286d-4223-9785-781139665ec7&start=2026-06-15T11:30:00+0000&duration=PT30M from server.
Fetching https://www.freeview.co.uk/api/program?sid=18&nid=64403&pid=crid://csi.enh.digitaluk.co.uk/e0e8427f-629f-4bc7-b1e6-87c5e9173dd8&start=2026-06-15T12:00:00+0000&duration=PT35M from server.
Fetching https://www.freeview.co.uk/api/program?sid=18&nid=64403&pid=crid://csi.enh.digitaluk.co.uk/be36bdae-1824-4ce8-a47f-27191578cd83&start=2026-06-15T12:35:00+0000&duration=PT30M from server.
Fetching https://www.freeview.co.uk/api/program?sid=18&nid=64403&pid=crid://csi.enh.digitaluk.co.uk/49a316a8-4f62-4324-ae79-e3763845e9ac&start=2026-06-15T13:05:00+0000&duration=PT30M from server.
Fetching https://www.freeview.co.uk/api/program?sid=18&nid=64403&pid=crid://csi.enh.digitaluk.co.uk/9198f00f-6f30-4622-aaec-6f86cd9a6ab6&start=2026-06-15T13:35:00+0000&duration=PT35M from server.
Fetching https://www.freeview.co.uk/api/program?sid=18&nid=64403&pid=crid://csi.enh.digitaluk.co.uk/e5b61701-7567-48ee-bd82-6a47a2803e0c&start=2026-06-15T14:10:00+0000&duration=PT30M from server.
Fetching https://www.freeview.co.uk/api/program?sid=18&nid=64403&pid=crid://csi.enh.digitaluk.co.uk/ccb20159-a1db-4235-a696-bfc7bfb5e8f9&start=2026-06-15T14:40:00+0000&duration=PT35M from server.
Fetching https://www.freeview.co.uk/api/program?sid=18&nid=64403&pid=crid://csi.enh.digitaluk.co.uk/0cae033e-28ad-406a-90d3-229f16cdf277&start=2026-06-15T15:15:00+0000&duration=PT35M from server.
Fetching https://www.freeview.co.uk/api/program?sid=18&nid=64403&pid=crid://csi.enh.digitaluk.co.uk/02c0a677-cc20-4634-93c2-3e5e2a54c8dd&start=2026-06-15T15:50:00+0000&duration=PT30M from server.
Fetching https://www.freeview.co.uk/api/program?sid=18&nid=64403&pid=crid://csi.enh.digitaluk.co.uk/497625bd-5e50-4695-8bb5-cceb0c874cf7&start=2026-06-15T16:20:00+0000&duration=PT30M from server.
Fetching https://www.freeview.co.uk/api/program?sid=18&nid=64403&pid=crid://csi.enh.digitaluk.co.uk/32094f30-70bd-4d23-bb2b-7812cfcb5434&start=2026-06-15T16:50:00+0000&duration=PT30M from server.
Fetching https://www.freeview.co.uk/api/program?sid=18&nid=64403&pid=crid://csi.enh.digitaluk.co.uk/bb516ced-e62b-4b4b-aa95-39917deca869&start=2026-06-15T17:20:00+0000&duration=PT30M from server.
Fetching https://www.freeview.co.uk/api/program?sid=18&nid=64403&pid=crid://csi.enh.digitaluk.co.uk/e525eeec-eafb-4973-bc73-325c2c489227&start=2026-06-15T17:50:00+0000&duration=PT1H5M from server.
Fetching https://www.freeview.co.uk/api/program?sid=18&nid=64403&pid=crid://csi.enh.digitaluk.co.uk/ca532ee3-0af1-4fd9-af38-1b9ecdf8c515&start=2026-06-15T18:55:00+0000&duration=PT1H5M from server.
Fetching https://www.freeview.co.uk/api/program?sid=18&nid=64403&pid=crid://csi.enh.digitaluk.co.uk/acd30aed-01ff-4702-9f8f-204baec3f5d0&start=2026-06-15T20:00:00+0000&duration=PT1H from server.
Fetching https://www.freeview.co.uk/api/program?sid=18&nid=64403&pid=crid://csi.enh.digitaluk.co.uk/317e5c2b-fad4-40ef-8c8c-c64d48b28f96&start=2026-06-15T21:00:00+0000&duration=PT1H5M from server.
Fetching https://www.freeview.co.uk/api/program?sid=18&nid=64403&pid=crid://csi.enh.digitaluk.co.uk/04703d03-a678-449d-b292-6f45ea4dd99c&start=2026-06-15T22:05:00+0000&duration=PT1H from server.
Fetching https://www.freeview.co.uk/api/program?sid=18&nid=64403&pid=crid://csi.enh.digitaluk.co.uk/496e8913-e01d-4c61-8737-93c2d39eff4b&start=2026-06-15T23:05:00+0000&duration=PT1H5M from server.
## Wanted 12992 
Fetching https://www.freeview.co.uk/api/program?sid=21&nid=64403&pid=crid://panorama.five.tv/versions/C5522720019A&start=2026-06-15T00:50:00+0000&duration=PT55M from server.
Fetching https://www.freeview.co.uk/api/program?sid=21&nid=64403&pid=crid://panorama.five.tv/versions/C5522720020A&start=2026-06-15T01:45:00+0000&duration=PT50M from server.
Fetching https://www.freeview.co.uk/api/program?sid=21&nid=64403&pid=crid://panorama.five.tv/versions/C5526200010A&start=2026-06-15T02:35:00+0000&duration=PT25M from server.
Fetching https://www.freeview.co.uk/api/program?sid=21&nid=64403&pid=crid://panorama.five.tv/versions/C5266540001A&start=2026-06-15T03:00:00+0000&duration=PT2H from server.
Fetching https://www.freeview.co.uk/api/program?sid=21&nid=64403&pid=crid://panorama.five.tv/versions/C5474060001A&start=2026-06-15T05:00:00+0000&duration=PT3H from server.
Fetching https://www.freeview.co.uk/api/program?sid=21&nid=64403&pid=crid://panorama.five.tv/versions/C5522700025A&start=2026-06-15T08:00:00+0000&duration=PT10M from server.
Fetching https://www.freeview.co.uk/api/program?sid=21&nid=64403&pid=crid://panorama.five.tv/versions/C5316140012B&start=2026-06-15T08:10:00+0000&duration=PT50M from server.
Fetching https://www.freeview.co.uk/api/program?sid=21&nid=64403&pid=crid://panorama.five.tv/versions/C5316140013D&start=2026-06-15T09:00:00+0000&duration=PT1H from server.
Fetching https://www.freeview.co.uk/api/program?sid=21&nid=64403&pid=crid://panorama.five.tv/versions/C5316140014D&start=2026-06-15T10:00:00+0000&duration=PT55M from server.
Fetching https://www.freeview.co.uk/api/program?sid=21&nid=64403&pid=crid://panorama.five.tv/versions/C5522880025A&start=2026-06-15T10:55:00+0000&duration=PT10M from server.
Fetching https://www.freeview.co.uk/api/program?sid=21&nid=64403&pid=crid://panorama.five.tv/versions/C5461440022A&start=2026-06-15T11:05:00+0000&duration=PT55M from server.
Fetching https://www.freeview.co.uk/api/program?sid=21&nid=64403&pid=crid://panorama.five.tv/versions/C5500120001A&start=2026-06-15T12:00:00+0000&duration=PT1H from server.
Fetching https://www.freeview.co.uk/api/program?sid=21&nid=64403&pid=crid://panorama.five.tv/versions/C5500120002A&start=2026-06-15T13:00:00+0000&duration=PT55M from server.
Fetching https://www.freeview.co.uk/api/program?sid=21&nid=64403&pid=crid://panorama.five.tv/versions/C5522880025A&start=2026-06-15T13:55:00+0000&duration=PT5M from server.
Fetching https://www.freeview.co.uk/api/program?sid=21&nid=64403&pid=crid://panorama.five.tv/versions/C5501750001A&start=2026-06-15T14:00:00+0000&duration=PT1H from server.
Fetching https://www.freeview.co.uk/api/program?sid=21&nid=64403&pid=crid://panorama.five.tv/versions/C5501750002A&start=2026-06-15T15:00:00+0000&duration=PT55M from server.
Fetching https://www.freeview.co.uk/api/program?sid=21&nid=64403&pid=crid://panorama.five.tv/versions/C5522880025A&start=2026-06-15T15:55:00+0000&duration=PT5M from server.
Fetching https://www.freeview.co.uk/api/program?sid=21&nid=64403&pid=crid://panorama.five.tv/versions/C5501750003A&start=2026-06-15T16:00:00+0000&duration=PT1H from server.
Fetching https://www.freeview.co.uk/api/program?sid=21&nid=64403&pid=crid://panorama.five.tv/versions/C5360020003B&start=2026-06-15T17:00:00+0000&duration=PT1H from server.
Fetching https://www.freeview.co.uk/api/program?sid=21&nid=64403&pid=crid://panorama.five.tv/versions/C5360020004B&start=2026-06-15T18:00:00+0000&duration=PT1H from server.
Fetching https://www.freeview.co.uk/api/program?sid=21&nid=64403&pid=crid://panorama.five.tv/versions/C5360020005B&start=2026-06-15T19:00:00+0000&duration=PT1H from server.
Fetching https://www.freeview.co.uk/api/program?sid=21&nid=64403&pid=crid://panorama.five.tv/versions/C5526240002A&start=2026-06-15T20:00:00+0000&duration=PT1H from server.
Fetching https://www.freeview.co.uk/api/program?sid=21&nid=64403&pid=crid://panorama.five.tv/versions/C5164460004A&start=2026-06-15T21:00:00+0000&duration=PT1H from server.
Fetching https://www.freeview.co.uk/api/program?sid=21&nid=64403&pid=crid://panorama.five.tv/versions/C5164460005A&start=2026-06-15T22:00:00+0000&duration=PT55M from server.
Fetching https://www.freeview.co.uk/api/program?sid=21&nid=64403&pid=crid://panorama.five.tv/versions/C5158710014A&start=2026-06-15T22:55:00+0000&duration=PT1H from server.
Fetching https://www.freeview.co.uk/api/program?sid=21&nid=64403&pid=crid://panorama.five.tv/versions/C5158710015C&start=2026-06-15T23:55:00+0000&duration=PT55M from server.
### Wanted 12928 
Fetching https://www.freeview.co.uk/api/program?sid=32&nid=64403&pid=crid://panorama.five.tv/versions/C5392360006A&start=2026-06-15T00:55:00+0000&duration=PT50M from server.
Fetching https://www.freeview.co.uk/api/program?sid=32&nid=64403&pid=crid://panorama.five.tv/versions/C5273580006C&start=2026-06-15T01:45:00+0000&duration=PT50M from server.
Fetching https://www.freeview.co.uk/api/program?sid=32&nid=64403&pid=crid://panorama.five.tv/versions/C5255270022A&start=2026-06-15T02:35:00+0000&duration=PT25M from server.
Fetching https://www.freeview.co.uk/api/program?sid=32&nid=64403&pid=crid://panorama.five.tv/versions/C5266540001A&start=2026-06-15T03:00:00+0000&duration=PT2H from server.
Fetching https://www.freeview.co.uk/api/program?sid=32&nid=64403&pid=crid://panorama.five.tv/versions/C5266540001A&start=2026-06-15T05:00:00+0000&duration=PT1H from server.
Fetching https://www.freeview.co.uk/api/program?sid=32&nid=64403&pid=crid://panorama.five.tv/versions/C5326820001A&start=2026-06-15T06:00:00+0000&duration=PT30M from server.
Fetching https://www.freeview.co.uk/api/program?sid=32&nid=64403&pid=crid://panorama.five.tv/versions/C5480340001A&start=2026-06-15T06:30:00+0000&duration=PT30M from server.
Fetching https://www.freeview.co.uk/api/program?sid=32&nid=64403&pid=crid://panorama.five.tv/versions/C5480950023A&start=2026-06-15T07:00:00+0000&duration=PT1H from server.
Fetching https://www.freeview.co.uk/api/program?sid=32&nid=64403&pid=crid://panorama.five.tv/versions/C5480950024A&start=2026-06-15T08:00:00+0000&duration=PT1H from server.
Fetching https://www.freeview.co.uk/api/program?sid=32&nid=64403&pid=crid://panorama.five.tv/versions/C5412320003D&start=2026-06-15T09:00:00+0000&duration=PT1H from server.
Fetching https://www.freeview.co.uk/api/program?sid=32&nid=64403&pid=crid://panorama.five.tv/versions/C5449000017A&start=2026-06-15T10:00:00+0000&duration=PT1H from server.
Fetching https://www.freeview.co.uk/api/program?sid=32&nid=64403&pid=crid://panorama.five.tv/versions/C5449000019A&start=2026-06-15T11:00:00+0000&duration=PT1H from server.
Fetching https://www.freeview.co.uk/api/program?sid=32&nid=64403&pid=crid://panorama.five.tv/versions/C5449000020C&start=2026-06-15T12:00:00+0000&duration=PT1H from server.
Fetching https://www.freeview.co.uk/api/program?sid=32&nid=64403&pid=crid://panorama.five.tv/versions/C5201720002F&start=2026-06-15T13:00:00+0000&duration=PT1H from server.
Fetching https://www.freeview.co.uk/api/program?sid=32&nid=64403&pid=crid://panorama.five.tv/versions/C5201720003D&start=2026-06-15T14:00:00+0000&duration=PT1H from server.
Fetching https://www.freeview.co.uk/api/program?sid=32&nid=64403&pid=crid://panorama.five.tv/versions/C5201720004C&start=2026-06-15T15:00:00+0000&duration=PT1H from server.
Fetching https://www.freeview.co.uk/api/program?sid=32&nid=64403&pid=crid://panorama.five.tv/versions/C5350870006E&start=2026-06-15T16:00:00+0000&duration=PT1H from server.
Fetching https://www.freeview.co.uk/api/program?sid=32&nid=64403&pid=crid://panorama.five.tv/versions/C5164553116A&start=2026-06-15T17:00:00+0000&duration=PT30M from server.
Fetching https://www.freeview.co.uk/api/program?sid=32&nid=64403&pid=crid://panorama.five.tv/versions/C5164553117A&start=2026-06-15T17:30:00+0000&duration=PT30M from server.
Fetching https://www.freeview.co.uk/api/program?sid=32&nid=64403&pid=crid://panorama.five.tv/versions/C5273700027A&start=2026-06-15T18:00:00+0000&duration=PT1H from server.
Fetching https://www.freeview.co.uk/api/program?sid=32&nid=64403&pid=crid://panorama.five.tv/versions/C5264890001B&start=2026-06-15T19:00:00+0000&duration=PT1H from server.
Fetching https://www.freeview.co.uk/api/program?sid=32&nid=64403&pid=crid://panorama.five.tv/versions/C5351580011A&start=2026-06-15T20:00:00+0000&duration=PT1H from server.
Fetching https://www.freeview.co.uk/api/program?sid=32&nid=64403&pid=crid://panorama.five.tv/versions/C5519880009A&start=2026-06-15T21:00:00+0000&duration=PT1H from server.
Fetching https://www.freeview.co.uk/api/program?sid=32&nid=64403&pid=crid://panorama.five.tv/versions/C5392360010A&start=2026-06-15T22:00:00+0000&duration=PT1H from server.
Fetching https://www.freeview.co.uk/api/program?sid=32&nid=64403&pid=crid://panorama.five.tv/versions/C5399240010B&start=2026-06-15T23:00:00+0000&duration=PT1H from server.
## Wanted 16112 
Fetching https://www.freeview.co.uk/api/program?sid=33&nid=64403&pid=crid://panorama.five.tv/versions/C5248620008D&start=2026-06-15T00:05:00+0000&duration=PT1H from server.
Fetching https://www.freeview.co.uk/api/program?sid=33&nid=64403&pid=crid://panorama.five.tv/versions/C5248620009B&start=2026-06-15T01:05:00+0000&duration=PT1H from server.
Fetching https://www.freeview.co.uk/api/program?sid=33&nid=64403&pid=crid://panorama.five.tv/versions/C5248620010B&start=2026-06-15T02:05:00+0000&duration=PT55M from server.
Fetching https://www.freeview.co.uk/api/program?sid=33&nid=64403&pid=crid://panorama.five.tv/versions/C5340000001A&start=2026-06-15T03:00:00+0000&duration=PT2H from server.
Fetching https://www.freeview.co.uk/api/program?sid=33&nid=64403&pid=crid://panorama.five.tv/versions/C5266540001A&start=2026-06-15T05:00:00+0000&duration=PT1H from server.
Fetching https://www.freeview.co.uk/api/program?sid=33&nid=64403&pid=crid://panorama.five.tv/versions/C5533960001A&start=2026-06-15T06:00:00+0000&duration=PT30M from server.
Fetching https://www.freeview.co.uk/api/program?sid=33&nid=64403&pid=crid://panorama.five.tv/versions/C5480340001A&start=2026-06-15T06:30:00+0000&duration=PT30M from server.
Fetching https://www.freeview.co.uk/api/program?sid=33&nid=64403&pid=crid://panorama.five.tv/versions/C5349600001A&start=2026-06-15T07:00:00+0000&duration=PT1H from server.
Fetching https://www.freeview.co.uk/api/program?sid=33&nid=64403&pid=crid://panorama.five.tv/versions/C5406840006A&start=2026-06-15T08:00:00+0000&duration=PT35M from server.
Fetching https://www.freeview.co.uk/api/program?sid=33&nid=64403&pid=crid://panorama.five.tv/versions/C5323660006B&start=2026-06-15T08:35:00+0000&duration=PT1H from server.
Fetching https://www.freeview.co.uk/api/program?sid=33&nid=64403&pid=crid://panorama.five.tv/versions/C5254020001C&start=2026-06-15T09:35:00+0000&duration=PT1H from server.
Fetching https://www.freeview.co.uk/api/program?sid=33&nid=64403&pid=crid://panorama.five.tv/versions/C5254020002B&start=2026-06-15T10:35:00+0000&duration=PT55M from server.
Fetching https://www.freeview.co.uk/api/program?sid=33&nid=64403&pid=crid://panorama.five.tv/versions/C5024470001B&start=2026-06-15T11:30:00+0000&duration=PT1H from server.
Fetching https://www.freeview.co.uk/api/program?sid=33&nid=64403&pid=crid://csi.digitaluk.co.uk/a1cb31d0-388a-4244-a350-f5d749d2a22c&start=2026-06-15T12:30:00+0000&duration=PT5M from server.
Fetching https://www.freeview.co.uk/api/program?sid=33&nid=64403&pid=crid://panorama.five.tv/versions/C5024470001B&start=2026-06-15T12:35:00+0000&duration=PT40M from server.
Fetching https://www.freeview.co.uk/api/program?sid=33&nid=64403&pid=crid://panorama.five.tv/versions/C5071180001B&start=2026-06-15T13:15:00+0000&duration=PT1H from server.
Fetching https://www.freeview.co.uk/api/program?sid=33&nid=64403&pid=crid://csi.digitaluk.co.uk/1fdb94d3-8e31-4df5-bcc3-14c15316329b&start=2026-06-15T14:15:00+0000&duration=PT5M from server.
Fetching https://www.freeview.co.uk/api/program?sid=33&nid=64403&pid=crid://panorama.five.tv/versions/C5071180001B&start=2026-06-15T14:20:00+0000&duration=PT40M from server.
Fetching https://www.freeview.co.uk/api/program?sid=33&nid=64403&pid=crid://panorama.five.tv/versions/C5254350016A&start=2026-06-15T15:00:00+0000&duration=PT1H from server.
Fetching https://www.freeview.co.uk/api/program?sid=33&nid=64403&pid=crid://panorama.five.tv/versions/C5323660009E&start=2026-06-15T16:00:00+0000&duration=PT1H from server.
Fetching https://www.freeview.co.uk/api/program?sid=33&nid=64403&pid=crid://panorama.five.tv/versions/C5174550008E&start=2026-06-15T17:00:00+0000&duration=PT1H from server.
Fetching https://www.freeview.co.uk/api/program?sid=33&nid=64403&pid=crid://panorama.five.tv/versions/C5174550009G&start=2026-06-15T18:00:00+0000&duration=PT1H from server.
Fetching https://www.freeview.co.uk/api/program?sid=33&nid=64403&pid=crid://panorama.five.tv/versions/C5480240006A&start=2026-06-15T19:00:00+0000&duration=PT1H from server.
Fetching https://www.freeview.co.uk/api/program?sid=33&nid=64403&pid=crid://panorama.five.tv/versions/C5505780001C&start=2026-06-15T20:00:00+0000&duration=PT1H from server.
Fetching https://www.freeview.co.uk/api/program?sid=33&nid=64403&pid=crid://panorama.five.tv/versions/C5526800008A&start=2026-06-15T21:00:00+0000&duration=PT1H from server.
Fetching https://www.freeview.co.uk/api/program?sid=33&nid=64403&pid=crid://panorama.five.tv/versions/C5208150022A&start=2026-06-15T22:00:00+0000&duration=PT1H from server.
Fetching https://www.freeview.co.uk/api/program?sid=33&nid=64403&pid=crid://panorama.five.tv/versions/C5248620011B&start=2026-06-15T23:00:00+0000&duration=PT1H from server.
### Wanted 8373 
Fetching https://www.freeview.co.uk/api/program?sid=35&nid=64403&pid=crid://csi.digitaluk.co.uk/99615786-1570-4f8c-bf64-38bf35a17346&start=2026-06-15T00:45:00+0000&duration=PT1H15M from server.
Fetching https://www.freeview.co.uk/api/program?sid=35&nid=64403&pid=crid://csi.digitaluk.co.uk/78501421-9d54-407c-8089-5d953ae11b46&start=2026-06-15T02:00:00+0000&duration=PT30M from server.
Fetching https://www.freeview.co.uk/api/program?sid=35&nid=64403&pid=crid://csi.digitaluk.co.uk/790ec1aa-c535-4991-bc48-11a7eb8ee4ab&start=2026-06-15T02:30:00+0000&duration=PT3H5M from server.
Fetching https://www.freeview.co.uk/api/program?sid=35&nid=64403&pid=crid://csi.digitaluk.co.uk/c34b3a7d-d29f-44ac-8e9d-0fae17c0aeaf&start=2026-06-15T05:35:00+0000&duration=PT25M from server.
Fetching https://www.freeview.co.uk/api/program?sid=35&nid=64403&pid=crid://csi.digitaluk.co.uk/f6f95cf1-e7eb-43c0-af51-69b9a1843c89&start=2026-06-15T06:00:00+0000&duration=PT3H30M from server.
Fetching https://www.freeview.co.uk/api/program?sid=35&nid=64403&pid=crid://csi.digitaluk.co.uk/eabe5eee-2c36-41f7-b593-72ea62885348&start=2026-06-15T09:30:00+0000&duration=PT30M from server.
Fetching https://www.freeview.co.uk/api/program?sid=35&nid=64403&pid=crid://csi.digitaluk.co.uk/868e2027-cf2a-4c96-968d-9bc93ce423a5&start=2026-06-15T10:00:00+0000&duration=PT2H30M from server.
Fetching https://www.freeview.co.uk/api/program?sid=35&nid=64403&pid=crid://csi.digitaluk.co.uk/d44105b3-0c3a-47fc-b412-eac5f0cf1a76&start=2026-06-15T12:30:00+0000&duration=PT1H from server.
Fetching https://www.freeview.co.uk/api/program?sid=35&nid=64403&pid=crid://csi.digitaluk.co.uk/8e07448e-f3a3-4015-a53a-e9866b7d95b2&start=2026-06-15T13:30:00+0000&duration=PT25M from server.
Fetching https://www.freeview.co.uk/api/program?sid=35&nid=64403&pid=crid://csi.digitaluk.co.uk/53b4d397-15a3-40bc-804d-322b7637daec&start=2026-06-15T13:55:00+0000&duration=PT5M from server.
Fetching https://www.freeview.co.uk/api/program?sid=35&nid=64403&pid=crid://csi.digitaluk.co.uk/d7c49b93-76cd-4bbf-91dd-4ea3ff736841&start=2026-06-15T14:00:00+0000&duration=PT1H from server.
Fetching https://www.freeview.co.uk/api/program?sid=35&nid=64403&pid=crid://csi.digitaluk.co.uk/008653fe-57f5-43e1-981f-6ffa284a11e3&start=2026-06-15T15:00:00+0000&duration=PT1H from server.
Fetching https://www.freeview.co.uk/api/program?sid=35&nid=64403&pid=crid://csi.digitaluk.co.uk/9287b037-714c-4a3e-8933-2624b0229c57&start=2026-06-15T16:00:00+0000&duration=PT3H35M from server.
Fetching https://www.freeview.co.uk/api/program?sid=35&nid=64403&pid=crid://csi.digitaluk.co.uk/35e1a715-3043-4786-a6c9-06f1efc398fe&start=2026-06-15T19:35:00+0000&duration=PT10M from server.
Fetching https://www.freeview.co.uk/api/program?sid=35&nid=64403&pid=crid://csi.digitaluk.co.uk/24facef2-9590-411f-9b02-0b9749f3ccc9&start=2026-06-15T19:45:00+0000&duration=PT15M from server.
Fetching https://www.freeview.co.uk/api/program?sid=35&nid=64403&pid=crid://www.stv.tv/programInformation/231763&start=2026-06-15T20:00:00+0000&duration=PT1H from server.
Fetching https://www.freeview.co.uk/api/program?sid=35&nid=64403&pid=crid://www.stv.tv/programInformation/231786&start=2026-06-15T21:00:00+0000&duration=PT1H from server.
Fetching https://www.freeview.co.uk/api/program?sid=35&nid=64403&pid=crid://csi.digitaluk.co.uk/792d1ca7-6ddb-4cc4-a2bd-74d399d2bb39&start=2026-06-15T22:00:00+0000&duration=PT5M from server.
Fetching https://www.freeview.co.uk/api/program?sid=35&nid=64403&pid=crid://csi.digitaluk.co.uk/18bd5ad2-c555-4b59-a339-92edc9b5f2cc&start=2026-06-15T22:05:00+0000&duration=PT10M from server.
Fetching https://www.freeview.co.uk/api/program?sid=35&nid=64403&pid=crid://csi.digitaluk.co.uk/d8e874d8-cda1-49b5-9295-b840018e8826&start=2026-06-15T22:15:00+0000&duration=PT3H20M from server.
## Wanted 27680 
Fetching https://www.freeview.co.uk/api/program?sid=39&nid=64403&pid=crid://csi.digitaluk.co.uk/99f5a117-e057-4ae2-9418-915fb706e7f9&start=2026-06-15T00:00:00+0000&duration=PT1H from server.
Fetching https://www.freeview.co.uk/api/program?sid=39&nid=64403&pid=crid://csi.digitaluk.co.uk/0fbda394-3700-4eae-8326-729a3743dec0&start=2026-06-15T01:00:00+0000&duration=PT30M from server.
Fetching https://www.freeview.co.uk/api/program?sid=39&nid=64403&pid=crid://csi.digitaluk.co.uk/75d947e1-ad78-4d44-820c-90ad5b94b124&start=2026-06-15T01:30:00+0000&duration=PT30M from server.
Fetching https://www.freeview.co.uk/api/program?sid=39&nid=64403&pid=crid://csi.digitaluk.co.uk/55a973c2-5882-4110-ad0b-7e0ec053d12b&start=2026-06-15T02:00:00+0000&duration=PT30M from server.
Fetching https://www.freeview.co.uk/api/program?sid=39&nid=64403&pid=crid://csi.digitaluk.co.uk/e79f649c-eb2d-4c3e-9d5b-d090dc19d8a6&start=2026-06-15T02:30:00+0000&duration=PT30M from server.
Fetching https://www.freeview.co.uk/api/program?sid=39&nid=64403&pid=crid://csi.digitaluk.co.uk/40c25498-85b2-43ed-8c52-fef220d5cd0a&start=2026-06-15T03:00:00+0000&duration=PT30M from server.
Fetching https://www.freeview.co.uk/api/program?sid=39&nid=64403&pid=crid://csi.digitaluk.co.uk/1c371754-fc81-4360-828c-69fd2f4820d8&start=2026-06-15T03:30:00+0000&duration=PT30M from server.
Fetching https://www.freeview.co.uk/api/program?sid=39&nid=64403&pid=crid://csi.digitaluk.co.uk/d7031079-57e4-40cd-92cb-e0a907b60618&start=2026-06-15T04:00:00+0000&duration=PT30M from server.
Fetching https://www.freeview.co.uk/api/program?sid=39&nid=64403&pid=crid://csi.digitaluk.co.uk/04c03515-cc4d-439d-ac68-5caf3ef60ce0&start=2026-06-15T04:30:00+0000&duration=PT30M from server.
Fetching https://www.freeview.co.uk/api/program?sid=39&nid=64403&pid=crid://csi.digitaluk.co.uk/eb5f07c4-13a8-4da0-bd97-236eb72a7597&start=2026-06-15T05:00:00+0000&duration=PT1H from server.
Fetching https://www.freeview.co.uk/api/program?sid=39&nid=64403&pid=crid://csi.digitaluk.co.uk/6fbda9c4-f940-4150-9aef-5a68ca21c98f&start=2026-06-15T06:00:00+0000&duration=PT1H from server.
Fetching https://www.freeview.co.uk/api/program?sid=39&nid=64403&pid=crid://csi.digitaluk.co.uk/f9007433-e41f-4104-94c7-ccd42a84a3f1&start=2026-06-15T07:00:00+0000&duration=PT1H from server.
Fetching https://www.freeview.co.uk/api/program?sid=39&nid=64403&pid=crid://csi.digitaluk.co.uk/e12fde3c-704d-41df-bae4-44d2d7603f5e&start=2026-06-15T08:00:00+0000&duration=PT1H from server.
Fetching https://www.freeview.co.uk/api/program?sid=39&nid=64403&pid=crid://csi.digitaluk.co.uk/17defdf6-72bd-4b95-89df-64a313693719&start=2026-06-15T09:00:00+0000&duration=PT1H from server.
Fetching https://www.freeview.co.uk/api/program?sid=39&nid=64403&pid=crid://csi.digitaluk.co.uk/1f7f3f92-1501-4ea5-850b-0abc37b4d74b&start=2026-06-15T10:00:00+0000&duration=PT1H from server.
Fetching https://www.freeview.co.uk/api/program?sid=39&nid=64403&pid=crid://csi.digitaluk.co.uk/5e1e08e8-02f9-407b-a18e-235051ff697c&start=2026-06-15T11:00:00+0000&duration=PT1H from server.
Fetching https://www.freeview.co.uk/api/program?sid=39&nid=64403&pid=crid://csi.digitaluk.co.uk/c5748f7b-40a0-416a-a01a-b2b0dbf8e090&start=2026-06-15T12:00:00+0000&duration=PT1H from server.
Fetching https://www.freeview.co.uk/api/program?sid=39&nid=64403&pid=crid://csi.digitaluk.co.uk/a9898902-ffff-466f-b2f3-a06c589d2fe4&start=2026-06-15T13:00:00+0000&duration=PT1H from server.
Fetching https://www.freeview.co.uk/api/program?sid=39&nid=64403&pid=crid://csi.digitaluk.co.uk/da906f04-1009-40b8-8aef-a7f5a1187c3f&start=2026-06-15T14:00:00+0000&duration=PT1H from server.
Fetching https://www.freeview.co.uk/api/program?sid=39&nid=64403&pid=crid://csi.digitaluk.co.uk/e2f19d6e-4999-4752-953b-b7316e919e3f&start=2026-06-15T15:00:00+0000&duration=PT1H from server.
Fetching https://www.freeview.co.uk/api/program?sid=39&nid=64403&pid=crid://csi.digitaluk.co.uk/21a5913c-ba3b-40e0-affd-fae0e5aaae58&start=2026-06-15T16:00:00+0000&duration=PT1H from server.
Fetching https://www.freeview.co.uk/api/program?sid=39&nid=64403&pid=crid://csi.digitaluk.co.uk/713b9655-2db9-4eb3-98db-1bdd61f6dadf&start=2026-06-15T17:00:00+0000&duration=PT1H from server.
Fetching https://www.freeview.co.uk/api/program?sid=39&nid=64403&pid=crid://csi.digitaluk.co.uk/bb56a794-091c-4a56-9238-2599f1efa0aa&start=2026-06-15T18:00:00+0000&duration=PT1H from server.
Fetching https://www.freeview.co.uk/api/program?sid=39&nid=64403&pid=crid://csi.digitaluk.co.uk/1dfd0010-dea5-4db7-94d7-44c775e4f5bf&start=2026-06-15T19:00:00+0000&duration=PT1H from server.
Fetching https://www.freeview.co.uk/api/program?sid=39&nid=64403&pid=crid://csi.digitaluk.co.uk/11976b54-a468-4e75-9944-f4f924bf14ac&start=2026-06-15T20:00:00+0000&duration=PT1H from server.
Fetching https://www.freeview.co.uk/api/program?sid=39&nid=64403&pid=crid://csi.digitaluk.co.uk/f11dcb23-e7b7-4b15-a33f-a00c4992db8a&start=2026-06-15T21:00:00+0000&duration=PT1H from server.
Fetching https://www.freeview.co.uk/api/program?sid=39&nid=64403&pid=crid://csi.digitaluk.co.uk/bb92f569-ea8f-415a-92d1-3848dd1e24d7&start=2026-06-15T22:00:00+0000&duration=PT1H from server.
Fetching https://www.freeview.co.uk/api/program?sid=39&nid=64403&pid=crid://csi.digitaluk.co.uk/444fb0f8-a867-41b1-b6b0-90c33ee40f89&start=2026-06-15T23:00:00+0000&duration=PT1H from server.
### Wanted 23744 
Fetching https://www.freeview.co.uk/api/program?sid=40&nid=64403&pid=crid://csi.digitaluk.co.uk/4af8592f-f9d5-443a-ade7-14e88056b270&start=2026-06-15T00:00:00+0000&duration=PT1H from server.
Fetching https://www.freeview.co.uk/api/program?sid=40&nid=64403&pid=crid://csi.digitaluk.co.uk/835e6287-016a-402a-8331-c0f86f7e3dbf&start=2026-06-15T01:00:00+0000&duration=PT1H from server.
Fetching https://www.freeview.co.uk/api/program?sid=40&nid=64403&pid=crid://csi.digitaluk.co.uk/fd4aba45-dabc-4347-aabb-ab3c5ab08b17&start=2026-06-15T02:00:00+0000&duration=PT1H from server.
Fetching https://www.freeview.co.uk/api/program?sid=40&nid=64403&pid=crid://csi.digitaluk.co.uk/218549d0-3ce1-404c-9a0b-60739f036ba9&start=2026-06-15T03:00:00+0000&duration=PT30M from server.
Fetching https://www.freeview.co.uk/api/program?sid=40&nid=64403&pid=crid://csi.digitaluk.co.uk/16bacb3e-95cc-4c08-a8b8-76aef5c2fe3e&start=2026-06-15T03:30:00+0000&duration=PT30M from server.
Fetching https://www.freeview.co.uk/api/program?sid=40&nid=64403&pid=crid://csi.digitaluk.co.uk/5aeb6525-8c3b-40d0-95dd-8147099f42f9&start=2026-06-15T04:00:00+0000&duration=PT30M from server.
Fetching https://www.freeview.co.uk/api/program?sid=40&nid=64403&pid=crid://csi.digitaluk.co.uk/5fc356af-01c3-46d3-8234-4e1684dafe2f&start=2026-06-15T04:30:00+0000&duration=PT30M from server.
Fetching https://www.freeview.co.uk/api/program?sid=40&nid=64403&pid=crid://csi.digitaluk.co.uk/d2f5d27e-1d9f-487a-8826-c948f45643b9&start=2026-06-15T05:00:00+0000&duration=PT1H from server.
Fetching https://www.freeview.co.uk/api/program?sid=40&nid=64403&pid=crid://csi.digitaluk.co.uk/aef3f843-d7f0-4322-8c6a-b6e1521051b3&start=2026-06-15T06:00:00+0000&duration=PT30M from server.
Fetching https://www.freeview.co.uk/api/program?sid=40&nid=64403&pid=crid://csi.digitaluk.co.uk/c3f57cf3-c913-48fa-81b2-84801ae6ba4b&start=2026-06-15T06:30:00+0000&duration=PT30M from server.
Fetching https://www.freeview.co.uk/api/program?sid=40&nid=64403&pid=crid://csi.digitaluk.co.uk/a96ef795-110a-48a9-84c5-27c1a93567ac&start=2026-06-15T07:00:00+0000&duration=PT1H from server.
Fetching https://www.freeview.co.uk/api/program?sid=40&nid=64403&pid=crid://csi.digitaluk.co.uk/f32ca3aa-3c5a-49d1-95b0-74f77d099b31&start=2026-06-15T08:00:00+0000&duration=PT1H from server.
Fetching https://www.freeview.co.uk/api/program?sid=40&nid=64403&pid=crid://csi.digitaluk.co.uk/b6c49b1a-3e94-49b5-91fb-757f119a4e4c&start=2026-06-15T09:00:00+0000&duration=PT1H from server.
Fetching https://www.freeview.co.uk/api/program?sid=40&nid=64403&pid=crid://csi.digitaluk.co.uk/ded56021-f71c-49c5-bdc2-454e8c0ba57e&start=2026-06-15T10:00:00+0000&duration=PT1H from server.
Fetching https://www.freeview.co.uk/api/program?sid=40&nid=64403&pid=crid://csi.digitaluk.co.uk/10ec3df7-b0ce-4e47-915f-50969d1fc19f&start=2026-06-15T11:00:00+0000&duration=PT1H from server.
Fetching https://www.freeview.co.uk/api/program?sid=40&nid=64403&pid=crid://csi.digitaluk.co.uk/32c50025-6530-4ef4-b8d6-5fcc286752ce&start=2026-06-15T12:00:00+0000&duration=PT1H from server.
Fetching https://www.freeview.co.uk/api/program?sid=40&nid=64403&pid=crid://csi.digitaluk.co.uk/be9f1396-0ea7-47eb-9303-a0d3bfd173a3&start=2026-06-15T13:00:00+0000&duration=PT1H from server.
Fetching https://www.freeview.co.uk/api/program?sid=40&nid=64403&pid=crid://csi.digitaluk.co.uk/c755cef9-fe51-4739-8caf-847589a57bb7&start=2026-06-15T14:00:00+0000&duration=PT1H from server.
Fetching https://www.freeview.co.uk/api/program?sid=40&nid=64403&pid=crid://csi.digitaluk.co.uk/2a59ce89-909c-4b3e-b826-43c944c69192&start=2026-06-15T15:00:00+0000&duration=PT1H from server.
Fetching https://www.freeview.co.uk/api/program?sid=40&nid=64403&pid=crid://csi.digitaluk.co.uk/67067767-a632-440e-b4c1-decd18e3b93d&start=2026-06-15T16:00:00+0000&duration=PT1H from server.
Fetching https://www.freeview.co.uk/api/program?sid=40&nid=64403&pid=crid://csi.digitaluk.co.uk/315c8789-8d98-437e-a2a7-6f23754b1bcd&start=2026-06-15T17:00:00+0000&duration=PT1H from server.
Fetching https://www.freeview.co.uk/api/program?sid=40&nid=64403&pid=crid://csi.digitaluk.co.uk/c18b178d-a6f0-46ad-a206-37081d37d6a3&start=2026-06-15T18:00:00+0000&duration=PT1H from server.
Fetching https://www.freeview.co.uk/api/program?sid=40&nid=64403&pid=crid://csi.digitaluk.co.uk/461f41f4-02c4-4d1d-805b-01c7216ae45a&start=2026-06-15T19:00:00+0000&duration=PT1H from server.
Fetching https://www.freeview.co.uk/api/program?sid=40&nid=64403&pid=crid://csi.digitaluk.co.uk/7d195663-1e68-46b9-bbe0-880b939dd54f&start=2026-06-15T20:00:00+0000&duration=PT1H from server.
Fetching https://www.freeview.co.uk/api/program?sid=40&nid=64403&pid=crid://csi.digitaluk.co.uk/23b1a467-a68a-4953-9922-34d55c3d95bf&start=2026-06-15T21:00:00+0000&duration=PT1H from server.
Fetching https://www.freeview.co.uk/api/program?sid=40&nid=64403&pid=crid://csi.digitaluk.co.uk/508d6eff-e2da-4369-b2b7-d855611e3fe8&start=2026-06-15T22:00:00+0000&duration=PT1H from server.
Fetching https://www.freeview.co.uk/api/program?sid=40&nid=64403&pid=crid://csi.digitaluk.co.uk/c8b6c651-db84-4777-bd11-0d4a8a7b762a&start=2026-06-15T23:00:00+0000&duration=PT1H from server.
## Wanted 23040 
Fetching https://www.freeview.co.uk/api/program?sid=43&nid=64403&pid=crid://csi.digitaluk.co.uk/3aff7bd4-141f-4f89-8775-e1e7b5c9adb2&start=2026-06-15T00:00:00+0000&duration=PT30M from server.
Fetching https://www.freeview.co.uk/api/program?sid=43&nid=64403&pid=crid://csi.digitaluk.co.uk/4d1bd6f5-47e9-49e9-b62c-e88f307ecf4a&start=2026-06-15T00:30:00+0000&duration=PT30M from server.
Fetching https://www.freeview.co.uk/api/program?sid=43&nid=64403&pid=crid://csi.digitaluk.co.uk/104dd7dd-4630-49e9-a903-05d0ff6d45b9&start=2026-06-15T01:00:00+0000&duration=PT30M from server.
Fetching https://www.freeview.co.uk/api/program?sid=43&nid=64403&pid=crid://csi.digitaluk.co.uk/929e7cd8-f8e9-438d-9527-0b51143c1028&start=2026-06-15T01:30:00+0000&duration=PT30M from server.
Fetching https://www.freeview.co.uk/api/program?sid=43&nid=64403&pid=crid://csi.digitaluk.co.uk/c9b56329-9ea2-4d69-a01c-e10020821b2a&start=2026-06-15T02:00:00+0000&duration=PT30M from server.
Fetching https://www.freeview.co.uk/api/program?sid=43&nid=64403&pid=crid://csi.digitaluk.co.uk/4603310d-cd81-434a-a55c-af790de3abe4&start=2026-06-15T02:30:00+0000&duration=PT30M from server.
Fetching https://www.freeview.co.uk/api/program?sid=43&nid=64403&pid=crid://csi.digitaluk.co.uk/09584353-18ae-4c17-ac6c-a0876330c354&start=2026-06-15T03:00:00+0000&duration=PT30M from server.
Fetching https://www.freeview.co.uk/api/program?sid=43&nid=64403&pid=crid://csi.digitaluk.co.uk/3208a0d3-cbae-49e4-830f-ee1ae4b54c15&start=2026-06-15T03:30:00+0000&duration=PT30M from server.
Fetching https://www.freeview.co.uk/api/program?sid=43&nid=64403&pid=crid://csi.digitaluk.co.uk/6e71ed27-0283-4355-b3aa-96f0cc53fa56&start=2026-06-15T04:00:00+0000&duration=PT30M from server.
Fetching https://www.freeview.co.uk/api/program?sid=43&nid=64403&pid=crid://csi.digitaluk.co.uk/36a002e4-b260-45d1-81b0-78d23bc6a64c&start=2026-06-15T04:30:00+0000&duration=PT30M from server.
Fetching https://www.freeview.co.uk/api/program?sid=43&nid=64403&pid=crid://csi.digitaluk.co.uk/34fbeaa0-c5e8-49ab-9c5b-90e7887acac7&start=2026-06-15T05:00:00+0000&duration=PT1H from server.
Fetching https://www.freeview.co.uk/api/program?sid=43&nid=64403&pid=crid://csi.digitaluk.co.uk/c92b028e-5cbc-4c9e-8f6e-ecd3b0fa6dc7&start=2026-06-15T06:00:00+0000&duration=PT30M from server.
Fetching https://www.freeview.co.uk/api/program?sid=43&nid=64403&pid=crid://csi.digitaluk.co.uk/a47f6b23-36c4-4854-8745-dd6d8ac7508f&start=2026-06-15T06:30:00+0000&duration=PT30M from server.
Fetching https://www.freeview.co.uk/api/program?sid=43&nid=64403&pid=crid://csi.digitaluk.co.uk/96c00f73-34e3-42e7-bed1-7476e273f13a&start=2026-06-15T07:00:00+0000&duration=PT30M from server.
Fetching https://www.freeview.co.uk/api/program?sid=43&nid=64403&pid=crid://csi.digitaluk.co.uk/5bf0a203-a024-4054-874f-a0e901951c55&start=2026-06-15T07:30:00+0000&duration=PT30M from server.
Fetching https://www.freeview.co.uk/api/program?sid=43&nid=64403&pid=crid://csi.digitaluk.co.uk/0e7f3baf-7c52-4d38-9581-7407b546887a&start=2026-06-15T08:00:00+0000&duration=PT30M from server.
Fetching https://www.freeview.co.uk/api/program?sid=43&nid=64403&pid=crid://csi.digitaluk.co.uk/e6813a45-e37a-4adf-a8bf-1e3901e624ea&start=2026-06-15T08:30:00+0000&duration=PT30M from server.
Fetching https://www.freeview.co.uk/api/program?sid=43&nid=64403&pid=crid://csi.digitaluk.co.uk/5d462249-480f-466b-901b-3ab24b88a7bd&start=2026-06-15T09:00:00+0000&duration=PT1H from server.
Fetching https://www.freeview.co.uk/api/program?sid=43&nid=64403&pid=crid://csi.digitaluk.co.uk/00791829-c7e4-4e0d-ae72-241dd0281a85&start=2026-06-15T10:00:00+0000&duration=PT1H30M from server.
Fetching https://www.freeview.co.uk/api/program?sid=43&nid=64403&pid=crid://csi.digitaluk.co.uk/d86f13ea-1051-430d-ba9a-7c8d01131a48&start=2026-06-15T11:30:00+0000&duration=PT30M from server.
Fetching https://www.freeview.co.uk/api/program?sid=43&nid=64403&pid=crid://csi.digitaluk.co.uk/05694178-067b-4a7d-84ca-5f2284ef8adf&start=2026-06-15T12:00:00+0000&duration=PT1H from server.
Fetching https://www.freeview.co.uk/api/program?sid=43&nid=64403&pid=crid://csi.digitaluk.co.uk/1fac0b7b-a4a7-45c8-838a-11aa99c0d134&start=2026-06-15T13:00:00+0000&duration=PT30M from server.
Fetching https://www.freeview.co.uk/api/program?sid=43&nid=64403&pid=crid://csi.digitaluk.co.uk/2322c1e1-4999-4b60-8f13-bd3e5c6792e8&start=2026-06-15T13:30:00+0000&duration=PT30M from server.
Fetching https://www.freeview.co.uk/api/program?sid=43&nid=64403&pid=crid://csi.digitaluk.co.uk/6ce63fe2-7cc8-4aa6-9275-3ca922e402be&start=2026-06-15T14:00:00+0000&duration=PT30M from server.
Fetching https://www.freeview.co.uk/api/program?sid=43&nid=64403&pid=crid://csi.digitaluk.co.uk/8b5e6f69-ce78-492d-9d3a-412991247423&start=2026-06-15T14:30:00+0000&duration=PT30M from server.
Fetching https://www.freeview.co.uk/api/program?sid=43&nid=64403&pid=crid://csi.digitaluk.co.uk/24ea1762-ecab-4c09-8acd-12173051d018&start=2026-06-15T15:00:00+0000&duration=PT30M from server.
Fetching https://www.freeview.co.uk/api/program?sid=43&nid=64403&pid=crid://csi.digitaluk.co.uk/308e5215-73d3-4237-8d3e-705debee459f&start=2026-06-15T15:30:00+0000&duration=PT30M from server.
Fetching https://www.freeview.co.uk/api/program?sid=43&nid=64403&pid=crid://csi.digitaluk.co.uk/c9ced2e4-9f04-4c18-8c94-82a7d9e3915a&start=2026-06-15T16:00:00+0000&duration=PT30M from server.
Fetching https://www.freeview.co.uk/api/program?sid=43&nid=64403&pid=crid://csi.digitaluk.co.uk/20b430f4-4c38-4455-959d-b0bb7617b53a&start=2026-06-15T16:30:00+0000&duration=PT30M from server.
Fetching https://www.freeview.co.uk/api/program?sid=43&nid=64403&pid=crid://csi.digitaluk.co.uk/38cbc19f-7744-4d40-9953-def09130ac4c&start=2026-06-15T17:00:00+0000&duration=PT1H from server.
Fetching https://www.freeview.co.uk/api/program?sid=43&nid=64403&pid=crid://csi.digitaluk.co.uk/cf88562e-027d-4feb-9e39-76850c23ba27&start=2026-06-15T18:00:00+0000&duration=PT1H30M from server.
Fetching https://www.freeview.co.uk/api/program?sid=43&nid=64403&pid=crid://csi.digitaluk.co.uk/c17ef620-c48f-4388-907d-2b9943fa2e7f&start=2026-06-15T19:30:00+0000&duration=PT30M from server.
Fetching https://www.freeview.co.uk/api/program?sid=43&nid=64403&pid=crid://csi.digitaluk.co.uk/0e94ac45-89fa-4957-bbe4-2a5ba16f1641&start=2026-06-15T20:00:00+0000&duration=PT1H from server.
Fetching https://www.freeview.co.uk/api/program?sid=43&nid=64403&pid=crid://csi.digitaluk.co.uk/0995798e-91f1-4382-9562-e7f058b2d307&start=2026-06-15T21:00:00+0000&duration=PT1H from server.
Fetching https://www.freeview.co.uk/api/program?sid=43&nid=64403&pid=crid://csi.digitaluk.co.uk/c2a4b159-5f0c-4fd3-9140-6207fe06697d&start=2026-06-15T22:00:00+0000&duration=PT30M from server.
Fetching https://www.freeview.co.uk/api/program?sid=43&nid=64403&pid=crid://csi.digitaluk.co.uk/81da8615-c92d-4361-980c-f9043c4da712&start=2026-06-15T22:30:00+0000&duration=PT30M from server.
Fetching https://www.freeview.co.uk/api/program?sid=43&nid=64403&pid=crid://csi.digitaluk.co.uk/785a5554-39f6-4770-9811-9b90e608af32&start=2026-06-15T23:00:00+0000&duration=PT30M from server.
Fetching https://www.freeview.co.uk/api/program?sid=43&nid=64403&pid=crid://csi.digitaluk.co.uk/c06343d3-c840-4e57-b142-0ac3d9246c05&start=2026-06-15T23:30:00+0000&duration=PT30M from server.
### Wanted 23712 
Fetching https://www.freeview.co.uk/api/program?sid=44&nid=64403&pid=crid://csi.digitaluk.co.uk/3e0c8b69-9599-4490-a3b1-9bfc1d244be1&start=2026-06-15T00:00:00+0000&duration=PT1H from server.
Fetching https://www.freeview.co.uk/api/program?sid=44&nid=64403&pid=crid://csi.digitaluk.co.uk/6716ea9c-55ac-4d15-8a5f-99b4ec2db421&start=2026-06-15T01:00:00+0000&duration=PT2H from server.
Fetching https://www.freeview.co.uk/api/program?sid=44&nid=64403&pid=crid://csi.digitaluk.co.uk/bc8aecd4-855e-46be-8eca-b0082bbbe00a&start=2026-06-15T03:00:00+0000&duration=PT30M from server.
Fetching https://www.freeview.co.uk/api/program?sid=44&nid=64403&pid=crid://csi.digitaluk.co.uk/06a9b027-515e-4ba3-9bec-54be9a451b88&start=2026-06-15T03:30:00+0000&duration=PT30M from server.
Fetching https://www.freeview.co.uk/api/program?sid=44&nid=64403&pid=crid://csi.digitaluk.co.uk/97b23eed-0e90-4d78-aeb8-cf5157cb81fc&start=2026-06-15T04:00:00+0000&duration=PT30M from server.
Fetching https://www.freeview.co.uk/api/program?sid=44&nid=64403&pid=crid://csi.digitaluk.co.uk/63449528-9b6f-4778-965e-a6a8a7f495ab&start=2026-06-15T04:30:00+0000&duration=PT30M from server.
Fetching https://www.freeview.co.uk/api/program?sid=44&nid=64403&pid=crid://csi.digitaluk.co.uk/0d225309-d2bc-4c9e-8174-61d96038ce54&start=2026-06-15T05:00:00+0000&duration=PT1H from server.
Fetching https://www.freeview.co.uk/api/program?sid=44&nid=64403&pid=crid://csi.digitaluk.co.uk/936dd5dd-0373-491f-8fcb-0f79d0740eb8&start=2026-06-15T06:00:00+0000&duration=PT1H from server.
Fetching https://www.freeview.co.uk/api/program?sid=44&nid=64403&pid=crid://csi.digitaluk.co.uk/60913963-9914-4cfb-8a84-3474b2ab1dde&start=2026-06-15T07:00:00+0000&duration=PT1H from server.
Fetching https://www.freeview.co.uk/api/program?sid=44&nid=64403&pid=crid://csi.digitaluk.co.uk/1f3f5a62-717d-4338-9a23-0aab088105b9&start=2026-06-15T08:00:00+0000&duration=PT1H from server.
Fetching https://www.freeview.co.uk/api/program?sid=44&nid=64403&pid=crid://csi.digitaluk.co.uk/21b575cb-d89c-4bff-bf0c-9f1af65cd294&start=2026-06-15T09:00:00+0000&duration=PT1H from server.
Fetching https://www.freeview.co.uk/api/program?sid=44&nid=64403&pid=crid://csi.digitaluk.co.uk/61a7a81b-2a8e-4ed7-99e3-5472fed5ebf1&start=2026-06-15T10:00:00+0000&duration=PT1H from server.
Fetching https://www.freeview.co.uk/api/program?sid=44&nid=64403&pid=crid://csi.digitaluk.co.uk/da8a918a-39c0-44d6-8431-b8d03074ad0f&start=2026-06-15T11:00:00+0000&duration=PT1H from server.
Fetching https://www.freeview.co.uk/api/program?sid=44&nid=64403&pid=crid://csi.digitaluk.co.uk/30b71410-1221-46b3-bb6e-51ef20a90f28&start=2026-06-15T12:00:00+0000&duration=PT1H from server.
Fetching https://www.freeview.co.uk/api/program?sid=44&nid=64403&pid=crid://csi.digitaluk.co.uk/bfb71564-6a50-450c-9c82-31842a86e828&start=2026-06-15T13:00:00+0000&duration=PT1H from server.
Fetching https://www.freeview.co.uk/api/program?sid=44&nid=64403&pid=crid://csi.digitaluk.co.uk/31d5428e-b98e-4808-860d-aae65608beb9&start=2026-06-15T14:00:00+0000&duration=PT1H from server.
Fetching https://www.freeview.co.uk/api/program?sid=44&nid=64403&pid=crid://csi.digitaluk.co.uk/70179349-13d9-415d-8c48-8d6f5e0f8fa2&start=2026-06-15T15:00:00+0000&duration=PT1H from server.
Fetching https://www.freeview.co.uk/api/program?sid=44&nid=64403&pid=crid://csi.digitaluk.co.uk/2eb4c805-24ab-4bb9-9b2d-8252486e5012&start=2026-06-15T16:00:00+0000&duration=PT1H from server.
Fetching https://www.freeview.co.uk/api/program?sid=44&nid=64403&pid=crid://csi.digitaluk.co.uk/16cb445e-f5eb-465e-8c1f-6e886edcbae6&start=2026-06-15T17:00:00+0000&duration=PT1H from server.
Fetching https://www.freeview.co.uk/api/program?sid=44&nid=64403&pid=crid://csi.digitaluk.co.uk/fd950d50-9eba-4fec-b049-37f7f945509e&start=2026-06-15T18:00:00+0000&duration=PT1H from server.
Fetching https://www.freeview.co.uk/api/program?sid=44&nid=64403&pid=crid://csi.digitaluk.co.uk/fb9be87d-7e6e-4c3a-9902-b7cdb76fd7d9&start=2026-06-15T19:00:00+0000&duration=PT1H from server.
Fetching https://www.freeview.co.uk/api/program?sid=44&nid=64403&pid=crid://csi.digitaluk.co.uk/52e0068b-17f8-47a9-b6a8-de5c308cf4f0&start=2026-06-15T20:00:00+0000&duration=PT1H from server.
Fetching https://www.freeview.co.uk/api/program?sid=44&nid=64403&pid=crid://csi.digitaluk.co.uk/3bbc8cac-0e8f-43c9-8037-1bc15f0d82aa&start=2026-06-15T21:00:00+0000&duration=PT1H from server.
Fetching https://www.freeview.co.uk/api/program?sid=44&nid=64403&pid=crid://csi.digitaluk.co.uk/9cb25e68-7de0-42e3-802f-c2096e780cd6&start=2026-06-15T22:00:00+0000&duration=PT1H from server.
Fetching https://www.freeview.co.uk/api/program?sid=44&nid=64403&pid=crid://csi.digitaluk.co.uk/64cb1168-1777-4b4c-b82e-8ea1d45a00ac&start=2026-06-15T23:00:00+0000&duration=PT1H from server.
## Wanted 20256 
Fetching https://www.freeview.co.uk/api/program?sid=46&nid=64403&pid=crid://panorama.five.tv/versions/C5511220005A&start=2026-06-15T00:45:00+0000&duration=PT1H from server.
Fetching https://www.freeview.co.uk/api/program?sid=46&nid=64403&pid=crid://panorama.five.tv/versions/C5481470003A&start=2026-06-15T01:45:00+0000&duration=PT50M from server.
Fetching https://www.freeview.co.uk/api/program?sid=46&nid=64403&pid=crid://panorama.five.tv/versions/C5410200003A&start=2026-06-15T02:35:00+0000&duration=PT25M from server.
Fetching https://www.freeview.co.uk/api/program?sid=46&nid=64403&pid=crid://panorama.five.tv/versions/C5266540001A&start=2026-06-15T03:00:00+0000&duration=PT2H from server.
Fetching https://www.freeview.co.uk/api/program?sid=46&nid=64403&pid=crid://panorama.five.tv/versions/C5480340001A&start=2026-06-15T05:00:00+0000&duration=PT30M from server.
Fetching https://www.freeview.co.uk/api/program?sid=46&nid=64403&pid=crid://panorama.five.tv/versions/C5533960001A&start=2026-06-15T05:30:00+0000&duration=PT30M from server.
Fetching https://www.freeview.co.uk/api/program?sid=46&nid=64403&pid=crid://panorama.five.tv/versions/C5480340001A&start=2026-06-15T06:00:00+0000&duration=PT30M from server.
Fetching https://www.freeview.co.uk/api/program?sid=46&nid=64403&pid=crid://panorama.five.tv/versions/C5535920001A&start=2026-06-15T06:30:00+0000&duration=PT30M from server.
Fetching https://www.freeview.co.uk/api/program?sid=46&nid=64403&pid=crid://panorama.five.tv/versions/C5349600001A&start=2026-06-15T07:00:00+0000&duration=PT1H from server.
Fetching https://www.freeview.co.uk/api/program?sid=46&nid=64403&pid=crid://panorama.five.tv/versions/C5387220013A&start=2026-06-15T08:00:00+0000&duration=PT1H from server.
Fetching https://www.freeview.co.uk/api/program?sid=46&nid=64403&pid=crid://panorama.five.tv/versions/C5489620006A&start=2026-06-15T09:00:00+0000&duration=PT1H from server.
Fetching https://www.freeview.co.uk/api/program?sid=46&nid=64403&pid=crid://panorama.five.tv/versions/C5231720002B&start=2026-06-15T10:00:00+0000&duration=PT1H from server.
Fetching https://www.freeview.co.uk/api/program?sid=46&nid=64403&pid=crid://panorama.five.tv/versions/C5231720003A&start=2026-06-15T11:00:00+0000&duration=PT1H from server.
Fetching https://www.freeview.co.uk/api/program?sid=46&nid=64403&pid=crid://panorama.five.tv/versions/C5269420007C&start=2026-06-15T12:00:00+0000&duration=PT1H from server.
Fetching https://www.freeview.co.uk/api/program?sid=46&nid=64403&pid=crid://panorama.five.tv/versions/C5269420008A&start=2026-06-15T13:00:00+0000&duration=PT1H from server.
Fetching https://www.freeview.co.uk/api/program?sid=46&nid=64403&pid=crid://panorama.five.tv/versions/C5084150001C&start=2026-06-15T14:00:00+0000&duration=PT1H30M from server.
Fetching https://www.freeview.co.uk/api/program?sid=46&nid=64403&pid=crid://panorama.five.tv/versions/C5323170002A&start=2026-06-15T15:30:00+0000&duration=PT30M from server.
Fetching https://www.freeview.co.uk/api/program?sid=46&nid=64403&pid=crid://panorama.five.tv/versions/C5404080006C&start=2026-06-15T16:00:00+0000&duration=PT1H from server.
Fetching https://www.freeview.co.uk/api/program?sid=46&nid=64403&pid=crid://panorama.five.tv/versions/C5506880002B&start=2026-06-15T17:00:00+0000&duration=PT1H from server.
Fetching https://www.freeview.co.uk/api/program?sid=46&nid=64403&pid=crid://panorama.five.tv/versions/C5231720004B&start=2026-06-15T18:00:00+0000&duration=PT1H from server.
Fetching https://www.freeview.co.uk/api/program?sid=46&nid=64403&pid=crid://panorama.five.tv/versions/C5231720005A&start=2026-06-15T19:00:00+0000&duration=PT1H from server.
Fetching https://www.freeview.co.uk/api/program?sid=46&nid=64403&pid=crid://panorama.five.tv/versions/C5511220006A&start=2026-06-15T20:00:00+0000&duration=PT1H from server.
Fetching https://www.freeview.co.uk/api/program?sid=46&nid=64403&pid=crid://panorama.five.tv/versions/C5534360001A&start=2026-06-15T21:00:00+0000&duration=PT1H5M from server.
Fetching https://www.freeview.co.uk/api/program?sid=46&nid=64403&pid=crid://panorama.five.tv/versions/C5481470004B&start=2026-06-15T22:05:00+0000&duration=PT55M from server.
Fetching https://www.freeview.co.uk/api/program?sid=46&nid=64403&pid=crid://panorama.five.tv/versions/C5356900003A&start=2026-06-15T23:00:00+0000&duration=PT1H from server.
### Wanted 8460 
Fetching https://www.freeview.co.uk/api/program?sid=49&nid=64403&pid=crid://csi.digitaluk.co.uk/62bfc485-d42c-4b8e-a801-2e185c13fa09&start=2026-06-15T00:25:00+0000&duration=PT1H from server.
Fetching https://www.freeview.co.uk/api/program?sid=49&nid=64403&pid=crid://csi.digitaluk.co.uk/66b69ac7-bd01-4956-a1ac-69424b513e7b&start=2026-06-15T01:25:00+0000&duration=PT1H5M from server.
Fetching https://www.freeview.co.uk/api/program?sid=49&nid=64403&pid=crid://csi.digitaluk.co.uk/a9b88526-8469-495e-9609-d7868e30004d&start=2026-06-15T02:30:00+0000&duration=PT55M from server.
Fetching https://www.freeview.co.uk/api/program?sid=49&nid=64403&pid=crid://csi.digitaluk.co.uk/df4dc8b9-b9ef-4976-b594-153df196da85&start=2026-06-15T03:25:00+0000&duration=PT25M from server.
Fetching https://www.freeview.co.uk/api/program?sid=49&nid=64403&pid=crid://csi.digitaluk.co.uk/a8c21f25-074b-483a-a1bb-80ea5bc26efc&start=2026-06-15T03:50:00+0000&duration=PT2H10M from server.
Fetching https://www.freeview.co.uk/api/program?sid=49&nid=64403&pid=crid://csi.digitaluk.co.uk/c16f5dbc-2c3f-4c65-a427-80a5c2c0ac9b&start=2026-06-15T06:00:00+0000&duration=PT2H from server.
Fetching https://www.freeview.co.uk/api/program?sid=49&nid=64403&pid=crid://csi.digitaluk.co.uk/927a992e-b468-4ba2-9e66-9999b491fa9b&start=2026-06-15T08:00:00+0000&duration=PT1H from server.
Fetching https://www.freeview.co.uk/api/program?sid=49&nid=64403&pid=crid://csi.digitaluk.co.uk/3749b040-376b-431d-b0f5-8e72fc31efa6&start=2026-06-15T09:00:00+0000&duration=PT1H from server.
Fetching https://www.freeview.co.uk/api/program?sid=49&nid=64403&pid=crid://movida.bebanjo.net/mas/version/78538/010/ASDELIVERED/C&start=2026-06-15T10:00:00+0000&duration=PT1H from server.
Fetching https://www.freeview.co.uk/api/program?sid=49&nid=64403&pid=crid://csi.digitaluk.co.uk/01fa6378-682a-466b-be93-e284e204af25&start=2026-06-15T11:00:00+0000&duration=PT1H from server.
Fetching https://www.freeview.co.uk/api/program?sid=49&nid=64403&pid=crid://csi.digitaluk.co.uk/c1a57871-3c9f-48ae-ba29-5aacf4b4e01e&start=2026-06-15T12:00:00+0000&duration=PT1H from server.
Fetching https://www.freeview.co.uk/api/program?sid=49&nid=64403&pid=crid://csi.digitaluk.co.uk/df7431c0-e8bc-4af2-9a47-6cf73fd3bd75&start=2026-06-15T13:00:00+0000&duration=PT1H from server.
Fetching https://www.freeview.co.uk/api/program?sid=49&nid=64403&pid=crid://movida.bebanjo.net/mas/version/78170/005/ASDELIVERED/C&start=2026-06-15T14:00:00+0000&duration=PT1H from server.
Fetching https://www.freeview.co.uk/api/program?sid=49&nid=64403&pid=crid://csi.digitaluk.co.uk/b22952d8-afe6-44ea-93c2-231e77840b2c&start=2026-06-15T15:00:00+0000&duration=PT30M from server.
Fetching https://www.freeview.co.uk/api/program?sid=49&nid=64403&pid=crid://csi.digitaluk.co.uk/7330d4a2-5620-498a-be11-8f2018862c09&start=2026-06-15T15:30:00+0000&duration=PT30M from server.
Fetching https://www.freeview.co.uk/api/program?sid=49&nid=64403&pid=crid://csi.digitaluk.co.uk/4dab9ee3-7b18-4476-9342-43f67d1415cb&start=2026-06-15T16:00:00+0000&duration=PT30M from server.
Fetching https://www.freeview.co.uk/api/program?sid=49&nid=64403&pid=crid://csi.digitaluk.co.uk/459778e0-6f13-41a7-ae75-51cf6d10696b&start=2026-06-15T16:30:00+0000&duration=PT30M from server.
Fetching https://www.freeview.co.uk/api/program?sid=49&nid=64403&pid=crid://csi.digitaluk.co.uk/7f41be20-dc39-462d-b99a-07a96f21423d&start=2026-06-15T17:00:00+0000&duration=PT30M from server.
Fetching https://www.freeview.co.uk/api/program?sid=49&nid=64403&pid=crid://csi.digitaluk.co.uk/e9e3cce8-0bf6-4764-bf7d-511f1e5fe3ae&start=2026-06-15T17:30:00+0000&duration=PT30M from server.
Fetching https://www.freeview.co.uk/api/program?sid=49&nid=64403&pid=crid://csi.digitaluk.co.uk/a6f6977c-0229-4a6f-b8e8-0dd6e7513652&start=2026-06-15T18:00:00+0000&duration=PT1H from server.
Fetching https://www.freeview.co.uk/api/program?sid=49&nid=64403&pid=crid://movida.bebanjo.net/mas/version/76881/007/ASDELIVERED/C&start=2026-06-15T19:00:00+0000&duration=PT1H from server.
Fetching https://www.freeview.co.uk/api/program?sid=49&nid=64403&pid=crid://csi.digitaluk.co.uk/90d05e5c-0efa-474c-a001-47be41439c3a&start=2026-06-15T20:00:00+0000&duration=PT1H from server.
Fetching https://www.freeview.co.uk/api/program?sid=49&nid=64403&pid=crid://csi.digitaluk.co.uk/3447c288-d4da-4602-b830-eb44e053c7b5&start=2026-06-15T21:00:00+0000&duration=PT1H5M from server.
Fetching https://www.freeview.co.uk/api/program?sid=49&nid=64403&pid=crid://movida.bebanjo.net/mas/version/78253/014/ASDELIVERED/C&start=2026-06-15T22:05:00+0000&duration=PT1H5M from server.
Fetching https://www.freeview.co.uk/api/program?sid=49&nid=64403&pid=crid://movida.bebanjo.net/mas/version/78327/002/ASDELIVERED/C&start=2026-06-15T23:10:00+0000&duration=PT1H5M from server.
## Wanted 14384 
Fetching https://www.freeview.co.uk/api/program?sid=64&nid=64403&pid=crid://csi.digitaluk.co.uk/afd0e28b-5b96-4546-bfc2-3a6ab22c95fc&start=2026-06-15T00:00:00+0000&duration=PT30M from server.
Fetching https://www.freeview.co.uk/api/program?sid=64&nid=64403&pid=crid://csi.digitaluk.co.uk/544c2822-5b23-4921-ad61-6a968695e5ed&start=2026-06-15T00:30:00+0000&duration=PT30M from server.
Fetching https://www.freeview.co.uk/api/program?sid=64&nid=64403&pid=crid://csi.digitaluk.co.uk/4d30cd58-ae1c-4af6-b5fc-09b1f2143f0f&start=2026-06-15T01:00:00+0000&duration=PT1H from server.
Fetching https://www.freeview.co.uk/api/program?sid=64&nid=64403&pid=crid://csi.digitaluk.co.uk/51bbecfc-3ffa-46cf-93bb-77f6e03ea3c1&start=2026-06-15T02:00:00+0000&duration=PT1H from server.
Fetching https://www.freeview.co.uk/api/program?sid=64&nid=64403&pid=crid://csi.digitaluk.co.uk/efd92e46-7c0b-4bb1-9644-b7b653148e30&start=2026-06-15T03:00:00+0000&duration=PT1H from server.
Fetching https://www.freeview.co.uk/api/program?sid=64&nid=64403&pid=crid://csi.digitaluk.co.uk/134ade1c-7261-4164-b999-f52e967e39e8&start=2026-06-15T04:00:00+0000&duration=PT1H from server.
Fetching https://www.freeview.co.uk/api/program?sid=64&nid=64403&pid=crid://csi.digitaluk.co.uk/bfcdc3f8-6575-4c4d-9e3c-41d2e0a64682&start=2026-06-15T05:00:00+0000&duration=PT45M from server.
Fetching https://www.freeview.co.uk/api/program?sid=64&nid=64403&pid=crid://csi.digitaluk.co.uk/84b310c8-088b-4f4c-9572-5c94cd8aa132&start=2026-06-15T05:45:00+0000&duration=PT45M from server.
Fetching https://www.freeview.co.uk/api/program?sid=64&nid=64403&pid=crid://csi.digitaluk.co.uk/a36611d1-8360-4ce0-a76f-baa40681ac3a&start=2026-06-15T06:30:00+0000&duration=PT55M from server.
Fetching https://www.freeview.co.uk/api/program?sid=64&nid=64403&pid=crid://csi.digitaluk.co.uk/ea4459bc-b636-43b8-a644-d75ae23a0c18&start=2026-06-15T07:25:00+0000&duration=PT55M from server.
Fetching https://www.freeview.co.uk/api/program?sid=64&nid=64403&pid=crid://csi.digitaluk.co.uk/f83fac11-b7b5-45cd-bd30-e514082c7f91&start=2026-06-15T08:20:00+0000&duration=PT25M from server.
Fetching https://www.freeview.co.uk/api/program?sid=64&nid=64403&pid=crid://csi.digitaluk.co.uk/c99861d0-4a16-45b5-9d31-e1b516be98d0&start=2026-06-15T08:45:00+0000&duration=PT30M from server.
Fetching https://www.freeview.co.uk/api/program?sid=64&nid=64403&pid=crid://csi.digitaluk.co.uk/940c4a5d-6847-483d-8602-5b23e8e61a94&start=2026-06-15T09:15:00+0000&duration=PT25M from server.
Fetching https://www.freeview.co.uk/api/program?sid=64&nid=64403&pid=crid://csi.digitaluk.co.uk/5659a495-1f2b-4246-9011-b67936a5d82a&start=2026-06-15T09:40:00+0000&duration=PT30M from server.
Fetching https://www.freeview.co.uk/api/program?sid=64&nid=64403&pid=crid://csi.digitaluk.co.uk/6bc87bd3-04a7-4626-bd3b-25ff70f846ae&start=2026-06-15T10:10:00+0000&duration=PT30M from server.
Fetching https://www.freeview.co.uk/api/program?sid=64&nid=64403&pid=crid://csi.digitaluk.co.uk/19a28ef1-39ae-4fc0-bdab-d5d4d16a3046&start=2026-06-15T10:40:00+0000&duration=PT30M from server.
Fetching https://www.freeview.co.uk/api/program?sid=64&nid=64403&pid=crid://csi.digitaluk.co.uk/ecc28cfa-5194-4d59-8504-1fb0215f37a0&start=2026-06-15T11:10:00+0000&duration=PT25M from server.
Fetching https://www.freeview.co.uk/api/program?sid=64&nid=64403&pid=crid://csi.digitaluk.co.uk/456269d8-ff18-40a8-9491-bfebda20c60c&start=2026-06-15T11:35:00+0000&duration=PT30M from server.
Fetching https://www.freeview.co.uk/api/program?sid=64&nid=64403&pid=crid://csi.digitaluk.co.uk/37100c87-e812-4524-9136-731eb6e326c0&start=2026-06-15T12:05:00+0000&duration=PT1H from server.
Fetching https://www.freeview.co.uk/api/program?sid=64&nid=64403&pid=crid://csi.digitaluk.co.uk/91743a91-7a8d-4fa0-a4eb-a83f6b6e7d0b&start=2026-06-15T13:05:00+0000&duration=PT1H from server.
Fetching https://www.freeview.co.uk/api/program?sid=64&nid=64403&pid=crid://csi.digitaluk.co.uk/9b3dcfc7-fd11-451e-9338-a0cd1986b5ee&start=2026-06-15T14:05:00+0000&duration=PT1H from server.
Fetching https://www.freeview.co.uk/api/program?sid=64&nid=64403&pid=crid://csi.digitaluk.co.uk/f4d42cb2-66a4-40b5-9701-0e56121889f0&start=2026-06-15T15:05:00+0000&duration=PT55M from server.
Fetching https://www.freeview.co.uk/api/program?sid=64&nid=64403&pid=crid://csi.digitaluk.co.uk/78aca015-6bf0-4331-be64-02cbbd87724d&start=2026-06-15T16:00:00+0000&duration=PT1H from server.
Fetching https://www.freeview.co.uk/api/program?sid=64&nid=64403&pid=crid://csi.digitaluk.co.uk/db6dbab7-c9d3-4fa6-aa90-8e7b9e2b2390&start=2026-06-15T17:00:00+0000&duration=PT30M from server.
Fetching https://www.freeview.co.uk/api/program?sid=64&nid=64403&pid=crid://csi.digitaluk.co.uk/4f91f69e-02fe-46bf-a353-4c4924641e11&start=2026-06-15T17:30:00+0000&duration=PT30M from server.
Fetching https://www.freeview.co.uk/api/program?sid=64&nid=64403&pid=crid://csi.digitaluk.co.uk/b8e7adc9-1cf2-4194-8bbc-3273be356415&start=2026-06-15T18:00:00+0000&duration=PT30M from server.
Fetching https://www.freeview.co.uk/api/program?sid=64&nid=64403&pid=crid://csi.digitaluk.co.uk/2c15ac94-7fee-4a3f-aee1-04986b3f9fa3&start=2026-06-15T18:30:00+0000&duration=PT30M from server.
Fetching https://www.freeview.co.uk/api/program?sid=64&nid=64403&pid=crid://csi.digitaluk.co.uk/c397b8cf-3607-4f62-acb0-f7e977a19ee9&start=2026-06-15T19:00:00+0000&duration=PT1H from server.
Fetching https://www.freeview.co.uk/api/program?sid=64&nid=64403&pid=crid://csi.digitaluk.co.uk/a43e10ff-b0ea-4cdb-a7f4-52ddafdf777b&start=2026-06-15T20:00:00+0000&duration=PT1H from server.
Fetching https://www.freeview.co.uk/api/program?sid=64&nid=64403&pid=crid://csi.digitaluk.co.uk/d00d8437-3ae8-47d2-bbea-4ea7ef14115f&start=2026-06-15T21:00:00+0000&duration=PT1H from server.
Fetching https://www.freeview.co.uk/api/program?sid=64&nid=64403&pid=crid://csi.digitaluk.co.uk/ca948373-f005-46d0-9b48-05d6e2762efd&start=2026-06-15T22:00:00+0000&duration=PT1H from server.
Fetching https://www.freeview.co.uk/api/program?sid=64&nid=64403&pid=crid://csi.digitaluk.co.uk/80f690af-dd5e-4b0d-aa46-90a9c31fbfba&start=2026-06-15T23:00:00+0000&duration=PT1H from server.
### Wanted 17856 
Fetching https://www.freeview.co.uk/api/program?sid=103&nid=64403&pid=crid://csi.digitaluk.co.uk/10427234-22d8-483c-9e77-9f222ef60e39&start=2026-06-15T01:00:00+0000&duration=PT30M from server.
Fetching https://www.freeview.co.uk/api/program?sid=103&nid=64403&pid=crid://csi.digitaluk.co.uk/79de6ce3-0350-4ccb-be82-77e55245e484&start=2026-06-15T01:30:00+0000&duration=PT3H5M from server.
Fetching https://www.freeview.co.uk/api/program?sid=103&nid=64403&pid=crid://csi.digitaluk.co.uk/c5db8c42-9665-4142-95ae-aaf0fe78f699&start=2026-06-15T04:35:00+0000&duration=PT25M from server.
Fetching https://www.freeview.co.uk/api/program?sid=103&nid=64403&pid=crid://csi.digitaluk.co.uk/746184b1-ede1-4c3e-b06e-99127ea63a8b&start=2026-06-15T05:00:00+0000&duration=PT3H30M from server.
Fetching https://www.freeview.co.uk/api/program?sid=103&nid=64403&pid=crid://csi.digitaluk.co.uk/8f7abf1a-a859-45df-abfc-055964c76765&start=2026-06-15T08:30:00+0000&duration=PT30M from server.
Fetching https://www.freeview.co.uk/api/program?sid=103&nid=64403&pid=crid://csi.digitaluk.co.uk/5d2efb43-f7a9-41bf-80b4-af4d72f628c0&start=2026-06-15T09:00:00+0000&duration=PT2H30M from server.
Fetching https://www.freeview.co.uk/api/program?sid=103&nid=64403&pid=crid://csi.digitaluk.co.uk/d2e67bc1-066e-4109-98fe-b9799002343e&start=2026-06-15T11:30:00+0000&duration=PT1H from server.
Fetching https://www.freeview.co.uk/api/program?sid=103&nid=64403&pid=crid://csi.digitaluk.co.uk/fd1296bd-ba27-4399-9086-565ab96590c9&start=2026-06-15T12:30:00+0000&duration=PT25M from server.
Fetching https://www.freeview.co.uk/api/program?sid=103&nid=64403&pid=crid://csi.digitaluk.co.uk/a5f638f4-8f18-41b1-a51f-bb84ca8748d9&start=2026-06-15T12:55:00+0000&duration=PT5M from server.
Fetching https://www.freeview.co.uk/api/program?sid=103&nid=64403&pid=crid://csi.digitaluk.co.uk/55a191d2-2bd7-49ac-a037-80df6a455172&start=2026-06-15T13:00:00+0000&duration=PT1H from server.
Fetching https://www.freeview.co.uk/api/program?sid=103&nid=64403&pid=crid://csi.digitaluk.co.uk/c0dccfee-b7a7-408f-bde9-3b60bacc0cc0&start=2026-06-15T14:00:00+0000&duration=PT1H from server.
Fetching https://www.freeview.co.uk/api/program?sid=103&nid=64403&pid=crid://csi.digitaluk.co.uk/b5dd2c01-bcb8-4b42-9579-78c7629a5426&start=2026-06-15T15:00:00+0000&duration=PT3H35M from server.
Fetching https://www.freeview.co.uk/api/program?sid=103&nid=64403&pid=crid://csi.digitaluk.co.uk/82484480-ce36-467c-95aa-01f0088eeff2&start=2026-06-15T18:35:00+0000&duration=PT10M from server.
Fetching https://www.freeview.co.uk/api/program?sid=103&nid=64403&pid=crid://csi.digitaluk.co.uk/719e5778-c958-40bd-9f3e-99bf44250bf6&start=2026-06-15T18:45:00+0000&duration=PT15M from server.
Fetching https://www.freeview.co.uk/api/program?sid=103&nid=64403&pid=crid://www.stv.tv/programInformation/231763&start=2026-06-15T19:00:00+0000&duration=PT1H from server.
Fetching https://www.freeview.co.uk/api/program?sid=103&nid=64403&pid=crid://www.stv.tv/programInformation/231786&start=2026-06-15T20:00:00+0000&duration=PT1H from server.
Fetching https://www.freeview.co.uk/api/program?sid=103&nid=64403&pid=crid://csi.digitaluk.co.uk/cdfbbde4-cb6b-48c0-8b7d-26313ea67463&start=2026-06-15T21:00:00+0000&duration=PT5M from server.
Fetching https://www.freeview.co.uk/api/program?sid=103&nid=64403&pid=crid://csi.digitaluk.co.uk/9403717f-1602-4582-ae97-0d779910bde1&start=2026-06-15T21:05:00+0000&duration=PT10M from server.
Fetching https://www.freeview.co.uk/api/program?sid=103&nid=64403&pid=crid://csi.digitaluk.co.uk/e54bfd59-6c1a-4e35-8a08-a6df502ab370&start=2026-06-15T21:15:00+0000&duration=PT3H20M from server.
## Wanted 22080 
Fetching https://www.freeview.co.uk/api/program?sid=233&nid=64403&pid=crid://csi.digitaluk.co.uk/7ec4047f-6621-41a0-8465-2cfce7d94c0c&start=2026-06-15T00:00:00+0000&duration=PT1H from server.
Fetching https://www.freeview.co.uk/api/program?sid=233&nid=64403&pid=crid://csi.digitaluk.co.uk/7c0af357-a8d2-410d-94f4-c8f72710a2b0&start=2026-06-15T01:00:00+0000&duration=PT1H from server.
Fetching https://www.freeview.co.uk/api/program?sid=233&nid=64403&pid=crid://csi.digitaluk.co.uk/4e1da450-6afe-46c3-abd0-3926fe40dfe4&start=2026-06-15T02:00:00+0000&duration=PT1H from server.
Fetching https://www.freeview.co.uk/api/program?sid=233&nid=64403&pid=crid://csi.digitaluk.co.uk/8064f167-6003-46cb-bad4-1a11ae53ff6f&start=2026-06-15T03:00:00+0000&duration=PT1H from server.
Fetching https://www.freeview.co.uk/api/program?sid=233&nid=64403&pid=crid://csi.digitaluk.co.uk/f3fffffc-0d0a-43b6-89f4-1e22c16ccde1&start=2026-06-15T04:00:00+0000&duration=PT1H from server.
Fetching https://www.freeview.co.uk/api/program?sid=233&nid=64403&pid=crid://csi.digitaluk.co.uk/cdbe7536-ffb6-48fb-bfd9-136e428d0a51&start=2026-06-15T05:00:00+0000&duration=PT30M from server.
Fetching https://www.freeview.co.uk/api/program?sid=233&nid=64403&pid=crid://csi.digitaluk.co.uk/c4fed790-5a9d-48c0-b91d-9ef63461b3d5&start=2026-06-15T05:30:00+0000&duration=PT30M from server.
Fetching https://www.freeview.co.uk/api/program?sid=233&nid=64403&pid=crid://csi.digitaluk.co.uk/1eebe634-7c02-47e2-894c-b14046140518&start=2026-06-15T06:00:00+0000&duration=PT30M from server.
Fetching https://www.freeview.co.uk/api/program?sid=233&nid=64403&pid=crid://csi.digitaluk.co.uk/091ccb00-b32d-42d1-b31d-e6eba2ca15cc&start=2026-06-15T06:30:00+0000&duration=PT30M from server.
Fetching https://www.freeview.co.uk/api/program?sid=233&nid=64403&pid=crid://csi.digitaluk.co.uk/7a8fc33f-60d8-4e52-a15d-a524c28f13d3&start=2026-06-15T07:00:00+0000&duration=PT30M from server.
Fetching https://www.freeview.co.uk/api/program?sid=233&nid=64403&pid=crid://csi.digitaluk.co.uk/024e7e5f-c5c2-44eb-9460-c1c568c42bf7&start=2026-06-15T07:30:00+0000&duration=PT30M from server.
Fetching https://www.freeview.co.uk/api/program?sid=233&nid=64403&pid=crid://csi.digitaluk.co.uk/fe28af3a-2f0c-4084-b3ea-12266391acd7&start=2026-06-15T08:00:00+0000&duration=PT30M from server.
Fetching https://www.freeview.co.uk/api/program?sid=233&nid=64403&pid=crid://csi.digitaluk.co.uk/2ff8226f-8eed-4cab-9e25-af2f9de723a4&start=2026-06-15T08:30:00+0000&duration=PT30M from server.
Fetching https://www.freeview.co.uk/api/program?sid=233&nid=64403&pid=crid://csi.digitaluk.co.uk/a0a49b80-4216-413b-a522-ac15cad5f507&start=2026-06-15T09:00:00+0000&duration=PT30M from server.
Fetching https://www.freeview.co.uk/api/program?sid=233&nid=64403&pid=crid://csi.digitaluk.co.uk/d2b9846c-98de-4251-8c38-291e5a924911&start=2026-06-15T09:30:00+0000&duration=PT30M from server.
Fetching https://www.freeview.co.uk/api/program?sid=233&nid=64403&pid=crid://csi.digitaluk.co.uk/d3b3ae14-53ae-4546-a208-090bae8e6988&start=2026-06-15T10:00:00+0000&duration=PT30M from server.
Fetching https://www.freeview.co.uk/api/program?sid=233&nid=64403&pid=crid://csi.digitaluk.co.uk/2e385e5e-f4ad-4aa1-b509-f60943502c7f&start=2026-06-15T10:30:00+0000&duration=PT30M from server.
Fetching https://www.freeview.co.uk/api/program?sid=233&nid=64403&pid=crid://csi.digitaluk.co.uk/ea82193e-e147-4d7d-8f94-01b17cf3aa01&start=2026-06-15T11:00:00+0000&duration=PT30M from server.
Fetching https://www.freeview.co.uk/api/program?sid=233&nid=64403&pid=crid://csi.digitaluk.co.uk/c1c6333f-82ad-47ae-8276-4c9e4f9bbea4&start=2026-06-15T11:30:00+0000&duration=PT30M from server.
Fetching https://www.freeview.co.uk/api/program?sid=233&nid=64403&pid=crid://csi.digitaluk.co.uk/82f34bfc-3250-4083-ac3e-db5924f19e26&start=2026-06-15T12:00:00+0000&duration=PT30M from server.
Fetching https://www.freeview.co.uk/api/program?sid=233&nid=64403&pid=crid://csi.digitaluk.co.uk/217180aa-90ba-452d-b52c-c656c795e418&start=2026-06-15T12:30:00+0000&duration=PT30M from server.
Fetching https://www.freeview.co.uk/api/program?sid=233&nid=64403&pid=crid://csi.digitaluk.co.uk/b6dce0e7-0286-4f9c-8276-9eb43dab45f2&start=2026-06-15T13:00:00+0000&duration=PT30M from server.
Fetching https://www.freeview.co.uk/api/program?sid=233&nid=64403&pid=crid://csi.digitaluk.co.uk/089b9ea6-1f63-46e6-b443-4aa6f0de0f74&start=2026-06-15T13:30:00+0000&duration=PT30M from server.
Fetching https://www.freeview.co.uk/api/program?sid=233&nid=64403&pid=crid://csi.digitaluk.co.uk/62e20be8-dfe0-4860-9627-8528f26dc5e0&start=2026-06-15T14:00:00+0000&duration=PT30M from server.
Fetching https://www.freeview.co.uk/api/program?sid=233&nid=64403&pid=crid://csi.digitaluk.co.uk/e1946939-42ad-49e8-a349-99518bb7fe3a&start=2026-06-15T14:30:00+0000&duration=PT30M from server.
Fetching https://www.freeview.co.uk/api/program?sid=233&nid=64403&pid=crid://csi.digitaluk.co.uk/a6727bd7-a515-4d86-84fc-7a22c3c314fd&start=2026-06-15T15:00:00+0000&duration=PT30M from server.
Fetching https://www.freeview.co.uk/api/program?sid=233&nid=64403&pid=crid://csi.digitaluk.co.uk/44b87a20-0cfe-4fef-a2fa-5a43fa29f172&start=2026-06-15T15:30:00+0000&duration=PT30M from server.
Fetching https://www.freeview.co.uk/api/program?sid=233&nid=64403&pid=crid://csi.digitaluk.co.uk/a83b5e0d-5579-4256-9ad8-12571a88e677&start=2026-06-15T16:00:00+0000&duration=PT30M from server.
Fetching https://www.freeview.co.uk/api/program?sid=233&nid=64403&pid=crid://csi.digitaluk.co.uk/7a8347c2-e062-450f-80c1-1b4fedddbdab&start=2026-06-15T16:30:00+0000&duration=PT30M from server.
Fetching https://www.freeview.co.uk/api/program?sid=233&nid=64403&pid=crid://csi.digitaluk.co.uk/255b7aee-605c-4a17-a211-e7bb27942be5&start=2026-06-15T17:00:00+0000&duration=PT30M from server.
Fetching https://www.freeview.co.uk/api/program?sid=233&nid=64403&pid=crid://csi.digitaluk.co.uk/8c9143e4-d8d7-440a-9ea8-65ce782ae572&start=2026-06-15T17:30:00+0000&duration=PT30M from server.
Fetching https://www.freeview.co.uk/api/program?sid=233&nid=64403&pid=crid://csi.digitaluk.co.uk/27066f5b-e9a0-4cf2-8381-79d5bbec2c2d&start=2026-06-15T18:00:00+0000&duration=PT30M from server.
Fetching https://www.freeview.co.uk/api/program?sid=233&nid=64403&pid=crid://csi.digitaluk.co.uk/419b24ed-90ab-45a3-9b04-01bda97021c8&start=2026-06-15T18:30:00+0000&duration=PT30M from server.
Fetching https://www.freeview.co.uk/api/program?sid=233&nid=64403&pid=crid://csi.digitaluk.co.uk/c1eae7ac-e21a-4d0d-bdf7-4a50e3372d9f&start=2026-06-15T19:00:00+0000&duration=PT30M from server.
Fetching https://www.freeview.co.uk/api/program?sid=233&nid=64403&pid=crid://csi.digitaluk.co.uk/a0d10d3e-1afe-476f-826e-3a9896f2d69c&start=2026-06-15T19:30:00+0000&duration=PT30M from server.
Fetching https://www.freeview.co.uk/api/program?sid=233&nid=64403&pid=crid://csi.digitaluk.co.uk/3fece128-d7b4-4213-b62a-16861e593bac&start=2026-06-15T20:00:00+0000&duration=PT30M from server.
Fetching https://www.freeview.co.uk/api/program?sid=233&nid=64403&pid=crid://csi.digitaluk.co.uk/268385ac-222f-4c66-ba07-8c205a0b11b6&start=2026-06-15T20:30:00+0000&duration=PT30M from server.
Fetching https://www.freeview.co.uk/api/program?sid=233&nid=64403&pid=crid://csi.digitaluk.co.uk/aed7f37b-88d4-4216-bfa9-30cd577387bc&start=2026-06-15T21:00:00+0000&duration=PT30M from server.
Fetching https://www.freeview.co.uk/api/program?sid=233&nid=64403&pid=crid://csi.digitaluk.co.uk/bc662d1d-6aa8-429f-b0ed-2c2c18938fd8&start=2026-06-15T21:30:00+0000&duration=PT30M from server.
Fetching https://www.freeview.co.uk/api/program?sid=233&nid=64403&pid=crid://csi.digitaluk.co.uk/159c09fb-9e76-45ef-8df3-bf8639be4fc1&start=2026-06-15T22:00:00+0000&duration=PT30M from server.
Fetching https://www.freeview.co.uk/api/program?sid=233&nid=64403&pid=crid://csi.digitaluk.co.uk/613cf633-e9db-4426-a1c9-8aa9ab53adfa&start=2026-06-15T22:30:00+0000&duration=PT30M from server.
Fetching https://www.freeview.co.uk/api/program?sid=233&nid=64403&pid=crid://csi.digitaluk.co.uk/1142127f-58fb-4cc1-8c95-0e3985203b70&start=2026-06-15T23:00:00+0000&duration=PT1H from server.
###
