tv_grab_uk_freeview, 2026-06-14 22:59:18
----------------------------------------
getting list of channels:  URL= https://www.freeview.co.uk/api/channel-list?nid=64403 
Fetching https://www.freeview.co.uk/api/channel-list?nid=64403 from server.
##################################################
using cache '/home/runner/work/xmltv/xmltv/scripts//.xmltv/cache' 
using channel format 'number' 
using region id '64403' 
using icon ch string '?w=160' 
using icon pg string '?w=800' 
fetch 20 channels 
start/end grab: 1781913600 1782000000 
getting listings:  URL= https://www.freeview.co.uk/api/tv-guide?nid=64403&start=1781913600 
Fetching https://www.freeview.co.uk/api/tv-guide?nid=64403&start=1781913600 from server.
 Wanted 8384 
Fetching https://www.freeview.co.uk/api/program?sid=4&nid=64403&pid=crid://csi.enh.digitaluk.co.uk/e06b141d-a987-40b4-918d-74897dba15ae&start=2026-06-20T00:55:00+0000&duration=PT15M from server.
Fetching https://www.freeview.co.uk/api/program?sid=4&nid=64403&pid=crid://csi.enh.digitaluk.co.uk/3374aa57-c18c-4812-bbf4-796a7dec0e3c&start=2026-06-20T01:10:00+0000&duration=PT50M from server.
Fetching https://www.freeview.co.uk/api/program?sid=4&nid=64403&pid=crid://csi.enh.digitaluk.co.uk/89e60819-7346-4eac-af06-623f3269463e&start=2026-06-20T02:00:00+0000&duration=PT25M from server.
Fetching https://www.freeview.co.uk/api/program?sid=4&nid=64403&pid=crid://csi.enh.digitaluk.co.uk/cd9b16f3-4347-408c-b2f0-12ad51bc953b&start=2026-06-20T02:25:00+0000&duration=PT25M from server.
Fetching https://www.freeview.co.uk/api/program?sid=4&nid=64403&pid=crid://csi.enh.digitaluk.co.uk/16800177-2cb7-47c0-ad38-d53f92873fac&start=2026-06-20T02:50:00+0000&duration=PT30M from server.
Fetching https://www.freeview.co.uk/api/program?sid=4&nid=64403&pid=crid://csi.enh.digitaluk.co.uk/bc65b9a6-3c17-4a0d-abdb-7672d2d08700&start=2026-06-20T03:20:00+0000&duration=PT25M from server.
Fetching https://www.freeview.co.uk/api/program?sid=4&nid=64403&pid=crid://csi.enh.digitaluk.co.uk/2989f796-bb5b-4a37-9d33-49c3a3e48d1c&start=2026-06-20T03:45:00+0000&duration=PT25M from server.
Fetching https://www.freeview.co.uk/api/program?sid=4&nid=64403&pid=crid://csi.enh.digitaluk.co.uk/b3923ca2-56ef-41fa-86e1-4710e28c07f3&start=2026-06-20T04:10:00+0000&duration=PT55M from server.
Fetching https://www.freeview.co.uk/api/program?sid=4&nid=64403&pid=crid://csi.enh.digitaluk.co.uk/4746c84f-5c9c-4bad-a76e-a00656db6e73&start=2026-06-20T05:05:00+0000&duration=PT25M from server.
Fetching https://www.freeview.co.uk/api/program?sid=4&nid=64403&pid=crid://csi.enh.digitaluk.co.uk/561bd07c-4a26-4b88-b52e-d88c82cabcbe&start=2026-06-20T05:30:00+0000&duration=PT25M from server.
Fetching https://www.freeview.co.uk/api/program?sid=4&nid=64403&pid=crid://csi.enh.digitaluk.co.uk/48b3a206-2b40-4dc2-b9eb-2d6528788973&start=2026-06-20T05:55:00+0000&duration=PT25M from server.
Fetching https://www.freeview.co.uk/api/program?sid=4&nid=64403&pid=crid://csi.enh.digitaluk.co.uk/9d8594a8-c509-4aba-a240-abc729fd67f6&start=2026-06-20T06:20:00+0000&duration=PT25M from server.
Fetching https://www.freeview.co.uk/api/program?sid=4&nid=64403&pid=crid://csi.enh.digitaluk.co.uk/4b80a0dc-6713-4866-a901-35dd3dfc306f&start=2026-06-20T06:45:00+0000&duration=PT25M from server.
Fetching https://www.freeview.co.uk/api/program?sid=4&nid=64403&pid=crid://csi.enh.digitaluk.co.uk/8f035963-fb53-413e-aab5-c5bbee25d95c&start=2026-06-20T07:10:00+0000&duration=PT30M from server.
Fetching https://www.freeview.co.uk/api/program?sid=4&nid=64403&pid=crid://csi.enh.digitaluk.co.uk/fb039adf-63d2-4c30-851e-628f79c79f0c&start=2026-06-20T07:40:00+0000&duration=PT30M from server.
Fetching https://www.freeview.co.uk/api/program?sid=4&nid=64403&pid=crid://csi.enh.digitaluk.co.uk/eba69ad0-d4c3-49f9-83f6-bf28660ceef2&start=2026-06-20T08:10:00+0000&duration=PT30M from server.
Fetching https://www.freeview.co.uk/api/program?sid=4&nid=64403&pid=crid://csi.enh.digitaluk.co.uk/3a422650-3929-4347-8593-d5d015585752&start=2026-06-20T08:40:00+0000&duration=PT30M from server.
Fetching https://www.freeview.co.uk/api/program?sid=4&nid=64403&pid=crid://csi.enh.digitaluk.co.uk/82908ce0-23b2-4e94-8965-7d2acdd366a9&start=2026-06-20T09:10:00+0000&duration=PT30M from server.
Fetching https://www.freeview.co.uk/api/program?sid=4&nid=64403&pid=crid://csi.enh.digitaluk.co.uk/d8a6d0a3-a559-4a01-88cc-858f6386e67a&start=2026-06-20T09:40:00+0000&duration=PT30M from server.
Fetching https://www.freeview.co.uk/api/program?sid=4&nid=64403&pid=crid://csi.enh.digitaluk.co.uk/eb597621-4531-4716-ad34-de1996a37742&start=2026-06-20T10:10:00+0000&duration=PT30M from server.
Fetching https://www.freeview.co.uk/api/program?sid=4&nid=64403&pid=crid://csi.enh.digitaluk.co.uk/6a1de4be-19e6-4f2e-a1a6-b69ea2d3b74a&start=2026-06-20T10:40:00+0000&duration=PT30M from server.
Fetching https://www.freeview.co.uk/api/program?sid=4&nid=64403&pid=crid://csi.enh.digitaluk.co.uk/f8ad5a7f-2cfa-402e-a937-de05a0190050&start=2026-06-20T11:10:00+0000&duration=PT30M from server.
Fetching https://www.freeview.co.uk/api/program?sid=4&nid=64403&pid=crid://csi.enh.digitaluk.co.uk/8b79e9ee-71f2-4d18-afc8-846063031c8f&start=2026-06-20T11:40:00+0000&duration=PT30M from server.
Fetching https://www.freeview.co.uk/api/program?sid=4&nid=64403&pid=crid://csi.enh.digitaluk.co.uk/c21bbd60-78c8-4579-a52a-ceea19f5fb3e&start=2026-06-20T12:10:00+0000&duration=PT30M from server.
Fetching https://www.freeview.co.uk/api/program?sid=4&nid=64403&pid=crid://csi.enh.digitaluk.co.uk/b724c91a-8ec1-46b3-a045-9431bfd86704&start=2026-06-20T12:40:00+0000&duration=PT35M from server.
Fetching https://www.freeview.co.uk/api/program?sid=4&nid=64403&pid=crid://csi.enh.digitaluk.co.uk/aa271530-ac3b-493e-88a3-d59ea5856bbd&start=2026-06-20T13:15:00+0000&duration=PT35M from server.
Fetching https://www.freeview.co.uk/api/program?sid=4&nid=64403&pid=crid://csi.enh.digitaluk.co.uk/317a809c-672f-4b2e-8345-310b5ddd885b&start=2026-06-20T13:50:00+0000&duration=PT30M from server.
Fetching https://www.freeview.co.uk/api/program?sid=4&nid=64403&pid=crid://csi.enh.digitaluk.co.uk/c73a376c-0382-4476-8183-f25cd149f954&start=2026-06-20T14:20:00+0000&duration=PT1H from server.
Fetching https://www.freeview.co.uk/api/program?sid=4&nid=64403&pid=crid://csi.enh.digitaluk.co.uk/f021ca18-e2a2-4b10-bce9-eb110ccbd428&start=2026-06-20T15:20:00+0000&duration=PT1H5M from server.
Fetching https://www.freeview.co.uk/api/program?sid=4&nid=64403&pid=crid://csi.enh.digitaluk.co.uk/9e0eab85-3719-489f-8742-f56cb88aca95&start=2026-06-20T16:25:00+0000&duration=PT30M from server.
Fetching https://www.freeview.co.uk/api/program?sid=4&nid=64403&pid=crid://csi.enh.digitaluk.co.uk/7335d38c-be52-483f-8ecd-8fd0a043b477&start=2026-06-20T16:55:00+0000&duration=PT2H5M from server.
Fetching https://www.freeview.co.uk/api/program?sid=4&nid=64403&pid=crid://csi.enh.digitaluk.co.uk/81edbef8-3ca3-45a5-a5f6-3743d702836b&start=2026-06-20T19:00:00+0000&duration=PT1H35M from server.
Fetching https://www.freeview.co.uk/api/program?sid=4&nid=64403&pid=crid://csi.enh.digitaluk.co.uk/f9762e43-62d8-47c7-be6b-8ab29e77e8d0&start=2026-06-20T20:35:00+0000&duration=PT2H10M from server.
Fetching https://www.freeview.co.uk/api/program?sid=4&nid=64403&pid=crid://csi.enh.digitaluk.co.uk/4094952b-7b12-4d3d-aa2b-10a789b59326&start=2026-06-20T22:45:00+0000&duration=PT1H35M from server.
## Wanted 8500 
Fetching https://www.freeview.co.uk/api/program?sid=5&nid=64403&pid=crid://panorama.five.tv/versions/C5349600001A&start=2026-06-20T00:00:00+0000&duration=PT1H from server.
Fetching https://www.freeview.co.uk/api/program?sid=5&nid=64403&pid=crid://panorama.five.tv/versions/C5266540001A&start=2026-06-20T01:00:00+0000&duration=PT30M from server.
Fetching https://www.freeview.co.uk/api/program?sid=5&nid=64403&pid=crid://csi.digitaluk.co.uk/feafa119-5ad9-4f30-bb74-ff6e7326483f&start=2026-06-20T01:30:00+0000&duration=PT45M from server.
Fetching https://www.freeview.co.uk/api/program?sid=5&nid=64403&pid=crid://csi.digitaluk.co.uk/21ec9aa8-f9c4-49ce-9119-c22fd1e47bf8&start=2026-06-20T02:15:00+0000&duration=PT25M from server.
Fetching https://www.freeview.co.uk/api/program?sid=5&nid=64403&pid=crid://csi.digitaluk.co.uk/d77b904d-8889-4ea3-b763-9e97365b6236&start=2026-06-20T02:40:00+0000&duration=PT25M from server.
Fetching https://www.freeview.co.uk/api/program?sid=5&nid=64403&pid=crid://csi.digitaluk.co.uk/e9588202-e03f-45ae-9ed8-98b048d65215&start=2026-06-20T03:05:00+0000&duration=PT30M from server.
Fetching https://www.freeview.co.uk/api/program?sid=5&nid=64403&pid=crid://csi.digitaluk.co.uk/746ee23f-0bb9-4380-b7cd-8472b0cb36ea&start=2026-06-20T03:35:00+0000&duration=PT50M from server.
Fetching https://www.freeview.co.uk/api/program?sid=5&nid=64403&pid=crid://panorama.five.tv/versions/C5522700025A&start=2026-06-20T04:25:00+0000&duration=PT10M from server.
Fetching https://www.freeview.co.uk/api/program?sid=5&nid=64403&pid=crid://csi.digitaluk.co.uk/aee917b3-c1f3-428a-a170-a555eb70eedf&start=2026-06-20T04:35:00+0000&duration=PT15M from server.
Fetching https://www.freeview.co.uk/api/program?sid=5&nid=64403&pid=crid://csi.digitaluk.co.uk/ca8a01fa-6a39-443e-9749-22366b5c0235&start=2026-06-20T04:50:00+0000&duration=PT10M from server.
Fetching https://www.freeview.co.uk/api/program?sid=5&nid=64403&pid=crid://panorama.five.tv/versions/C5265570030A&start=2026-06-20T05:00:00+0000&duration=PT5M from server.
Fetching https://www.freeview.co.uk/api/program?sid=5&nid=64403&pid=crid://panorama.five.tv/versions/C5265570031A&start=2026-06-20T05:05:00+0000&duration=PT5M from server.
Fetching https://www.freeview.co.uk/api/program?sid=5&nid=64403&pid=crid://panorama.five.tv/versions/C5215080016A&start=2026-06-20T05:10:00+0000&duration=PT5M from server.
Fetching https://www.freeview.co.uk/api/program?sid=5&nid=64403&pid=crid://panorama.five.tv/versions/C5416540006A&start=2026-06-20T05:15:00+0000&duration=PT10M from server.
Fetching https://www.freeview.co.uk/api/program?sid=5&nid=64403&pid=crid://panorama.five.tv/versions/C5357220014A&start=2026-06-20T05:25:00+0000&duration=PT10M from server.
Fetching https://www.freeview.co.uk/api/program?sid=5&nid=64403&pid=crid://panorama.five.tv/versions/C5230730004A&start=2026-06-20T05:35:00+0000&duration=PT10M from server.
Fetching https://www.freeview.co.uk/api/program?sid=5&nid=64403&pid=crid://panorama.five.tv/versions/C5385600025A&start=2026-06-20T05:45:00+0000&duration=PT10M from server.
Fetching https://www.freeview.co.uk/api/program?sid=5&nid=64403&pid=crid://panorama.five.tv/versions/C5489560005A&start=2026-06-20T05:55:00+0000&duration=PT10M from server.
Fetching https://www.freeview.co.uk/api/program?sid=5&nid=64403&pid=crid://panorama.five.tv/versions/C5285620008A&start=2026-06-20T06:05:00+0000&duration=PT10M from server.
Fetching https://www.freeview.co.uk/api/program?sid=5&nid=64403&pid=crid://panorama.five.tv/versions/C5285620009A&start=2026-06-20T06:15:00+0000&duration=PT5M from server.
Fetching https://www.freeview.co.uk/api/program?sid=5&nid=64403&pid=crid://panorama.five.tv/versions/C5474560032A&start=2026-06-20T06:20:00+0000&duration=PT5M from server.
Fetching https://www.freeview.co.uk/api/program?sid=5&nid=64403&pid=crid://panorama.five.tv/versions/C5474560033A&start=2026-06-20T06:25:00+0000&duration=PT10M from server.
Fetching https://www.freeview.co.uk/api/program?sid=5&nid=64403&pid=crid://panorama.five.tv/versions/C5409020003A&start=2026-06-20T06:35:00+0000&duration=PT15M from server.
Fetching https://www.freeview.co.uk/api/program?sid=5&nid=64403&pid=crid://panorama.five.tv/versions/C5409020004A&start=2026-06-20T06:50:00+0000&duration=PT20M from server.
Fetching https://www.freeview.co.uk/api/program?sid=5&nid=64403&pid=crid://panorama.five.tv/versions/C5497620003A&start=2026-06-20T07:10:00+0000&duration=PT15M from server.
Fetching https://www.freeview.co.uk/api/program?sid=5&nid=64403&pid=crid://panorama.five.tv/versions/C5531680005A&start=2026-06-20T07:25:00+0000&duration=PT10M from server.
Fetching https://www.freeview.co.uk/api/program?sid=5&nid=64403&pid=crid://panorama.five.tv/versions/C5528860009A&start=2026-06-20T07:35:00+0000&duration=PT15M from server.
Fetching https://www.freeview.co.uk/api/program?sid=5&nid=64403&pid=crid://panorama.five.tv/versions/C5297180016A&start=2026-06-20T07:50:00+0000&duration=PT15M from server.
Fetching https://www.freeview.co.uk/api/program?sid=5&nid=64403&pid=crid://panorama.five.tv/versions/C5522700026A&start=2026-06-20T08:05:00+0000&duration=PT10M from server.
Fetching https://www.freeview.co.uk/api/program?sid=5&nid=64403&pid=crid://panorama.five.tv/versions/C5410260004A&start=2026-06-20T08:15:00+0000&duration=PT25M from server.
Fetching https://www.freeview.co.uk/api/program?sid=5&nid=64403&pid=crid://panorama.five.tv/versions/C5370220005A&start=2026-06-20T08:40:00+0000&duration=PT50M from server.
Fetching https://www.freeview.co.uk/api/program?sid=5&nid=64403&pid=crid://panorama.five.tv/versions/C5370220006A&start=2026-06-20T09:30:00+0000&duration=PT1H from server.
Fetching https://www.freeview.co.uk/api/program?sid=5&nid=64403&pid=crid://panorama.five.tv/versions/C5457920001B&start=2026-06-20T10:30:00+0000&duration=PT55M from server.
Fetching https://www.freeview.co.uk/api/program?sid=5&nid=64403&pid=crid://panorama.five.tv/versions/C5457920002B&start=2026-06-20T11:25:00+0000&duration=PT1H from server.
Fetching https://www.freeview.co.uk/api/program?sid=5&nid=64403&pid=crid://panorama.five.tv/versions/C5412280005A&start=2026-06-20T12:25:00+0000&duration=PT1H from server.
Fetching https://www.freeview.co.uk/api/program?sid=5&nid=64403&pid=crid://panorama.five.tv/versions/C5412280006A&start=2026-06-20T13:25:00+0000&duration=PT1H from server.
Fetching https://www.freeview.co.uk/api/program?sid=5&nid=64403&pid=crid://panorama.five.tv/versions/C5489620005A&start=2026-06-20T14:25:00+0000&duration=PT1H from server.
Fetching https://www.freeview.co.uk/api/program?sid=5&nid=64403&pid=crid://panorama.five.tv/versions/C5489620006A&start=2026-06-20T15:25:00+0000&duration=PT1H from server.
Fetching https://www.freeview.co.uk/api/program?sid=5&nid=64403&pid=crid://panorama.five.tv/versions/C5524420049A&start=2026-06-20T16:25:00+0000&duration=PT5M from server.
Fetching https://www.freeview.co.uk/api/program?sid=5&nid=64403&pid=crid://panorama.five.tv/versions/C5524580004A&start=2026-06-20T16:30:00+0000&duration=PT1H from server.
Fetching https://www.freeview.co.uk/api/program?sid=5&nid=64403&pid=crid://panorama.five.tv/versions/C5499570001B&start=2026-06-20T17:30:00+0000&duration=PT1H30M from server.
Fetching https://www.freeview.co.uk/api/program?sid=5&nid=64403&pid=crid://panorama.five.tv/versions/C5521340001A&start=2026-06-20T19:00:00+0000&duration=PT1H30M from server.
Fetching https://www.freeview.co.uk/api/program?sid=5&nid=64403&pid=crid://panorama.five.tv/versions/C5464520003B&start=2026-06-20T20:30:00+0000&duration=PT1H55M from server.
Fetching https://www.freeview.co.uk/api/program?sid=5&nid=64403&pid=crid://panorama.five.tv/versions/C5405940001B&start=2026-06-20T22:25:00+0000&duration=PT2H from server.
### Wanted 28000 
Fetching https://www.freeview.co.uk/api/program?sid=12&nid=64403&pid=crid://csi.digitaluk.co.uk/bb20e239-9ab1-4585-a132-7bacfbb72f0c&start=2026-06-20T00:00:00+0000&duration=PT1H from server.
Fetching https://www.freeview.co.uk/api/program?sid=12&nid=64403&pid=crid://csi.digitaluk.co.uk/bb8b8a0f-c4e8-416f-85b6-cd3cbac9aa96&start=2026-06-20T01:00:00+0000&duration=PT2H from server.
Fetching https://www.freeview.co.uk/api/program?sid=12&nid=64403&pid=crid://csi.digitaluk.co.uk/e8f95ba6-2ea0-4c3c-9379-2e0ce168ecfe&start=2026-06-20T03:00:00+0000&duration=PT1H from server.
Fetching https://www.freeview.co.uk/api/program?sid=12&nid=64403&pid=crid://csi.digitaluk.co.uk/a1f2aab7-336f-423d-b5ee-92711361953b&start=2026-06-20T04:00:00+0000&duration=PT1H from server.
Fetching https://www.freeview.co.uk/api/program?sid=12&nid=64403&pid=crid://csi.digitaluk.co.uk/816e0bc8-ea68-406f-805d-bf8df6f7ba48&start=2026-06-20T05:00:00+0000&duration=PT30M from server.
Fetching https://www.freeview.co.uk/api/program?sid=12&nid=64403&pid=crid://csi.digitaluk.co.uk/a6e20857-934f-4c9b-9c8d-c6edd13cf1c2&start=2026-06-20T05:30:00+0000&duration=PT30M from server.
Fetching https://www.freeview.co.uk/api/program?sid=12&nid=64403&pid=crid://csi.digitaluk.co.uk/3a55a35a-3778-4bc2-85f4-d5b52e4a35b5&start=2026-06-20T06:00:00+0000&duration=PT30M from server.
Fetching https://www.freeview.co.uk/api/program?sid=12&nid=64403&pid=crid://csi.digitaluk.co.uk/a94d19f5-1049-4ea3-b4fe-f81fa3b53f42&start=2026-06-20T06:30:00+0000&duration=PT30M from server.
Fetching https://www.freeview.co.uk/api/program?sid=12&nid=64403&pid=crid://csi.digitaluk.co.uk/c0d3dad1-11d5-4927-9c07-818295b74e67&start=2026-06-20T07:00:00+0000&duration=PT30M from server.
Fetching https://www.freeview.co.uk/api/program?sid=12&nid=64403&pid=crid://csi.digitaluk.co.uk/56b9a780-608f-46ce-b20a-d3b26019143c&start=2026-06-20T07:30:00+0000&duration=PT30M from server.
Fetching https://www.freeview.co.uk/api/program?sid=12&nid=64403&pid=crid://csi.digitaluk.co.uk/c3893db6-f8f0-4f7d-9635-44b8cbd5d158&start=2026-06-20T08:00:00+0000&duration=PT30M from server.
Fetching https://www.freeview.co.uk/api/program?sid=12&nid=64403&pid=crid://csi.digitaluk.co.uk/6a58ad8b-beac-493a-8682-07034adc4dfd&start=2026-06-20T08:30:00+0000&duration=PT30M from server.
Fetching https://www.freeview.co.uk/api/program?sid=12&nid=64403&pid=crid://csi.digitaluk.co.uk/08c4057a-900c-4219-bbec-f6b3c1cc9427&start=2026-06-20T09:00:00+0000&duration=PT30M from server.
Fetching https://www.freeview.co.uk/api/program?sid=12&nid=64403&pid=crid://csi.digitaluk.co.uk/fd9ec5c7-6f4d-4aae-9d4a-33495912e2bf&start=2026-06-20T09:30:00+0000&duration=PT30M from server.
Fetching https://www.freeview.co.uk/api/program?sid=12&nid=64403&pid=crid://csi.digitaluk.co.uk/dd775140-6f44-499a-a0d4-f24cb27021d6&start=2026-06-20T10:00:00+0000&duration=PT30M from server.
Fetching https://www.freeview.co.uk/api/program?sid=12&nid=64403&pid=crid://csi.digitaluk.co.uk/d5dec2e8-aa77-41af-a590-44900ee70a51&start=2026-06-20T10:30:00+0000&duration=PT30M from server.
Fetching https://www.freeview.co.uk/api/program?sid=12&nid=64403&pid=crid://csi.digitaluk.co.uk/cc3cd844-d5d7-47ab-8e9c-20a7cc895ceb&start=2026-06-20T11:00:00+0000&duration=PT30M from server.
Fetching https://www.freeview.co.uk/api/program?sid=12&nid=64403&pid=crid://csi.digitaluk.co.uk/169d49e0-0b83-42ee-885a-459438da87c8&start=2026-06-20T11:30:00+0000&duration=PT30M from server.
Fetching https://www.freeview.co.uk/api/program?sid=12&nid=64403&pid=crid://csi.digitaluk.co.uk/3560a216-b683-411d-b466-17d24503aa96&start=2026-06-20T12:00:00+0000&duration=PT30M from server.
Fetching https://www.freeview.co.uk/api/program?sid=12&nid=64403&pid=crid://csi.digitaluk.co.uk/9eb58429-1e8a-40ee-8383-8c4cf63779b0&start=2026-06-20T12:30:00+0000&duration=PT30M from server.
Fetching https://www.freeview.co.uk/api/program?sid=12&nid=64403&pid=crid://csi.digitaluk.co.uk/43b8cdfd-ed7f-4a2a-85fb-7e5781976df7&start=2026-06-20T13:00:00+0000&duration=PT30M from server.
Fetching https://www.freeview.co.uk/api/program?sid=12&nid=64403&pid=crid://csi.digitaluk.co.uk/02f6c87a-01f5-40ea-b787-1855d1b5c118&start=2026-06-20T13:30:00+0000&duration=PT30M from server.
Fetching https://www.freeview.co.uk/api/program?sid=12&nid=64403&pid=crid://csi.digitaluk.co.uk/6c45c629-48d9-4e73-9ce1-c0f829853ffb&start=2026-06-20T14:00:00+0000&duration=PT30M from server.
Fetching https://www.freeview.co.uk/api/program?sid=12&nid=64403&pid=crid://csi.digitaluk.co.uk/9f23eac6-626c-4e38-aec1-68e67bc4996b&start=2026-06-20T14:30:00+0000&duration=PT30M from server.
Fetching https://www.freeview.co.uk/api/program?sid=12&nid=64403&pid=crid://csi.digitaluk.co.uk/4938d482-d7d2-42b7-bde0-0242a711c008&start=2026-06-20T15:00:00+0000&duration=PT30M from server.
Fetching https://www.freeview.co.uk/api/program?sid=12&nid=64403&pid=crid://csi.digitaluk.co.uk/6d0ba042-cd82-4ad8-a2b3-83bd998fad74&start=2026-06-20T15:30:00+0000&duration=PT30M from server.
Fetching https://www.freeview.co.uk/api/program?sid=12&nid=64403&pid=crid://csi.digitaluk.co.uk/0fea976c-8621-4faa-ad76-5ed74cfc1226&start=2026-06-20T16:00:00+0000&duration=PT30M from server.
Fetching https://www.freeview.co.uk/api/program?sid=12&nid=64403&pid=crid://csi.digitaluk.co.uk/252714db-4ec1-4200-ba70-483e92e6d064&start=2026-06-20T16:30:00+0000&duration=PT30M from server.
Fetching https://www.freeview.co.uk/api/program?sid=12&nid=64403&pid=crid://csi.digitaluk.co.uk/f3897af5-1e2e-4960-a7c6-c92de489fa7e&start=2026-06-20T17:00:00+0000&duration=PT30M from server.
Fetching https://www.freeview.co.uk/api/program?sid=12&nid=64403&pid=crid://csi.digitaluk.co.uk/c48328fc-3ee2-4857-8bda-943d7ad577c1&start=2026-06-20T17:30:00+0000&duration=PT30M from server.
Fetching https://www.freeview.co.uk/api/program?sid=12&nid=64403&pid=crid://csi.digitaluk.co.uk/d416f46b-2afb-4cba-b69f-4cff9c2afd29&start=2026-06-20T18:00:00+0000&duration=PT30M from server.
Fetching https://www.freeview.co.uk/api/program?sid=12&nid=64403&pid=crid://csi.digitaluk.co.uk/76a1cb72-cfed-447f-83b8-91a599a7ad49&start=2026-06-20T18:30:00+0000&duration=PT30M from server.
Fetching https://www.freeview.co.uk/api/program?sid=12&nid=64403&pid=crid://csi.digitaluk.co.uk/dd56d433-1c72-4ce3-8a2d-ec7bc1686791&start=2026-06-20T19:00:00+0000&duration=PT30M from server.
Fetching https://www.freeview.co.uk/api/program?sid=12&nid=64403&pid=crid://csi.digitaluk.co.uk/908afd31-e5d8-489f-a269-b48348c0763a&start=2026-06-20T19:30:00+0000&duration=PT30M from server.
Fetching https://www.freeview.co.uk/api/program?sid=12&nid=64403&pid=crid://csi.digitaluk.co.uk/fe424ebd-6568-4d9d-809f-1a77ec747894&start=2026-06-20T20:00:00+0000&duration=PT1H from server.
Fetching https://www.freeview.co.uk/api/program?sid=12&nid=64403&pid=crid://csi.digitaluk.co.uk/5643ef2f-e447-4b85-ad58-118e1c6e8fa4&start=2026-06-20T21:00:00+0000&duration=PT1H from server.
Fetching https://www.freeview.co.uk/api/program?sid=12&nid=64403&pid=crid://csi.digitaluk.co.uk/06332a04-e6dc-47de-8442-af16ed410fe3&start=2026-06-20T22:00:00+0000&duration=PT1H from server.
Fetching https://www.freeview.co.uk/api/program?sid=12&nid=64403&pid=crid://csi.digitaluk.co.uk/ce726f78-0638-4d0e-b946-40aae6be88b5&start=2026-06-20T23:00:00+0000&duration=PT30M from server.
Fetching https://www.freeview.co.uk/api/program?sid=12&nid=64403&pid=crid://csi.digitaluk.co.uk/01f8e7b2-32e2-443d-b9e7-17fff63b252e&start=2026-06-20T23:30:00+0000&duration=PT30M from server.
## Wanted 8448 
Fetching https://www.freeview.co.uk/api/program?sid=13&nid=64403&pid=crid://csi.enh.digitaluk.co.uk/ff18dda3-228b-4a8d-8279-fab6676036ef&start=2026-06-20T00:10:00+0000&duration=PT1H from server.
Fetching https://www.freeview.co.uk/api/program?sid=13&nid=64403&pid=crid://movida.bebanjo.net/mas/version/79370/010/POST2000/C&start=2026-06-20T01:10:00+0000&duration=PT50M from server.
Fetching https://www.freeview.co.uk/api/program?sid=13&nid=64403&pid=crid://csi.enh.digitaluk.co.uk/f0253b2f-d1b1-46c3-8493-0a80ddc29d65&start=2026-06-20T02:00:00+0000&duration=PT25M from server.
Fetching https://www.freeview.co.uk/api/program?sid=13&nid=64403&pid=crid://csi.enh.digitaluk.co.uk/ff9c4340-b2f8-498d-b0f3-f1ae7092e079&start=2026-06-20T02:25:00+0000&duration=PT25M from server.
Fetching https://www.freeview.co.uk/api/program?sid=13&nid=64403&pid=crid://csi.enh.digitaluk.co.uk/4dfead20-bb68-40d3-b596-b776707fcebc&start=2026-06-20T02:50:00+0000&duration=PT20M from server.
Fetching https://www.freeview.co.uk/api/program?sid=13&nid=64403&pid=crid://csi.enh.digitaluk.co.uk/cc78e1a5-e5b6-4e84-ab8c-92c3888d4997&start=2026-06-20T03:10:00+0000&duration=PT25M from server.
Fetching https://www.freeview.co.uk/api/program?sid=13&nid=64403&pid=crid://csi.enh.digitaluk.co.uk/bcc23594-9dd6-4c89-9555-22a2d1f6b9cd&start=2026-06-20T03:35:00+0000&duration=PT1H25M from server.
Fetching https://www.freeview.co.uk/api/program?sid=13&nid=64403&pid=crid://csi.enh.digitaluk.co.uk/6df63e04-7683-4120-bef2-76c0ecdc1eb9&start=2026-06-20T05:00:00+0000&duration=PT1H10M from server.
Fetching https://www.freeview.co.uk/api/program?sid=13&nid=64403&pid=crid://csi.enh.digitaluk.co.uk/023d8456-e8ba-4891-babc-757ca4c9dd5e&start=2026-06-20T06:10:00+0000&duration=PT10M from server.
Fetching https://www.freeview.co.uk/api/program?sid=13&nid=64403&pid=crid://movida.bebanjo.net/mas/version/78830/002/ALLTIMES/C&start=2026-06-20T06:20:00+0000&duration=PT1H10M from server.
Fetching https://www.freeview.co.uk/api/program?sid=13&nid=64403&pid=crid://csi.enh.digitaluk.co.uk/180065a1-1dc1-4b8b-98f4-c58a313916ad&start=2026-06-20T07:30:00+0000&duration=PT1H from server.
Fetching https://www.freeview.co.uk/api/program?sid=13&nid=64403&pid=crid://csi.digitaluk.co.uk/b8f909d6-6e2a-4dc2-8b33-decffab24b03&start=2026-06-20T08:30:00+0000&duration=PT1H from server.
Fetching https://www.freeview.co.uk/api/program?sid=13&nid=64403&pid=crid://csi.enh.digitaluk.co.uk/86021a32-d1fa-4a77-a193-4805c87fe43b&start=2026-06-20T09:30:00+0000&duration=PT1H from server.
Fetching https://www.freeview.co.uk/api/program?sid=13&nid=64403&pid=crid://csi.enh.digitaluk.co.uk/730d0520-f3ad-4560-a0d2-1436579c5c63&start=2026-06-20T10:30:00+0000&duration=PT1H from server.
Fetching https://www.freeview.co.uk/api/program?sid=13&nid=64403&pid=crid://csi.enh.digitaluk.co.uk/34d5ae97-1b52-4d5c-9ee3-ad0d7dbb74fe&start=2026-06-20T11:30:00+0000&duration=PT30M from server.
Fetching https://www.freeview.co.uk/api/program?sid=13&nid=64403&pid=crid://csi.enh.digitaluk.co.uk/1638ec77-edde-48b2-b8ed-317c620dc77a&start=2026-06-20T12:00:00+0000&duration=PT30M from server.
Fetching https://www.freeview.co.uk/api/program?sid=13&nid=64403&pid=crid://csi.enh.digitaluk.co.uk/bc0d1a83-d01b-42fd-a5ee-f937bb666319&start=2026-06-20T12:30:00+0000&duration=PT30M from server.
Fetching https://www.freeview.co.uk/api/program?sid=13&nid=64403&pid=crid://csi.enh.digitaluk.co.uk/a1e13d44-bef6-4894-820c-cb51dc4c3c01&start=2026-06-20T13:00:00+0000&duration=PT30M from server.
Fetching https://www.freeview.co.uk/api/program?sid=13&nid=64403&pid=crid://csi.enh.digitaluk.co.uk/06be9df4-0b7e-4608-a878-8af8fd97545d&start=2026-06-20T13:30:00+0000&duration=PT30M from server.
Fetching https://www.freeview.co.uk/api/program?sid=13&nid=64403&pid=crid://csi.enh.digitaluk.co.uk/9359b9d0-1811-4526-ab97-8353418393f0&start=2026-06-20T14:00:00+0000&duration=PT30M from server.
Fetching https://www.freeview.co.uk/api/program?sid=13&nid=64403&pid=crid://csi.enh.digitaluk.co.uk/bf79d329-6aa1-4125-86d8-bd35bf192620&start=2026-06-20T14:30:00+0000&duration=PT30M from server.
Fetching https://www.freeview.co.uk/api/program?sid=13&nid=64403&pid=crid://csi.enh.digitaluk.co.uk/acdf3cfb-95d6-44b3-925e-b83f019ab38d&start=2026-06-20T15:00:00+0000&duration=PT30M from server.
Fetching https://www.freeview.co.uk/api/program?sid=13&nid=64403&pid=crid://csi.enh.digitaluk.co.uk/cd694dbb-2b8d-40f4-a77e-e8ba8f6ea300&start=2026-06-20T15:30:00+0000&duration=PT30M from server.
Fetching https://www.freeview.co.uk/api/program?sid=13&nid=64403&pid=crid://csi.enh.digitaluk.co.uk/bc9b2751-4c51-4f23-8f65-cbff4fb6c24e&start=2026-06-20T16:00:00+0000&duration=PT30M from server.
Fetching https://www.freeview.co.uk/api/program?sid=13&nid=64403&pid=crid://csi.enh.digitaluk.co.uk/b0c14206-3b4f-4c7e-a15b-8f978251efc6&start=2026-06-20T16:30:00+0000&duration=PT30M from server.
Fetching https://www.freeview.co.uk/api/program?sid=13&nid=64403&pid=crid://csi.enh.digitaluk.co.uk/a308ccd7-8407-48ff-89cf-7c02ed510ece&start=2026-06-20T17:00:00+0000&duration=PT2H from server.
Fetching https://www.freeview.co.uk/api/program?sid=13&nid=64403&pid=crid://csi.enh.digitaluk.co.uk/646468e0-a17c-4b84-b8d4-bac12ba2d801&start=2026-06-20T19:00:00+0000&duration=PT1H from server.
Fetching https://www.freeview.co.uk/api/program?sid=13&nid=64403&pid=crid://csi.enh.digitaluk.co.uk/5d768720-f922-437e-b8d2-31cea6a5a1e9&start=2026-06-20T20:00:00+0000&duration=PT1H from server.
Fetching https://www.freeview.co.uk/api/program?sid=13&nid=64403&pid=crid://csi.enh.digitaluk.co.uk/1bbd563b-0c7d-4f6a-994d-fbb3b3dc707f&start=2026-06-20T21:00:00+0000&duration=PT1H5M from server.
Fetching https://www.freeview.co.uk/api/program?sid=13&nid=64403&pid=crid://csi.enh.digitaluk.co.uk/6773152d-591b-40e8-94ce-4ce9c7eb633d&start=2026-06-20T22:05:00+0000&duration=PT1H from server.
Fetching https://www.freeview.co.uk/api/program?sid=13&nid=64403&pid=crid://csi.enh.digitaluk.co.uk/2a82aeb3-c395-460e-818d-b9804ba90756&start=2026-06-20T23:05:00+0000&duration=PT1H from server.
### Wanted 8385 
Fetching https://www.freeview.co.uk/api/program?sid=14&nid=64403&pid=crid://movida.bebanjo.net/mas/version/27768/001/POST2200/C&start=2026-06-20T00:10:00+0000&duration=PT2H5M from server.
Fetching https://www.freeview.co.uk/api/program?sid=14&nid=64403&pid=crid://csi.enh.digitaluk.co.uk/993f46b2-bca1-41d5-8ba8-ba2301c7c093&start=2026-06-20T02:15:00+0000&duration=PT3H45M from server.
Fetching https://www.freeview.co.uk/api/program?sid=14&nid=64403&pid=crid://csi.enh.digitaluk.co.uk/c4353060-e80f-458c-9b7b-0d18836ebf7b&start=2026-06-20T06:00:00+0000&duration=PT4H from server.
Fetching https://www.freeview.co.uk/api/program?sid=14&nid=64403&pid=crid://movida.bebanjo.net/mas/version/37644/001/ALLTIMESSWC/C&start=2026-06-20T10:00:00+0000&duration=PT1H50M from server.
Fetching https://www.freeview.co.uk/api/program?sid=14&nid=64403&pid=crid://csi.enh.digitaluk.co.uk/440d497c-1c7d-4f3d-bc4f-08955e264e52&start=2026-06-20T11:50:00+0000&duration=PT1H50M from server.
Fetching https://www.freeview.co.uk/api/program?sid=14&nid=64403&pid=crid://csi.enh.digitaluk.co.uk/22714bb9-902d-409c-803b-a9e209a734c5&start=2026-06-20T13:40:00+0000&duration=PT2H10M from server.
Fetching https://www.freeview.co.uk/api/program?sid=14&nid=64403&pid=crid://csi.enh.digitaluk.co.uk/e0975e35-e764-4250-993d-ec64a84de9a4&start=2026-06-20T15:50:00+0000&duration=PT2H5M from server.
Fetching https://www.freeview.co.uk/api/program?sid=14&nid=64403&pid=crid://csi.enh.digitaluk.co.uk/89070711-d7e7-4f76-9bb8-f32d78b5a648&start=2026-06-20T17:55:00+0000&duration=PT2H5M from server.
Fetching https://www.freeview.co.uk/api/program?sid=14&nid=64403&pid=crid://csi.enh.digitaluk.co.uk/207b023e-f3bc-44e0-84fa-5de4da3ed6c7&start=2026-06-20T20:00:00+0000&duration=PT3H5M from server.
Fetching https://www.freeview.co.uk/api/program?sid=14&nid=64403&pid=crid://csi.enh.digitaluk.co.uk/d3bcecac-66cf-4818-8849-be8032ec0f77&start=2026-06-20T23:05:00+0000&duration=PT2H10M from server.
## Wanted 27328 
Fetching https://www.freeview.co.uk/api/program?sid=17&nid=64403&pid=crid://csi.digitaluk.co.uk/db2dc0cb-1963-42ef-93df-deb228a54ec0&start=2026-06-20T00:00:00+0000&duration=PT1H from server.
Fetching https://www.freeview.co.uk/api/program?sid=17&nid=64403&pid=crid://csi.digitaluk.co.uk/cf28abc6-b100-44f1-80ce-678ce12e2086&start=2026-06-20T01:00:00+0000&duration=PT1H from server.
Fetching https://www.freeview.co.uk/api/program?sid=17&nid=64403&pid=crid://csi.digitaluk.co.uk/dd207d1e-9ab2-48d6-8abc-214482849617&start=2026-06-20T02:00:00+0000&duration=PT1H from server.
Fetching https://www.freeview.co.uk/api/program?sid=17&nid=64403&pid=crid://csi.digitaluk.co.uk/38a51306-8fa5-4fb0-b817-89c42cdeba76&start=2026-06-20T03:00:00+0000&duration=PT30M from server.
Fetching https://www.freeview.co.uk/api/program?sid=17&nid=64403&pid=crid://csi.digitaluk.co.uk/47a0e2df-08a2-4394-8bc8-5e1394a3b82c&start=2026-06-20T03:30:00+0000&duration=PT30M from server.
Fetching https://www.freeview.co.uk/api/program?sid=17&nid=64403&pid=crid://csi.digitaluk.co.uk/93ccfa89-0d2a-47a6-9330-8e62b5b71cc9&start=2026-06-20T04:00:00+0000&duration=PT30M from server.
Fetching https://www.freeview.co.uk/api/program?sid=17&nid=64403&pid=crid://csi.digitaluk.co.uk/e8af720d-3892-4243-a782-b38d78fedddd&start=2026-06-20T04:30:00+0000&duration=PT30M from server.
Fetching https://www.freeview.co.uk/api/program?sid=17&nid=64403&pid=crid://csi.digitaluk.co.uk/8f5ab75e-6108-43f5-b960-45b2da5165e1&start=2026-06-20T05:00:00+0000&duration=PT30M from server.
Fetching https://www.freeview.co.uk/api/program?sid=17&nid=64403&pid=crid://csi.digitaluk.co.uk/451921f0-36c6-41e4-9648-41cae745e85f&start=2026-06-20T05:30:00+0000&duration=PT30M from server.
Fetching https://www.freeview.co.uk/api/program?sid=17&nid=64403&pid=crid://csi.digitaluk.co.uk/f22967b3-0f8c-490a-8307-1ebab5bdea2b&start=2026-06-20T06:00:00+0000&duration=PT30M from server.
Fetching https://www.freeview.co.uk/api/program?sid=17&nid=64403&pid=crid://csi.digitaluk.co.uk/37d2a88c-aa21-4cc6-83c7-015d6bbd9fe3&start=2026-06-20T06:30:00+0000&duration=PT30M from server.
Fetching https://www.freeview.co.uk/api/program?sid=17&nid=64403&pid=crid://csi.digitaluk.co.uk/3948fd31-9959-43b9-b98e-4515f3c63ba6&start=2026-06-20T07:00:00+0000&duration=PT1H from server.
Fetching https://www.freeview.co.uk/api/program?sid=17&nid=64403&pid=crid://csi.digitaluk.co.uk/c4c971ca-ef6d-4fcc-b2fd-525dbf4302ab&start=2026-06-20T08:00:00+0000&duration=PT1H from server.
Fetching https://www.freeview.co.uk/api/program?sid=17&nid=64403&pid=crid://csi.digitaluk.co.uk/fa686090-f4ac-4566-bef9-b7b5a7e173a9&start=2026-06-20T09:00:00+0000&duration=PT1H from server.
Fetching https://www.freeview.co.uk/api/program?sid=17&nid=64403&pid=crid://csi.digitaluk.co.uk/bec730ab-c8fd-4827-b270-671f51dcc083&start=2026-06-20T10:00:00+0000&duration=PT30M from server.
Fetching https://www.freeview.co.uk/api/program?sid=17&nid=64403&pid=crid://csi.digitaluk.co.uk/c53baeeb-9a9f-4fc9-b79f-6c960ce0d85a&start=2026-06-20T10:30:00+0000&duration=PT30M from server.
Fetching https://www.freeview.co.uk/api/program?sid=17&nid=64403&pid=crid://csi.digitaluk.co.uk/52554acf-37d3-451b-b64e-45cd947c20ba&start=2026-06-20T11:00:00+0000&duration=PT1H from server.
Fetching https://www.freeview.co.uk/api/program?sid=17&nid=64403&pid=crid://csi.digitaluk.co.uk/ba280987-9f8c-490d-a16b-94d5e7dbdcdc&start=2026-06-20T12:00:00+0000&duration=PT1H from server.
Fetching https://www.freeview.co.uk/api/program?sid=17&nid=64403&pid=crid://csi.digitaluk.co.uk/0cc0d4b4-7f78-4727-9241-23b49499cd09&start=2026-06-20T13:00:00+0000&duration=PT1H from server.
Fetching https://www.freeview.co.uk/api/program?sid=17&nid=64403&pid=crid://csi.digitaluk.co.uk/52581a7a-1811-4624-941b-0fab83a84f33&start=2026-06-20T14:00:00+0000&duration=PT1H from server.
Fetching https://www.freeview.co.uk/api/program?sid=17&nid=64403&pid=crid://csi.digitaluk.co.uk/e2b1fb4d-dc4d-4a28-824e-46e59a1a3acb&start=2026-06-20T15:00:00+0000&duration=PT1H from server.
Fetching https://www.freeview.co.uk/api/program?sid=17&nid=64403&pid=crid://csi.digitaluk.co.uk/1f66b8e1-eaa1-4970-9426-dda44ed51af0&start=2026-06-20T16:00:00+0000&duration=PT1H from server.
Fetching https://www.freeview.co.uk/api/program?sid=17&nid=64403&pid=crid://csi.digitaluk.co.uk/09b09338-5e5e-41ce-9a79-2670dde904ef&start=2026-06-20T17:00:00+0000&duration=PT30M from server.
Fetching https://www.freeview.co.uk/api/program?sid=17&nid=64403&pid=crid://csi.digitaluk.co.uk/bf01128c-cfb6-46f7-adbf-a072d568a501&start=2026-06-20T17:30:00+0000&duration=PT30M from server.
Fetching https://www.freeview.co.uk/api/program?sid=17&nid=64403&pid=crid://csi.digitaluk.co.uk/f5ed32ff-28b2-497b-b48e-365062f8d9a9&start=2026-06-20T18:00:00+0000&duration=PT30M from server.
Fetching https://www.freeview.co.uk/api/program?sid=17&nid=64403&pid=crid://csi.digitaluk.co.uk/47bb80df-c257-4150-bb2b-5dbc9c049384&start=2026-06-20T18:30:00+0000&duration=PT30M from server.
Fetching https://www.freeview.co.uk/api/program?sid=17&nid=64403&pid=crid://csi.digitaluk.co.uk/f521b99e-f264-4635-ab95-3976c0de64ce&start=2026-06-20T19:00:00+0000&duration=PT30M from server.
Fetching https://www.freeview.co.uk/api/program?sid=17&nid=64403&pid=crid://csi.digitaluk.co.uk/2c021eff-2572-4883-97c0-ca1e174693f0&start=2026-06-20T19:30:00+0000&duration=PT30M from server.
Fetching https://www.freeview.co.uk/api/program?sid=17&nid=64403&pid=crid://csi.digitaluk.co.uk/1ac25f82-6284-4031-a864-3573b36cadc1&start=2026-06-20T20:00:00+0000&duration=PT1H from server.
Fetching https://www.freeview.co.uk/api/program?sid=17&nid=64403&pid=crid://csi.digitaluk.co.uk/300b13a7-2244-44ae-a6b3-e7f6783bd07b&start=2026-06-20T21:00:00+0000&duration=PT1H from server.
Fetching https://www.freeview.co.uk/api/program?sid=17&nid=64403&pid=crid://csi.digitaluk.co.uk/699c9438-9235-4751-a07b-ae2a847d992f&start=2026-06-20T22:00:00+0000&duration=PT1H from server.
Fetching https://www.freeview.co.uk/api/program?sid=17&nid=64403&pid=crid://csi.digitaluk.co.uk/d30a9438-6466-4306-a493-c9d7880b3e18&start=2026-06-20T23:00:00+0000&duration=PT1H from server.
### Wanted 8442 
Fetching https://www.freeview.co.uk/api/program?sid=18&nid=64403&pid=crid://csi.enh.digitaluk.co.uk/be33b40c-86ec-4e46-8207-99dc49be139e&start=2026-06-20T00:05:00+0000&duration=PT1H5M from server.
Fetching https://www.freeview.co.uk/api/program?sid=18&nid=64403&pid=crid://csi.enh.digitaluk.co.uk/6efb2f7b-ed04-4a0d-ae3b-24c006221d12&start=2026-06-20T01:10:00+0000&duration=PT1H5M from server.
Fetching https://www.freeview.co.uk/api/program?sid=18&nid=64403&pid=crid://csi.enh.digitaluk.co.uk/2bdb3d2a-92fc-42e3-b63e-1aa480608260&start=2026-06-20T02:15:00+0000&duration=PT30M from server.
Fetching https://www.freeview.co.uk/api/program?sid=18&nid=64403&pid=crid://csi.enh.digitaluk.co.uk/9d921749-5205-4888-a3d9-4e418bd92d7a&start=2026-06-20T02:45:00+0000&duration=PT3H15M from server.
Fetching https://www.freeview.co.uk/api/program?sid=18&nid=64403&pid=crid://csi.enh.digitaluk.co.uk/902e5171-9b6e-43ac-b033-842dcc97a6e3&start=2026-06-20T06:00:00+0000&duration=PT1H55M from server.
Fetching https://www.freeview.co.uk/api/program?sid=18&nid=64403&pid=crid://csi.enh.digitaluk.co.uk/c288b455-6faa-45eb-a01f-b0fb45a83d1e&start=2026-06-20T07:55:00+0000&duration=PT35M from server.
Fetching https://www.freeview.co.uk/api/program?sid=18&nid=64403&pid=crid://csi.enh.digitaluk.co.uk/cafc18b9-3032-4bf3-8acb-951c8c32951c&start=2026-06-20T08:30:00+0000&duration=PT25M from server.
Fetching https://www.freeview.co.uk/api/program?sid=18&nid=64403&pid=crid://csi.enh.digitaluk.co.uk/a1c50a75-92a8-4104-902f-490046689863&start=2026-06-20T08:55:00+0000&duration=PT35M from server.
Fetching https://www.freeview.co.uk/api/program?sid=18&nid=64403&pid=crid://csi.enh.digitaluk.co.uk/d2423184-3f67-4f71-9af7-9ace12071007&start=2026-06-20T09:30:00+0000&duration=PT35M from server.
Fetching https://www.freeview.co.uk/api/program?sid=18&nid=64403&pid=crid://csi.enh.digitaluk.co.uk/3e8b3103-9cc3-432a-946f-b5c844542ed7&start=2026-06-20T10:05:00+0000&duration=PT30M from server.
Fetching https://www.freeview.co.uk/api/program?sid=18&nid=64403&pid=crid://csi.digitaluk.co.uk/40b8acaa-a064-49bc-9303-d3977a1b5837&start=2026-06-20T10:35:00+0000&duration=PT1H from server.
Fetching https://www.freeview.co.uk/api/program?sid=18&nid=64403&pid=crid://csi.digitaluk.co.uk/a3fa765b-4b9e-49b8-b387-21f4bafeb5e5&start=2026-06-20T11:35:00+0000&duration=PT1H5M from server.
Fetching https://www.freeview.co.uk/api/program?sid=18&nid=64403&pid=crid://csi.digitaluk.co.uk/0381b144-e0b8-4bca-bd62-81a4143c0861&start=2026-06-20T12:40:00+0000&duration=PT1H from server.
Fetching https://www.freeview.co.uk/api/program?sid=18&nid=64403&pid=crid://csi.digitaluk.co.uk/54670a4d-3103-4bf5-9073-32a30b58ab86&start=2026-06-20T13:40:00+0000&duration=PT1H from server.
Fetching https://www.freeview.co.uk/api/program?sid=18&nid=64403&pid=crid://csi.enh.digitaluk.co.uk/92f8bfac-7c46-4da6-9ba6-a27233fed8d4&start=2026-06-20T14:40:00+0000&duration=PT35M from server.
Fetching https://www.freeview.co.uk/api/program?sid=18&nid=64403&pid=crid://csi.digitaluk.co.uk/9ad11b01-7308-45be-bff9-7d20811c7e8b&start=2026-06-20T15:15:00+0000&duration=PT35M from server.
Fetching https://www.freeview.co.uk/api/program?sid=18&nid=64403&pid=crid://csi.enh.digitaluk.co.uk/3160debd-f644-41ad-9f2e-7a8ec20f61e4&start=2026-06-20T15:50:00+0000&duration=PT30M from server.
Fetching https://www.freeview.co.uk/api/program?sid=18&nid=64403&pid=crid://csi.enh.digitaluk.co.uk/e6c3e02d-c024-4611-bae6-e6d6b9e10d6d&start=2026-06-20T16:20:00+0000&duration=PT30M from server.
Fetching https://www.freeview.co.uk/api/program?sid=18&nid=64403&pid=crid://csi.enh.digitaluk.co.uk/e27557c0-76fa-453b-86e0-4b9788864528&start=2026-06-20T16:50:00+0000&duration=PT35M from server.
Fetching https://www.freeview.co.uk/api/program?sid=18&nid=64403&pid=crid://csi.enh.digitaluk.co.uk/55e3f3f3-8afd-4229-bfaa-ba48c3ebb89f&start=2026-06-20T17:25:00+0000&duration=PT30M from server.
Fetching https://www.freeview.co.uk/api/program?sid=18&nid=64403&pid=crid://csi.enh.digitaluk.co.uk/ede0d6b1-dc6d-4786-824e-0742fd6b1242&start=2026-06-20T17:55:00+0000&duration=PT30M from server.
Fetching https://www.freeview.co.uk/api/program?sid=18&nid=64403&pid=crid://csi.enh.digitaluk.co.uk/d04d693f-0ef5-4274-995b-48106703b4ca&start=2026-06-20T18:25:00+0000&duration=PT30M from server.
Fetching https://www.freeview.co.uk/api/program?sid=18&nid=64403&pid=crid://csi.enh.digitaluk.co.uk/540e1e5b-8f33-41ce-a1d6-c6e4157b97ee&start=2026-06-20T18:55:00+0000&duration=PT30M from server.
Fetching https://www.freeview.co.uk/api/program?sid=18&nid=64403&pid=crid://csi.enh.digitaluk.co.uk/0e3c9a3d-a3a5-4706-8c48-af0a1e8ddb21&start=2026-06-20T19:25:00+0000&duration=PT35M from server.
Fetching https://www.freeview.co.uk/api/program?sid=18&nid=64403&pid=crid://csi.enh.digitaluk.co.uk/4da245b7-7cb1-4add-8944-895182832ff1&start=2026-06-20T20:00:00+0000&duration=PT1H from server.
Fetching https://www.freeview.co.uk/api/program?sid=18&nid=64403&pid=crid://csi.enh.digitaluk.co.uk/1e006ff8-67ac-46f5-95aa-6e131cebb99b&start=2026-06-20T21:00:00+0000&duration=PT1H5M from server.
Fetching https://www.freeview.co.uk/api/program?sid=18&nid=64403&pid=crid://csi.enh.digitaluk.co.uk/062f3302-c32e-437e-a0b5-553f7963b006&start=2026-06-20T22:05:00+0000&duration=PT1H5M from server.
Fetching https://www.freeview.co.uk/api/program?sid=18&nid=64403&pid=crid://csi.enh.digitaluk.co.uk/4da59a70-c2b7-4b3a-b069-ad961c7f27df&start=2026-06-20T23:10:00+0000&duration=PT1H5M from server.
## Wanted 12992 
Fetching https://www.freeview.co.uk/api/program?sid=21&nid=64403&pid=crid://csi.digitaluk.co.uk/6a61adc5-d1fe-46a4-b039-349eef8d1b6f&start=2026-06-20T00:50:00+0000&duration=PT55M from server.
Fetching https://www.freeview.co.uk/api/program?sid=21&nid=64403&pid=crid://panorama.five.tv/versions/C5522740002A&start=2026-06-20T01:45:00+0000&duration=PT50M from server.
Fetching https://www.freeview.co.uk/api/program?sid=21&nid=64403&pid=crid://csi.digitaluk.co.uk/31618d4c-85ca-4e79-92d0-8d0655b49f8d&start=2026-06-20T02:35:00+0000&duration=PT25M from server.
Fetching https://www.freeview.co.uk/api/program?sid=21&nid=64403&pid=crid://panorama.five.tv/versions/C5266540001A&start=2026-06-20T03:00:00+0000&duration=PT2H from server.
Fetching https://www.freeview.co.uk/api/program?sid=21&nid=64403&pid=crid://panorama.five.tv/versions/C5474060001A&start=2026-06-20T05:00:00+0000&duration=PT3H from server.
Fetching https://www.freeview.co.uk/api/program?sid=21&nid=64403&pid=crid://panorama.five.tv/versions/C5522700026A&start=2026-06-20T08:00:00+0000&duration=PT10M from server.
Fetching https://www.freeview.co.uk/api/program?sid=21&nid=64403&pid=crid://panorama.five.tv/versions/C5526200017A&start=2026-06-20T08:10:00+0000&duration=PT20M from server.
Fetching https://www.freeview.co.uk/api/program?sid=21&nid=64403&pid=crid://panorama.five.tv/versions/C5522640011A&start=2026-06-20T08:30:00+0000&duration=PT55M from server.
Fetching https://www.freeview.co.uk/api/program?sid=21&nid=64403&pid=crid://panorama.five.tv/versions/C5522640012A&start=2026-06-20T09:25:00+0000&duration=PT55M from server.
Fetching https://www.freeview.co.uk/api/program?sid=21&nid=64403&pid=crid://panorama.five.tv/versions/C5522640013A&start=2026-06-20T10:20:00+0000&duration=PT1H from server.
Fetching https://www.freeview.co.uk/api/program?sid=21&nid=64403&pid=crid://panorama.five.tv/versions/C5522640014A&start=2026-06-20T11:20:00+0000&duration=PT1H from server.
Fetching https://www.freeview.co.uk/api/program?sid=21&nid=64403&pid=crid://panorama.five.tv/versions/C5522640015A&start=2026-06-20T12:20:00+0000&duration=PT55M from server.
Fetching https://www.freeview.co.uk/api/program?sid=21&nid=64403&pid=crid://panorama.five.tv/versions/C5522740003A&start=2026-06-20T13:15:00+0000&duration=PT55M from server.
Fetching https://www.freeview.co.uk/api/program?sid=21&nid=64403&pid=crid://panorama.five.tv/versions/C5522740004A&start=2026-06-20T14:10:00+0000&duration=PT55M from server.
Fetching https://www.freeview.co.uk/api/program?sid=21&nid=64403&pid=crid://panorama.five.tv/versions/C5522740005A&start=2026-06-20T15:05:00+0000&duration=PT1H from server.
Fetching https://www.freeview.co.uk/api/program?sid=21&nid=64403&pid=crid://panorama.five.tv/versions/C5522740006A&start=2026-06-20T16:05:00+0000&duration=PT1H from server.
Fetching https://www.freeview.co.uk/api/program?sid=21&nid=64403&pid=crid://panorama.five.tv/versions/C5522740007A&start=2026-06-20T17:05:00+0000&duration=PT1H5M from server.
Fetching https://www.freeview.co.uk/api/program?sid=21&nid=64403&pid=crid://panorama.five.tv/versions/C5135080001B&start=2026-06-20T18:10:00+0000&duration=PT1H5M from server.
Fetching https://www.freeview.co.uk/api/program?sid=21&nid=64403&pid=crid://csi.digitaluk.co.uk/bb5fec66-8454-403d-8ac1-1c87dd78e8f7&start=2026-06-20T19:15:00+0000&duration=PT5M from server.
Fetching https://www.freeview.co.uk/api/program?sid=21&nid=64403&pid=crid://panorama.five.tv/versions/C5135080001B&start=2026-06-20T19:20:00+0000&duration=PT40M from server.
Fetching https://www.freeview.co.uk/api/program?sid=21&nid=64403&pid=crid://panorama.five.tv/versions/C5526260009A&start=2026-06-20T20:00:00+0000&duration=PT1H from server.
Fetching https://www.freeview.co.uk/api/program?sid=21&nid=64403&pid=crid://panorama.five.tv/versions/C5164460014A&start=2026-06-20T21:00:00+0000&duration=PT1H from server.
Fetching https://www.freeview.co.uk/api/program?sid=21&nid=64403&pid=crid://panorama.five.tv/versions/C5164460015A&start=2026-06-20T22:00:00+0000&duration=PT1H from server.
Fetching https://www.freeview.co.uk/api/program?sid=21&nid=64403&pid=crid://panorama.five.tv/versions/C5164460002A&start=2026-06-20T23:00:00+0000&duration=PT55M from server.
Fetching https://www.freeview.co.uk/api/program?sid=21&nid=64403&pid=crid://panorama.five.tv/versions/C5164460003A&start=2026-06-20T23:55:00+0000&duration=PT55M from server.
### Wanted 12928 
Fetching https://www.freeview.co.uk/api/program?sid=32&nid=64403&pid=crid://panorama.five.tv/versions/C5176450003C&start=2026-06-20T00:00:00+0000&duration=PT1H from server.
Fetching https://www.freeview.co.uk/api/program?sid=32&nid=64403&pid=crid://panorama.five.tv/versions/C5176450004D&start=2026-06-20T01:00:00+0000&duration=PT50M from server.
Fetching https://www.freeview.co.uk/api/program?sid=32&nid=64403&pid=crid://csi.digitaluk.co.uk/17c04db9-5817-427d-b456-3e5fb9f115db&start=2026-06-20T01:50:00+0000&duration=PT45M from server.
Fetching https://www.freeview.co.uk/api/program?sid=32&nid=64403&pid=crid://panorama.five.tv/versions/C5255280003A&start=2026-06-20T02:35:00+0000&duration=PT25M from server.
Fetching https://www.freeview.co.uk/api/program?sid=32&nid=64403&pid=crid://panorama.five.tv/versions/C5266540001A&start=2026-06-20T03:00:00+0000&duration=PT2H from server.
Fetching https://www.freeview.co.uk/api/program?sid=32&nid=64403&pid=crid://panorama.five.tv/versions/C5266540001A&start=2026-06-20T05:00:00+0000&duration=PT1H from server.
Fetching https://www.freeview.co.uk/api/program?sid=32&nid=64403&pid=crid://panorama.five.tv/versions/C5326820001A&start=2026-06-20T06:00:00+0000&duration=PT30M from server.
Fetching https://www.freeview.co.uk/api/program?sid=32&nid=64403&pid=crid://panorama.five.tv/versions/C5480340001A&start=2026-06-20T06:30:00+0000&duration=PT30M from server.
Fetching https://www.freeview.co.uk/api/program?sid=32&nid=64403&pid=crid://panorama.five.tv/versions/C5255280007A&start=2026-06-20T07:00:00+0000&duration=PT30M from server.
Fetching https://www.freeview.co.uk/api/program?sid=32&nid=64403&pid=crid://panorama.five.tv/versions/C5255280011B&start=2026-06-20T07:30:00+0000&duration=PT30M from server.
Fetching https://www.freeview.co.uk/api/program?sid=32&nid=64403&pid=crid://panorama.five.tv/versions/C5255280017A&start=2026-06-20T08:00:00+0000&duration=PT30M from server.
Fetching https://www.freeview.co.uk/api/program?sid=32&nid=64403&pid=crid://panorama.five.tv/versions/C5255280018A&start=2026-06-20T08:30:00+0000&duration=PT30M from server.
Fetching https://www.freeview.co.uk/api/program?sid=32&nid=64403&pid=crid://panorama.five.tv/versions/C5412320003D&start=2026-06-20T09:00:00+0000&duration=PT1H from server.
Fetching https://www.freeview.co.uk/api/program?sid=32&nid=64403&pid=crid://panorama.five.tv/versions/C5412320004D&start=2026-06-20T10:00:00+0000&duration=PT1H from server.
Fetching https://www.freeview.co.uk/api/program?sid=32&nid=64403&pid=crid://panorama.five.tv/versions/C5184270001F&start=2026-06-20T11:00:00+0000&duration=PT1H from server.
Fetching https://www.freeview.co.uk/api/program?sid=32&nid=64403&pid=crid://panorama.five.tv/versions/C5184270002D&start=2026-06-20T12:00:00+0000&duration=PT1H from server.
Fetching https://www.freeview.co.uk/api/program?sid=32&nid=64403&pid=crid://panorama.five.tv/versions/C5184270003D&start=2026-06-20T13:00:00+0000&duration=PT1H from server.
Fetching https://www.freeview.co.uk/api/program?sid=32&nid=64403&pid=crid://panorama.five.tv/versions/C5184270004F&start=2026-06-20T14:00:00+0000&duration=PT1H from server.
Fetching https://www.freeview.co.uk/api/program?sid=32&nid=64403&pid=crid://panorama.five.tv/versions/C5184270005E&start=2026-06-20T15:00:00+0000&duration=PT1H from server.
Fetching https://www.freeview.co.uk/api/program?sid=32&nid=64403&pid=crid://panorama.five.tv/versions/C5184270011D&start=2026-06-20T16:00:00+0000&duration=PT1H from server.
Fetching https://www.freeview.co.uk/api/program?sid=32&nid=64403&pid=crid://panorama.five.tv/versions/C5350870006E&start=2026-06-20T17:00:00+0000&duration=PT1H from server.
Fetching https://www.freeview.co.uk/api/program?sid=32&nid=64403&pid=crid://panorama.five.tv/versions/C5404060001D&start=2026-06-20T18:00:00+0000&duration=PT1H from server.
Fetching https://www.freeview.co.uk/api/program?sid=32&nid=64403&pid=crid://panorama.five.tv/versions/C5404060002C&start=2026-06-20T19:00:00+0000&duration=PT1H from server.
Fetching https://www.freeview.co.uk/api/program?sid=32&nid=64403&pid=crid://panorama.five.tv/versions/C5404060003E&start=2026-06-20T20:00:00+0000&duration=PT1H from server.
Fetching https://www.freeview.co.uk/api/program?sid=32&nid=64403&pid=crid://panorama.five.tv/versions/C5404060004G&start=2026-06-20T21:00:00+0000&duration=PT1H from server.
Fetching https://www.freeview.co.uk/api/program?sid=32&nid=64403&pid=crid://panorama.five.tv/versions/C5527200022A&start=2026-06-20T22:00:00+0000&duration=PT1H30M from server.
Fetching https://www.freeview.co.uk/api/program?sid=32&nid=64403&pid=crid://panorama.five.tv/versions/C5478680009A&start=2026-06-20T23:30:00+0000&duration=PT55M from server.
## Wanted 16112 
Fetching https://www.freeview.co.uk/api/program?sid=33&nid=64403&pid=crid://csi.digitaluk.co.uk/8dfead51-959e-4775-ab32-b259506c51af&start=2026-06-20T00:00:00+0000&duration=PT1H from server.
Fetching https://www.freeview.co.uk/api/program?sid=33&nid=64403&pid=crid://csi.digitaluk.co.uk/0fcfdb1c-7722-4504-8881-9d4604fc1484&start=2026-06-20T01:00:00+0000&duration=PT1H from server.
Fetching https://www.freeview.co.uk/api/program?sid=33&nid=64403&pid=crid://csi.digitaluk.co.uk/f4cd5fa4-135b-40be-8e4a-8dff21a4386d&start=2026-06-20T02:00:00+0000&duration=PT50M from server.
Fetching https://www.freeview.co.uk/api/program?sid=33&nid=64403&pid=crid://panorama.five.tv/versions/C5522700025A&start=2026-06-20T02:50:00+0000&duration=PT10M from server.
Fetching https://www.freeview.co.uk/api/program?sid=33&nid=64403&pid=crid://panorama.five.tv/versions/C5340000001A&start=2026-06-20T03:00:00+0000&duration=PT2H from server.
Fetching https://www.freeview.co.uk/api/program?sid=33&nid=64403&pid=crid://panorama.five.tv/versions/C5266540001A&start=2026-06-20T05:00:00+0000&duration=PT1H from server.
Fetching https://www.freeview.co.uk/api/program?sid=33&nid=64403&pid=crid://panorama.five.tv/versions/C5533960001A&start=2026-06-20T06:00:00+0000&duration=PT30M from server.
Fetching https://www.freeview.co.uk/api/program?sid=33&nid=64403&pid=crid://panorama.five.tv/versions/C5480340001A&start=2026-06-20T06:30:00+0000&duration=PT30M from server.
Fetching https://www.freeview.co.uk/api/program?sid=33&nid=64403&pid=crid://panorama.five.tv/versions/C5349600001A&start=2026-06-20T07:00:00+0000&duration=PT1H from server.
Fetching https://www.freeview.co.uk/api/program?sid=33&nid=64403&pid=crid://panorama.five.tv/versions/C5522700026A&start=2026-06-20T08:00:00+0000&duration=PT10M from server.
Fetching https://www.freeview.co.uk/api/program?sid=33&nid=64403&pid=crid://panorama.five.tv/versions/C5406840008A&start=2026-06-20T08:10:00+0000&duration=PT35M from server.
Fetching https://www.freeview.co.uk/api/program?sid=33&nid=64403&pid=crid://panorama.five.tv/versions/C5174550008E&start=2026-06-20T08:45:00+0000&duration=PT1H from server.
Fetching https://www.freeview.co.uk/api/program?sid=33&nid=64403&pid=crid://panorama.five.tv/versions/C5174550009G&start=2026-06-20T09:45:00+0000&duration=PT1H from server.
Fetching https://www.freeview.co.uk/api/program?sid=33&nid=64403&pid=crid://panorama.five.tv/versions/C5174550010G&start=2026-06-20T10:45:00+0000&duration=PT1H from server.
Fetching https://www.freeview.co.uk/api/program?sid=33&nid=64403&pid=crid://panorama.five.tv/versions/C5177070001E&start=2026-06-20T11:45:00+0000&duration=PT1H from server.
Fetching https://www.freeview.co.uk/api/program?sid=33&nid=64403&pid=crid://panorama.five.tv/versions/C5480240006A&start=2026-06-20T12:45:00+0000&duration=PT1H from server.
Fetching https://www.freeview.co.uk/api/program?sid=33&nid=64403&pid=crid://panorama.five.tv/versions/C5480240007A&start=2026-06-20T13:45:00+0000&duration=PT1H from server.
Fetching https://www.freeview.co.uk/api/program?sid=33&nid=64403&pid=crid://panorama.five.tv/versions/C5480240008B&start=2026-06-20T14:45:00+0000&duration=PT1H from server.
Fetching https://www.freeview.co.uk/api/program?sid=33&nid=64403&pid=crid://panorama.five.tv/versions/C5480240009B&start=2026-06-20T15:45:00+0000&duration=PT1H5M from server.
Fetching https://www.freeview.co.uk/api/program?sid=33&nid=64403&pid=crid://panorama.five.tv/versions/C5088820001B&start=2026-06-20T16:50:00+0000&duration=PT1H from server.
Fetching https://www.freeview.co.uk/api/program?sid=33&nid=64403&pid=crid://csi.digitaluk.co.uk/cd8248d7-c85f-48f3-b0e0-203c526fd6a5&start=2026-06-20T17:50:00+0000&duration=PT5M from server.
Fetching https://www.freeview.co.uk/api/program?sid=33&nid=64403&pid=crid://panorama.five.tv/versions/C5088820001B&start=2026-06-20T17:55:00+0000&duration=PT1H from server.
Fetching https://www.freeview.co.uk/api/program?sid=33&nid=64403&pid=crid://panorama.five.tv/versions/C5522160001A&start=2026-06-20T18:55:00+0000&duration=PT1H5M from server.
Fetching https://www.freeview.co.uk/api/program?sid=33&nid=64403&pid=crid://panorama.five.tv/versions/C5070970001E&start=2026-06-20T20:00:00+0000&duration=PT1H from server.
Fetching https://www.freeview.co.uk/api/program?sid=33&nid=64403&pid=crid://csi.digitaluk.co.uk/b309439c-b0c4-4df8-b909-9f746fb2ce3a&start=2026-06-20T21:00:00+0000&duration=PT5M from server.
Fetching https://www.freeview.co.uk/api/program?sid=33&nid=64403&pid=crid://panorama.five.tv/versions/C5070970001E&start=2026-06-20T21:05:00+0000&duration=PT1H5M from server.
Fetching https://www.freeview.co.uk/api/program?sid=33&nid=64403&pid=crid://panorama.five.tv/versions/C5208150022A&start=2026-06-20T22:10:00+0000&duration=PT55M from server.
Fetching https://www.freeview.co.uk/api/program?sid=33&nid=64403&pid=crid://panorama.five.tv/versions/C5208150023A&start=2026-06-20T23:05:00+0000&duration=PT55M from server.
### Wanted 8373 
Fetching https://www.freeview.co.uk/api/program?sid=35&nid=64403&pid=crid://csi.digitaluk.co.uk/75b93b31-1171-41c7-a8f7-2dde7d69f7b4&start=2026-06-20T01:15:00+0000&duration=PT2H35M from server.
Fetching https://www.freeview.co.uk/api/program?sid=35&nid=64403&pid=crid://csi.digitaluk.co.uk/36059e35-da1b-4307-a063-c1329dc409c1&start=2026-06-20T03:50:00+0000&duration=PT2H45M from server.
Fetching https://www.freeview.co.uk/api/program?sid=35&nid=64403&pid=crid://csi.digitaluk.co.uk/263783fb-4df9-4891-a750-088510cd2e80&start=2026-06-20T06:35:00+0000&duration=PT55M from server.
Fetching https://www.freeview.co.uk/api/program?sid=35&nid=64403&pid=crid://csi.digitaluk.co.uk/35f08906-77ba-4502-a39d-57612784b4d7&start=2026-06-20T07:30:00+0000&duration=PT55M from server.
Fetching https://www.freeview.co.uk/api/program?sid=35&nid=64403&pid=crid://csi.digitaluk.co.uk/b5dc4589-c4b4-4f5f-b84b-1abf5ba2b655&start=2026-06-20T08:25:00+0000&duration=PT1H from server.
Fetching https://www.freeview.co.uk/api/program?sid=35&nid=64403&pid=crid://csi.digitaluk.co.uk/384d8f3f-ef5d-4a14-aeb6-968360fb66ce&start=2026-06-20T09:25:00+0000&duration=PT5M from server.
Fetching https://www.freeview.co.uk/api/program?sid=35&nid=64403&pid=crid://csi.digitaluk.co.uk/7b7eddc7-10f9-41a6-9824-07b38b94a149&start=2026-06-20T09:30:00+0000&duration=PT2H35M from server.
Fetching https://www.freeview.co.uk/api/program?sid=35&nid=64403&pid=crid://csi.digitaluk.co.uk/0a7140c3-0ee8-4acb-a390-48ac4f182775&start=2026-06-20T12:05:00+0000&duration=PT30M from server.
Fetching https://www.freeview.co.uk/api/program?sid=35&nid=64403&pid=crid://csi.digitaluk.co.uk/404316af-5793-4fe0-9f69-2450013a627c&start=2026-06-20T12:35:00+0000&duration=PT35M from server.
Fetching https://www.freeview.co.uk/api/program?sid=35&nid=64403&pid=crid://csi.digitaluk.co.uk/25146a7e-9424-48f4-a323-0ec9ff387118&start=2026-06-20T13:10:00+0000&duration=PT15M from server.
Fetching https://www.freeview.co.uk/api/program?sid=35&nid=64403&pid=crid://csi.digitaluk.co.uk/64c77419-b392-482c-af89-5b3ee30a7642&start=2026-06-20T13:25:00+0000&duration=PT5H15M from server.
Fetching https://www.freeview.co.uk/api/program?sid=35&nid=64403&pid=crid://csi.digitaluk.co.uk/367b9e0a-0e35-432b-8f7a-65cdb814046e&start=2026-06-20T18:40:00+0000&duration=PT5M from server.
Fetching https://www.freeview.co.uk/api/program?sid=35&nid=64403&pid=crid://csi.digitaluk.co.uk/5fd077bd-792c-41a6-b906-f2dbec5e4698&start=2026-06-20T18:45:00+0000&duration=PT15M from server.
Fetching https://www.freeview.co.uk/api/program?sid=35&nid=64403&pid=crid://csi.digitaluk.co.uk/8aa0ebb8-3a7e-4036-92fc-05ab6776234e&start=2026-06-20T19:00:00+0000&duration=PT1H from server.
Fetching https://www.freeview.co.uk/api/program?sid=35&nid=64403&pid=crid://csi.digitaluk.co.uk/3858851a-0e81-4af1-968c-8757b2174d85&start=2026-06-20T20:00:00+0000&duration=PT3H35M from server.
Fetching https://www.freeview.co.uk/api/program?sid=35&nid=64403&pid=crid://csi.digitaluk.co.uk/7a7ec974-8e69-4f41-8ddd-194ee8ab61ad&start=2026-06-20T23:35:00+0000&duration=PT20M from server.
Fetching https://www.freeview.co.uk/api/program?sid=35&nid=64403&pid=crid://csi.digitaluk.co.uk/595e012e-e7a4-4320-8a12-508c5adf9428&start=2026-06-20T23:55:00+0000&duration=PT30M from server.
## Wanted 27680 
Fetching https://www.freeview.co.uk/api/program?sid=39&nid=64403&pid=crid://csi.digitaluk.co.uk/f2ecbdc5-6e26-4438-b893-ffd9e87c711c&start=2026-06-20T00:00:00+0000&duration=PT1H from server.
Fetching https://www.freeview.co.uk/api/program?sid=39&nid=64403&pid=crid://csi.digitaluk.co.uk/87071767-7318-4c2a-90c3-a922344a4a99&start=2026-06-20T01:00:00+0000&duration=PT30M from server.
Fetching https://www.freeview.co.uk/api/program?sid=39&nid=64403&pid=crid://csi.digitaluk.co.uk/07a50dd3-038e-438e-9ff0-57fb1a9379a8&start=2026-06-20T01:30:00+0000&duration=PT30M from server.
Fetching https://www.freeview.co.uk/api/program?sid=39&nid=64403&pid=crid://csi.digitaluk.co.uk/1f50280a-1980-4190-a954-14a81931b621&start=2026-06-20T02:00:00+0000&duration=PT30M from server.
Fetching https://www.freeview.co.uk/api/program?sid=39&nid=64403&pid=crid://csi.digitaluk.co.uk/953671d2-5a61-4fa4-a0d0-5ce5fcbcdfc0&start=2026-06-20T02:30:00+0000&duration=PT30M from server.
Fetching https://www.freeview.co.uk/api/program?sid=39&nid=64403&pid=crid://csi.digitaluk.co.uk/514e882b-5657-4a6a-812d-216390bc9d74&start=2026-06-20T03:00:00+0000&duration=PT30M from server.
Fetching https://www.freeview.co.uk/api/program?sid=39&nid=64403&pid=crid://csi.digitaluk.co.uk/007d32d6-a96d-4412-827e-de5854dd1e8b&start=2026-06-20T03:30:00+0000&duration=PT30M from server.
Fetching https://www.freeview.co.uk/api/program?sid=39&nid=64403&pid=crid://csi.digitaluk.co.uk/5420be3d-2871-4137-9f93-6273e1ab15d4&start=2026-06-20T04:00:00+0000&duration=PT30M from server.
Fetching https://www.freeview.co.uk/api/program?sid=39&nid=64403&pid=crid://csi.digitaluk.co.uk/dcc22924-b237-4d7d-954c-c106d24440d7&start=2026-06-20T04:30:00+0000&duration=PT30M from server.
Fetching https://www.freeview.co.uk/api/program?sid=39&nid=64403&pid=crid://csi.digitaluk.co.uk/ebb03403-01af-463c-8d1d-ad4ddf3b93f0&start=2026-06-20T05:00:00+0000&duration=PT2H from server.
Fetching https://www.freeview.co.uk/api/program?sid=39&nid=64403&pid=crid://csi.digitaluk.co.uk/5f265696-4244-4b67-9615-b3f6aa3f14c3&start=2026-06-20T07:00:00+0000&duration=PT1H from server.
Fetching https://www.freeview.co.uk/api/program?sid=39&nid=64403&pid=crid://csi.digitaluk.co.uk/da3f611c-f754-4cf3-8652-8ec52b0f1e8a&start=2026-06-20T08:00:00+0000&duration=PT1H from server.
Fetching https://www.freeview.co.uk/api/program?sid=39&nid=64403&pid=crid://csi.digitaluk.co.uk/6cadc092-7135-41fa-b27b-29d9ff0d7b16&start=2026-06-20T09:00:00+0000&duration=PT1H from server.
Fetching https://www.freeview.co.uk/api/program?sid=39&nid=64403&pid=crid://csi.digitaluk.co.uk/4f227af3-03b6-4c30-a951-d9c62ee91cd8&start=2026-06-20T10:00:00+0000&duration=PT1H from server.
Fetching https://www.freeview.co.uk/api/program?sid=39&nid=64403&pid=crid://csi.digitaluk.co.uk/02285688-075f-47bc-a4c3-eb689b28bb8a&start=2026-06-20T11:00:00+0000&duration=PT1H from server.
Fetching https://www.freeview.co.uk/api/program?sid=39&nid=64403&pid=crid://csi.digitaluk.co.uk/3e5dd6e8-0519-4d4d-9946-9664ffc23c92&start=2026-06-20T12:00:00+0000&duration=PT1H from server.
Fetching https://www.freeview.co.uk/api/program?sid=39&nid=64403&pid=crid://csi.digitaluk.co.uk/f012d3d5-49f7-4c11-a3d7-8eee26b67359&start=2026-06-20T13:00:00+0000&duration=PT1H from server.
Fetching https://www.freeview.co.uk/api/program?sid=39&nid=64403&pid=crid://csi.digitaluk.co.uk/96dabaff-b0fd-49f0-b5a2-1a6dc6ae3d9f&start=2026-06-20T14:00:00+0000&duration=PT1H from server.
Fetching https://www.freeview.co.uk/api/program?sid=39&nid=64403&pid=crid://csi.digitaluk.co.uk/d2bc595d-1c12-409c-959d-e9d86210a512&start=2026-06-20T15:00:00+0000&duration=PT1H from server.
Fetching https://www.freeview.co.uk/api/program?sid=39&nid=64403&pid=crid://csi.digitaluk.co.uk/03012a1f-e177-4262-b240-8a79fb29a99e&start=2026-06-20T16:00:00+0000&duration=PT1H from server.
Fetching https://www.freeview.co.uk/api/program?sid=39&nid=64403&pid=crid://csi.digitaluk.co.uk/b4a5d0fd-79df-4016-bdb3-18902f24efa5&start=2026-06-20T17:00:00+0000&duration=PT1H from server.
Fetching https://www.freeview.co.uk/api/program?sid=39&nid=64403&pid=crid://csi.digitaluk.co.uk/27ed356f-a7ec-4f36-8ad6-53853ab197be&start=2026-06-20T18:00:00+0000&duration=PT1H from server.
Fetching https://www.freeview.co.uk/api/program?sid=39&nid=64403&pid=crid://csi.digitaluk.co.uk/a0f4e484-888c-4612-b9a6-3778e45eb319&start=2026-06-20T19:00:00+0000&duration=PT1H from server.
Fetching https://www.freeview.co.uk/api/program?sid=39&nid=64403&pid=crid://csi.digitaluk.co.uk/72bdbcf5-372c-4ecc-9e5f-1e692eb91329&start=2026-06-20T20:00:00+0000&duration=PT1H from server.
Fetching https://www.freeview.co.uk/api/program?sid=39&nid=64403&pid=crid://csi.digitaluk.co.uk/6f813438-6b96-495a-8a3c-e9517d89dda7&start=2026-06-20T21:00:00+0000&duration=PT1H from server.
Fetching https://www.freeview.co.uk/api/program?sid=39&nid=64403&pid=crid://csi.digitaluk.co.uk/e9e4352a-7675-44b1-b778-8c5a11b94408&start=2026-06-20T22:00:00+0000&duration=PT1H from server.
Fetching https://www.freeview.co.uk/api/program?sid=39&nid=64403&pid=crid://csi.digitaluk.co.uk/52ebaeaf-c456-46bc-9506-0201d5a18c35&start=2026-06-20T23:00:00+0000&duration=PT1H from server.
### Wanted 23744 
Fetching https://www.freeview.co.uk/api/program?sid=40&nid=64403&pid=crid://csi.digitaluk.co.uk/c1bc7436-da0e-4a41-9a9f-e3f9a5be3865&start=2026-06-20T00:00:00+0000&duration=PT1H from server.
Fetching https://www.freeview.co.uk/api/program?sid=40&nid=64403&pid=crid://csi.digitaluk.co.uk/10c525a3-0264-4a14-8b1e-aa2f9adfad35&start=2026-06-20T01:00:00+0000&duration=PT1H from server.
Fetching https://www.freeview.co.uk/api/program?sid=40&nid=64403&pid=crid://csi.digitaluk.co.uk/1e10c3af-e33b-4597-b3ca-7fb3b4c2adec&start=2026-06-20T02:00:00+0000&duration=PT1H from server.
Fetching https://www.freeview.co.uk/api/program?sid=40&nid=64403&pid=crid://csi.digitaluk.co.uk/deeaab7f-a284-4131-adc2-ceec477a9852&start=2026-06-20T03:00:00+0000&duration=PT30M from server.
Fetching https://www.freeview.co.uk/api/program?sid=40&nid=64403&pid=crid://csi.digitaluk.co.uk/83cd9e2a-50af-4575-afac-34d23ffa037f&start=2026-06-20T03:30:00+0000&duration=PT30M from server.
Fetching https://www.freeview.co.uk/api/program?sid=40&nid=64403&pid=crid://csi.digitaluk.co.uk/e64f9ba8-0eea-49a3-9154-1b3b815d20fd&start=2026-06-20T04:00:00+0000&duration=PT30M from server.
Fetching https://www.freeview.co.uk/api/program?sid=40&nid=64403&pid=crid://csi.digitaluk.co.uk/3c6474b3-f705-4810-8eb2-8cb1877e9e2a&start=2026-06-20T04:30:00+0000&duration=PT30M from server.
Fetching https://www.freeview.co.uk/api/program?sid=40&nid=64403&pid=crid://csi.digitaluk.co.uk/03346105-d552-4a71-a586-33a814dab74c&start=2026-06-20T05:00:00+0000&duration=PT1H from server.
Fetching https://www.freeview.co.uk/api/program?sid=40&nid=64403&pid=crid://csi.digitaluk.co.uk/b01d4cbd-11ed-468b-b1ed-52b5d75a6bc6&start=2026-06-20T06:00:00+0000&duration=PT30M from server.
Fetching https://www.freeview.co.uk/api/program?sid=40&nid=64403&pid=crid://csi.digitaluk.co.uk/7fcfc0bc-ff18-410c-aa10-43615efeaf96&start=2026-06-20T06:30:00+0000&duration=PT30M from server.
Fetching https://www.freeview.co.uk/api/program?sid=40&nid=64403&pid=crid://csi.digitaluk.co.uk/d37f5232-a659-4681-a926-c9dd1f9f3735&start=2026-06-20T07:00:00+0000&duration=PT1H from server.
Fetching https://www.freeview.co.uk/api/program?sid=40&nid=64403&pid=crid://csi.digitaluk.co.uk/dc2551ed-0cc4-4d8b-9f08-3cad095ad5da&start=2026-06-20T08:00:00+0000&duration=PT1H from server.
Fetching https://www.freeview.co.uk/api/program?sid=40&nid=64403&pid=crid://csi.digitaluk.co.uk/68e4f7b3-a77e-40bf-ba24-2a0b7aa23637&start=2026-06-20T09:00:00+0000&duration=PT1H from server.
Fetching https://www.freeview.co.uk/api/program?sid=40&nid=64403&pid=crid://csi.digitaluk.co.uk/356f21eb-59ee-4742-b4ff-16d74ddbc430&start=2026-06-20T10:00:00+0000&duration=PT1H from server.
Fetching https://www.freeview.co.uk/api/program?sid=40&nid=64403&pid=crid://csi.digitaluk.co.uk/1db2311e-a8ac-4a3b-9437-e90347f51088&start=2026-06-20T11:00:00+0000&duration=PT1H from server.
Fetching https://www.freeview.co.uk/api/program?sid=40&nid=64403&pid=crid://csi.digitaluk.co.uk/2ce6c230-eff0-420b-83a0-b3df7addbe0a&start=2026-06-20T12:00:00+0000&duration=PT1H from server.
Fetching https://www.freeview.co.uk/api/program?sid=40&nid=64403&pid=crid://csi.digitaluk.co.uk/b15e0867-5f87-44c5-9e19-0c8596d04057&start=2026-06-20T13:00:00+0000&duration=PT1H from server.
Fetching https://www.freeview.co.uk/api/program?sid=40&nid=64403&pid=crid://csi.digitaluk.co.uk/1088f397-9bb9-4cb3-8330-c5afb3322d4e&start=2026-06-20T14:00:00+0000&duration=PT1H from server.
Fetching https://www.freeview.co.uk/api/program?sid=40&nid=64403&pid=crid://csi.digitaluk.co.uk/2e9682e4-d8dc-4bed-9eeb-5933de225ec1&start=2026-06-20T15:00:00+0000&duration=PT1H from server.
Fetching https://www.freeview.co.uk/api/program?sid=40&nid=64403&pid=crid://csi.digitaluk.co.uk/6b2caab8-4ce5-4a11-9382-aeaaf8944c6b&start=2026-06-20T16:00:00+0000&duration=PT1H from server.
Fetching https://www.freeview.co.uk/api/program?sid=40&nid=64403&pid=crid://csi.digitaluk.co.uk/5846c4b1-3242-4106-9951-c0fb33ec92c5&start=2026-06-20T17:00:00+0000&duration=PT1H from server.
Fetching https://www.freeview.co.uk/api/program?sid=40&nid=64403&pid=crid://csi.digitaluk.co.uk/d5598c39-6084-4b58-8d3f-0a41029e0ad1&start=2026-06-20T18:00:00+0000&duration=PT1H from server.
Fetching https://www.freeview.co.uk/api/program?sid=40&nid=64403&pid=crid://csi.digitaluk.co.uk/4f725db3-9058-4412-a067-25665f4518a2&start=2026-06-20T19:00:00+0000&duration=PT1H from server.
Fetching https://www.freeview.co.uk/api/program?sid=40&nid=64403&pid=crid://csi.digitaluk.co.uk/4411702a-5d1e-4710-9c8e-901fd05b2111&start=2026-06-20T20:00:00+0000&duration=PT1H from server.
Fetching https://www.freeview.co.uk/api/program?sid=40&nid=64403&pid=crid://csi.digitaluk.co.uk/ea32fc16-fda0-493b-b50e-b133bfbe30e8&start=2026-06-20T21:00:00+0000&duration=PT1H from server.
Fetching https://www.freeview.co.uk/api/program?sid=40&nid=64403&pid=crid://csi.digitaluk.co.uk/a28b7013-381c-4db1-92da-d7ca79c033ca&start=2026-06-20T22:00:00+0000&duration=PT1H from server.
Fetching https://www.freeview.co.uk/api/program?sid=40&nid=64403&pid=crid://csi.digitaluk.co.uk/d014b1de-830a-4dc8-bb4e-a7c52f54c19f&start=2026-06-20T23:00:00+0000&duration=PT1H from server.
## Wanted 23040 
Fetching https://www.freeview.co.uk/api/program?sid=43&nid=64403&pid=crid://csi.digitaluk.co.uk/e312e818-a4f4-4e6a-ae66-7c8e8f3a1f36&start=2026-06-20T00:00:00+0000&duration=PT30M from server.
Fetching https://www.freeview.co.uk/api/program?sid=43&nid=64403&pid=crid://csi.digitaluk.co.uk/6459107a-19e8-4bf2-86f9-7e6d3245b518&start=2026-06-20T00:30:00+0000&duration=PT30M from server.
Fetching https://www.freeview.co.uk/api/program?sid=43&nid=64403&pid=crid://csi.digitaluk.co.uk/5f03f42d-3a94-4a34-9d16-e73fe0375579&start=2026-06-20T01:00:00+0000&duration=PT30M from server.
Fetching https://www.freeview.co.uk/api/program?sid=43&nid=64403&pid=crid://csi.digitaluk.co.uk/d133010d-e3ef-490d-8240-763ce032292a&start=2026-06-20T01:30:00+0000&duration=PT30M from server.
Fetching https://www.freeview.co.uk/api/program?sid=43&nid=64403&pid=crid://csi.digitaluk.co.uk/1313bbdd-64d0-428c-86d3-18457185403c&start=2026-06-20T02:00:00+0000&duration=PT30M from server.
Fetching https://www.freeview.co.uk/api/program?sid=43&nid=64403&pid=crid://csi.digitaluk.co.uk/d03c5cf9-da54-4c8a-8495-b4a476d50f87&start=2026-06-20T02:30:00+0000&duration=PT30M from server.
Fetching https://www.freeview.co.uk/api/program?sid=43&nid=64403&pid=crid://csi.digitaluk.co.uk/9c07bf50-1d9f-4ba7-9611-b0e5ab441d68&start=2026-06-20T03:00:00+0000&duration=PT30M from server.
Fetching https://www.freeview.co.uk/api/program?sid=43&nid=64403&pid=crid://csi.digitaluk.co.uk/27e8f1e2-d4f6-4a80-8a0c-8149339ce429&start=2026-06-20T03:30:00+0000&duration=PT30M from server.
Fetching https://www.freeview.co.uk/api/program?sid=43&nid=64403&pid=crid://csi.digitaluk.co.uk/ce6fab24-46dc-40de-b0e0-e4f97d11e85f&start=2026-06-20T04:00:00+0000&duration=PT30M from server.
Fetching https://www.freeview.co.uk/api/program?sid=43&nid=64403&pid=crid://csi.digitaluk.co.uk/7f35f473-3960-4ff6-a62f-4c9b7ae4c06b&start=2026-06-20T04:30:00+0000&duration=PT30M from server.
Fetching https://www.freeview.co.uk/api/program?sid=43&nid=64403&pid=crid://csi.digitaluk.co.uk/c87c66fd-378b-4773-8c21-6c4f2b27e9ec&start=2026-06-20T05:00:00+0000&duration=PT30M from server.
Fetching https://www.freeview.co.uk/api/program?sid=43&nid=64403&pid=crid://csi.digitaluk.co.uk/f7358b70-df8e-4e8d-833c-2260fbce3c1a&start=2026-06-20T05:30:00+0000&duration=PT30M from server.
Fetching https://www.freeview.co.uk/api/program?sid=43&nid=64403&pid=crid://csi.digitaluk.co.uk/018fa992-c949-4164-a0ad-58db903e49f7&start=2026-06-20T06:00:00+0000&duration=PT30M from server.
Fetching https://www.freeview.co.uk/api/program?sid=43&nid=64403&pid=crid://csi.digitaluk.co.uk/078fbab8-435a-4efd-b88c-9629553f6e5d&start=2026-06-20T06:30:00+0000&duration=PT30M from server.
Fetching https://www.freeview.co.uk/api/program?sid=43&nid=64403&pid=crid://csi.digitaluk.co.uk/1aedbe10-1842-47b9-816b-e02781203ef3&start=2026-06-20T07:00:00+0000&duration=PT30M from server.
Fetching https://www.freeview.co.uk/api/program?sid=43&nid=64403&pid=crid://csi.digitaluk.co.uk/7eb5de03-411b-4142-9021-43a89d85407c&start=2026-06-20T07:30:00+0000&duration=PT30M from server.
Fetching https://www.freeview.co.uk/api/program?sid=43&nid=64403&pid=crid://csi.digitaluk.co.uk/333fb45b-2bb0-4e61-9dd3-ad55fe282edf&start=2026-06-20T08:00:00+0000&duration=PT30M from server.
Fetching https://www.freeview.co.uk/api/program?sid=43&nid=64403&pid=crid://csi.digitaluk.co.uk/b2262b00-1ab2-4661-84f2-c7c559977383&start=2026-06-20T08:30:00+0000&duration=PT30M from server.
Fetching https://www.freeview.co.uk/api/program?sid=43&nid=64403&pid=crid://csi.digitaluk.co.uk/a39dd41b-3a39-4180-8717-5c7ed66a3551&start=2026-06-20T09:00:00+0000&duration=PT30M from server.
Fetching https://www.freeview.co.uk/api/program?sid=43&nid=64403&pid=crid://csi.digitaluk.co.uk/28bb0650-937a-4187-a2d9-7f90713567ec&start=2026-06-20T09:30:00+0000&duration=PT30M from server.
Fetching https://www.freeview.co.uk/api/program?sid=43&nid=64403&pid=crid://csi.digitaluk.co.uk/d9006147-5ba5-4835-b758-6385b9332633&start=2026-06-20T10:00:00+0000&duration=PT1H from server.
Fetching https://www.freeview.co.uk/api/program?sid=43&nid=64403&pid=crid://csi.digitaluk.co.uk/4e9771b2-9759-4547-bc5b-b93ff987b07d&start=2026-06-20T11:00:00+0000&duration=PT1H from server.
Fetching https://www.freeview.co.uk/api/program?sid=43&nid=64403&pid=crid://csi.digitaluk.co.uk/ea69b3c6-b091-448f-aa68-5f5dc31ccb7a&start=2026-06-20T12:00:00+0000&duration=PT1H from server.
Fetching https://www.freeview.co.uk/api/program?sid=43&nid=64403&pid=crid://csi.digitaluk.co.uk/a2e0d425-15c6-4a9b-b4ec-9c0a351d62b8&start=2026-06-20T13:00:00+0000&duration=PT1H from server.
Fetching https://www.freeview.co.uk/api/program?sid=43&nid=64403&pid=crid://csi.digitaluk.co.uk/da32f7f3-a663-43aa-bd34-1ab3a52331ee&start=2026-06-20T14:00:00+0000&duration=PT30M from server.
Fetching https://www.freeview.co.uk/api/program?sid=43&nid=64403&pid=crid://csi.digitaluk.co.uk/0ab55b8b-490f-4e0d-bc2e-c04ea4aec4ed&start=2026-06-20T14:30:00+0000&duration=PT30M from server.
Fetching https://www.freeview.co.uk/api/program?sid=43&nid=64403&pid=crid://csi.digitaluk.co.uk/3854277f-1988-46bf-a2a6-4b5a1ad2feee&start=2026-06-20T15:00:00+0000&duration=PT30M from server.
Fetching https://www.freeview.co.uk/api/program?sid=43&nid=64403&pid=crid://csi.digitaluk.co.uk/ab962af3-63ee-4e17-a42f-992515d8fb49&start=2026-06-20T15:30:00+0000&duration=PT30M from server.
Fetching https://www.freeview.co.uk/api/program?sid=43&nid=64403&pid=crid://csi.digitaluk.co.uk/f2526259-2757-40e4-894b-209c596e786e&start=2026-06-20T16:00:00+0000&duration=PT30M from server.
Fetching https://www.freeview.co.uk/api/program?sid=43&nid=64403&pid=crid://csi.digitaluk.co.uk/9eeb72d0-0404-430a-808c-80d7ce1e91f6&start=2026-06-20T16:30:00+0000&duration=PT30M from server.
Fetching https://www.freeview.co.uk/api/program?sid=43&nid=64403&pid=crid://csi.digitaluk.co.uk/916467c5-1ae8-4a0e-a2a7-d012f66bac96&start=2026-06-20T17:00:00+0000&duration=PT30M from server.
Fetching https://www.freeview.co.uk/api/program?sid=43&nid=64403&pid=crid://csi.digitaluk.co.uk/8e65e800-8fbf-4fef-81ab-deb20387293e&start=2026-06-20T17:30:00+0000&duration=PT30M from server.
Fetching https://www.freeview.co.uk/api/program?sid=43&nid=64403&pid=crid://csi.digitaluk.co.uk/c69cd2dc-3a73-4278-a7e4-f1c058d21162&start=2026-06-20T18:00:00+0000&duration=PT30M from server.
Fetching https://www.freeview.co.uk/api/program?sid=43&nid=64403&pid=crid://csi.digitaluk.co.uk/8f28200a-06fa-4e07-b533-3d63492ec73d&start=2026-06-20T18:30:00+0000&duration=PT30M from server.
Fetching https://www.freeview.co.uk/api/program?sid=43&nid=64403&pid=crid://csi.digitaluk.co.uk/7785fee2-208b-4a5c-9cb9-c5eab4d7859d&start=2026-06-20T19:00:00+0000&duration=PT1H from server.
Fetching https://www.freeview.co.uk/api/program?sid=43&nid=64403&pid=crid://csi.digitaluk.co.uk/71fd4e53-81fb-47de-b369-9d30c87a507b&start=2026-06-20T20:00:00+0000&duration=PT30M from server.
Fetching https://www.freeview.co.uk/api/program?sid=43&nid=64403&pid=crid://csi.digitaluk.co.uk/588e6213-1384-4dce-90a6-44d75338b52f&start=2026-06-20T20:30:00+0000&duration=PT30M from server.
Fetching https://www.freeview.co.uk/api/program?sid=43&nid=64403&pid=crid://csi.digitaluk.co.uk/7009b50a-a223-43c2-948f-cd8971d98fee&start=2026-06-20T21:00:00+0000&duration=PT30M from server.
Fetching https://www.freeview.co.uk/api/program?sid=43&nid=64403&pid=crid://csi.digitaluk.co.uk/8c546357-a764-45bc-a270-e88edffafb1a&start=2026-06-20T21:30:00+0000&duration=PT30M from server.
Fetching https://www.freeview.co.uk/api/program?sid=43&nid=64403&pid=crid://csi.digitaluk.co.uk/12823875-bba2-41f8-b8a3-1d0a19b65e77&start=2026-06-20T22:00:00+0000&duration=PT30M from server.
Fetching https://www.freeview.co.uk/api/program?sid=43&nid=64403&pid=crid://csi.digitaluk.co.uk/62fba760-c3d6-463b-9de9-e2d53e471a04&start=2026-06-20T22:30:00+0000&duration=PT30M from server.
Fetching https://www.freeview.co.uk/api/program?sid=43&nid=64403&pid=crid://csi.digitaluk.co.uk/e2e671e1-5e68-422a-98b1-56f00e8a31b3&start=2026-06-20T23:00:00+0000&duration=PT30M from server.
Fetching https://www.freeview.co.uk/api/program?sid=43&nid=64403&pid=crid://csi.digitaluk.co.uk/88c38221-c411-4f64-84fd-2f1740641808&start=2026-06-20T23:30:00+0000&duration=PT30M from server.
### Wanted 23712 
Fetching https://www.freeview.co.uk/api/program?sid=44&nid=64403&pid=crid://csi.digitaluk.co.uk/6aba9318-1817-4fe1-afc5-a34a5863e067&start=2026-06-20T00:00:00+0000&duration=PT1H from server.
Fetching https://www.freeview.co.uk/api/program?sid=44&nid=64403&pid=crid://csi.digitaluk.co.uk/c7f4de0c-9513-42b9-a901-63a8ec8f6011&start=2026-06-20T01:00:00+0000&duration=PT2H from server.
Fetching https://www.freeview.co.uk/api/program?sid=44&nid=64403&pid=crid://csi.digitaluk.co.uk/321e576a-39c8-4dcf-a99d-f19a113144bf&start=2026-06-20T03:00:00+0000&duration=PT1H from server.
Fetching https://www.freeview.co.uk/api/program?sid=44&nid=64403&pid=crid://csi.digitaluk.co.uk/ea64420f-f56f-4845-9bf9-0439b1adda74&start=2026-06-20T04:00:00+0000&duration=PT1H from server.
Fetching https://www.freeview.co.uk/api/program?sid=44&nid=64403&pid=crid://csi.digitaluk.co.uk/08c1a7a4-e251-45ff-a58e-9ff9b2d54f89&start=2026-06-20T05:00:00+0000&duration=PT1H from server.
Fetching https://www.freeview.co.uk/api/program?sid=44&nid=64403&pid=crid://csi.digitaluk.co.uk/13010883-2adc-476b-b2d6-0cfcfbe09920&start=2026-06-20T06:00:00+0000&duration=PT1H from server.
Fetching https://www.freeview.co.uk/api/program?sid=44&nid=64403&pid=crid://csi.digitaluk.co.uk/6f193160-41a5-4c00-9f5b-449bb8d0ac90&start=2026-06-20T07:00:00+0000&duration=PT1H from server.
Fetching https://www.freeview.co.uk/api/program?sid=44&nid=64403&pid=crid://csi.digitaluk.co.uk/dee8cd20-e194-495f-b703-bba7da3188e3&start=2026-06-20T08:00:00+0000&duration=PT1H from server.
Fetching https://www.freeview.co.uk/api/program?sid=44&nid=64403&pid=crid://csi.digitaluk.co.uk/ed66c9a9-fba5-48a4-aa0d-abf5ef352720&start=2026-06-20T09:00:00+0000&duration=PT1H from server.
Fetching https://www.freeview.co.uk/api/program?sid=44&nid=64403&pid=crid://csi.digitaluk.co.uk/7cd46725-5f5a-4fe7-8586-08e3f86089bd&start=2026-06-20T10:00:00+0000&duration=PT1H from server.
Fetching https://www.freeview.co.uk/api/program?sid=44&nid=64403&pid=crid://csi.digitaluk.co.uk/0508d2a0-a49b-4b90-9405-a337ece0a28b&start=2026-06-20T11:00:00+0000&duration=PT1H from server.
Fetching https://www.freeview.co.uk/api/program?sid=44&nid=64403&pid=crid://csi.digitaluk.co.uk/060df0fe-7377-4495-829e-3c77cb4c4677&start=2026-06-20T12:00:00+0000&duration=PT1H from server.
Fetching https://www.freeview.co.uk/api/program?sid=44&nid=64403&pid=crid://csi.digitaluk.co.uk/de8470e5-6430-4f4a-85e1-fd09570b0e03&start=2026-06-20T13:00:00+0000&duration=PT1H from server.
Fetching https://www.freeview.co.uk/api/program?sid=44&nid=64403&pid=crid://csi.digitaluk.co.uk/a1cc88c9-03eb-4e5d-99c3-cfeb81f5b782&start=2026-06-20T14:00:00+0000&duration=PT1H from server.
Fetching https://www.freeview.co.uk/api/program?sid=44&nid=64403&pid=crid://csi.digitaluk.co.uk/18d6a2eb-3799-4bd4-a8ba-2fa7cdb0d7ff&start=2026-06-20T15:00:00+0000&duration=PT1H from server.
Fetching https://www.freeview.co.uk/api/program?sid=44&nid=64403&pid=crid://csi.digitaluk.co.uk/a8e116d1-bae0-40b8-a952-97e5b0a1821d&start=2026-06-20T16:00:00+0000&duration=PT1H from server.
Fetching https://www.freeview.co.uk/api/program?sid=44&nid=64403&pid=crid://csi.digitaluk.co.uk/8e678066-a3c8-40be-a95d-b2594121aac1&start=2026-06-20T17:00:00+0000&duration=PT1H from server.
Fetching https://www.freeview.co.uk/api/program?sid=44&nid=64403&pid=crid://csi.digitaluk.co.uk/cde2f6bf-9f23-436a-9fb7-a3a2f565b15f&start=2026-06-20T18:00:00+0000&duration=PT1H from server.
Fetching https://www.freeview.co.uk/api/program?sid=44&nid=64403&pid=crid://csi.digitaluk.co.uk/36f69dcc-e548-4baa-8895-f598732bee14&start=2026-06-20T19:00:00+0000&duration=PT1H from server.
Fetching https://www.freeview.co.uk/api/program?sid=44&nid=64403&pid=crid://csi.digitaluk.co.uk/79a4e283-5628-4679-82ae-77e8f31c5341&start=2026-06-20T20:00:00+0000&duration=PT30M from server.
Fetching https://www.freeview.co.uk/api/program?sid=44&nid=64403&pid=crid://csi.digitaluk.co.uk/2b485c98-c9f1-42ec-98ea-d826bcdb5c9a&start=2026-06-20T20:30:00+0000&duration=PT30M from server.
Fetching https://www.freeview.co.uk/api/program?sid=44&nid=64403&pid=crid://csi.digitaluk.co.uk/9cd4160e-bf91-4e8a-8b17-985c4815aa3b&start=2026-06-20T21:00:00+0000&duration=PT30M from server.
Fetching https://www.freeview.co.uk/api/program?sid=44&nid=64403&pid=crid://csi.digitaluk.co.uk/0cbb0c48-a188-4696-ae01-5306faade969&start=2026-06-20T21:30:00+0000&duration=PT30M from server.
Fetching https://www.freeview.co.uk/api/program?sid=44&nid=64403&pid=crid://csi.digitaluk.co.uk/52263dca-dd3e-49d1-b3dc-da65ed3f3868&start=2026-06-20T22:00:00+0000&duration=PT1H from server.
Fetching https://www.freeview.co.uk/api/program?sid=44&nid=64403&pid=crid://csi.digitaluk.co.uk/73a87292-1ffc-45af-8b76-433b7fa681f5&start=2026-06-20T23:00:00+0000&duration=PT1H from server.
## Wanted 20256 
Fetching https://www.freeview.co.uk/api/program?sid=46&nid=64403&pid=crid://panorama.five.tv/versions/C5507220003A&start=2026-06-20T00:45:00+0000&duration=PT1H from server.
Fetching https://www.freeview.co.uk/api/program?sid=46&nid=64403&pid=crid://panorama.five.tv/versions/C5404080009A&start=2026-06-20T01:45:00+0000&duration=PT50M from server.
Fetching https://www.freeview.co.uk/api/program?sid=46&nid=64403&pid=crid://panorama.five.tv/versions/C5410200003A&start=2026-06-20T02:35:00+0000&duration=PT25M from server.
Fetching https://www.freeview.co.uk/api/program?sid=46&nid=64403&pid=crid://panorama.five.tv/versions/C5266540001A&start=2026-06-20T03:00:00+0000&duration=PT2H from server.
Fetching https://www.freeview.co.uk/api/program?sid=46&nid=64403&pid=crid://panorama.five.tv/versions/C5480340001A&start=2026-06-20T05:00:00+0000&duration=PT30M from server.
Fetching https://www.freeview.co.uk/api/program?sid=46&nid=64403&pid=crid://panorama.five.tv/versions/C5533960001A&start=2026-06-20T05:30:00+0000&duration=PT30M from server.
Fetching https://www.freeview.co.uk/api/program?sid=46&nid=64403&pid=crid://panorama.five.tv/versions/C5480340001A&start=2026-06-20T06:00:00+0000&duration=PT30M from server.
Fetching https://www.freeview.co.uk/api/program?sid=46&nid=64403&pid=crid://panorama.five.tv/versions/C5535920001A&start=2026-06-20T06:30:00+0000&duration=PT30M from server.
Fetching https://www.freeview.co.uk/api/program?sid=46&nid=64403&pid=crid://panorama.five.tv/versions/C5349600001A&start=2026-06-20T07:00:00+0000&duration=PT1H from server.
Fetching https://www.freeview.co.uk/api/program?sid=46&nid=64403&pid=crid://panorama.five.tv/versions/C5269420007C&start=2026-06-20T08:00:00+0000&duration=PT1H from server.
Fetching https://www.freeview.co.uk/api/program?sid=46&nid=64403&pid=crid://panorama.five.tv/versions/C5269420008A&start=2026-06-20T09:00:00+0000&duration=PT1H from server.
Fetching https://www.freeview.co.uk/api/program?sid=46&nid=64403&pid=crid://panorama.five.tv/versions/C5269420009B&start=2026-06-20T10:00:00+0000&duration=PT1H from server.
Fetching https://www.freeview.co.uk/api/program?sid=46&nid=64403&pid=crid://panorama.five.tv/versions/C5269420010A&start=2026-06-20T11:00:00+0000&duration=PT1H from server.
Fetching https://www.freeview.co.uk/api/program?sid=46&nid=64403&pid=crid://panorama.five.tv/versions/C5269420011A&start=2026-06-20T12:00:00+0000&duration=PT1H from server.
Fetching https://www.freeview.co.uk/api/program?sid=46&nid=64403&pid=crid://panorama.five.tv/versions/C5269420012A&start=2026-06-20T13:00:00+0000&duration=PT1H from server.
Fetching https://www.freeview.co.uk/api/program?sid=46&nid=64403&pid=crid://panorama.five.tv/versions/C5269420013A&start=2026-06-20T14:00:00+0000&duration=PT1H from server.
Fetching https://www.freeview.co.uk/api/program?sid=46&nid=64403&pid=crid://panorama.five.tv/versions/C5269420014A&start=2026-06-20T15:00:00+0000&duration=PT1H from server.
Fetching https://www.freeview.co.uk/api/program?sid=46&nid=64403&pid=crid://panorama.five.tv/versions/C5269420015A&start=2026-06-20T16:00:00+0000&duration=PT1H from server.
Fetching https://www.freeview.co.uk/api/program?sid=46&nid=64403&pid=crid://panorama.five.tv/versions/C5269420016B&start=2026-06-20T17:00:00+0000&duration=PT1H from server.
Fetching https://www.freeview.co.uk/api/program?sid=46&nid=64403&pid=crid://panorama.five.tv/versions/C5418620001A&start=2026-06-20T18:00:00+0000&duration=PT2H from server.
Fetching https://www.freeview.co.uk/api/program?sid=46&nid=64403&pid=crid://panorama.five.tv/versions/C5340920004A&start=2026-06-20T20:00:00+0000&duration=PT1H30M from server.
Fetching https://www.freeview.co.uk/api/program?sid=46&nid=64403&pid=crid://panorama.five.tv/versions/C5340920006B&start=2026-06-20T21:30:00+0000&duration=PT1H30M from server.
Fetching https://www.freeview.co.uk/api/program?sid=46&nid=64403&pid=crid://panorama.five.tv/versions/C5356900003A&start=2026-06-20T23:00:00+0000&duration=PT1H from server.
### Wanted 8460 
Fetching https://www.freeview.co.uk/api/program?sid=49&nid=64403&pid=crid://csi.digitaluk.co.uk/9c7fc547-4d3b-43c0-bf7f-54698260213c&start=2026-06-20T00:05:00+0000&duration=PT1H from server.
Fetching https://www.freeview.co.uk/api/program?sid=49&nid=64403&pid=crid://csi.digitaluk.co.uk/53f4fc60-e5b4-40ae-bef3-5a8a16735dbc&start=2026-06-20T01:05:00+0000&duration=PT1H from server.
Fetching https://www.freeview.co.uk/api/program?sid=49&nid=64403&pid=crid://csi.digitaluk.co.uk/70009657-c414-4d1d-8e8a-522a6f1f16f5&start=2026-06-20T02:05:00+0000&duration=PT55M from server.
Fetching https://www.freeview.co.uk/api/program?sid=49&nid=64403&pid=crid://movida.bebanjo.net/mas/version/77743/004/ASDELIVERED/C&start=2026-06-20T03:00:00+0000&duration=PT1H from server.
Fetching https://www.freeview.co.uk/api/program?sid=49&nid=64403&pid=crid://csi.digitaluk.co.uk/7fd03095-7560-41ba-a063-2ca48e8480ee&start=2026-06-20T04:00:00+0000&duration=PT2H from server.
Fetching https://www.freeview.co.uk/api/program?sid=49&nid=64403&pid=crid://csi.digitaluk.co.uk/85f148d8-c69a-4170-a1c2-6f81e2259cae&start=2026-06-20T06:00:00+0000&duration=PT2H from server.
Fetching https://www.freeview.co.uk/api/program?sid=49&nid=64403&pid=crid://csi.digitaluk.co.uk/79c0ce8b-d14f-40a6-ba5b-b3c08cf0c05a&start=2026-06-20T08:00:00+0000&duration=PT1H from server.
Fetching https://www.freeview.co.uk/api/program?sid=49&nid=64403&pid=crid://csi.digitaluk.co.uk/df5e721a-5ed7-44f3-941d-79cdde2346d4&start=2026-06-20T09:00:00+0000&duration=PT1H from server.
Fetching https://www.freeview.co.uk/api/program?sid=49&nid=64403&pid=crid://csi.digitaluk.co.uk/fc681e6c-6be7-4d74-9a8b-d19d34165bce&start=2026-06-20T10:00:00+0000&duration=PT30M from server.
Fetching https://www.freeview.co.uk/api/program?sid=49&nid=64403&pid=crid://csi.digitaluk.co.uk/5bbcfc9e-c411-4a79-afe7-05ba042b5883&start=2026-06-20T10:30:00+0000&duration=PT30M from server.
Fetching https://www.freeview.co.uk/api/program?sid=49&nid=64403&pid=crid://csi.digitaluk.co.uk/9c25591e-510d-4428-ba7f-02a1781161bf&start=2026-06-20T11:00:00+0000&duration=PT30M from server.
Fetching https://www.freeview.co.uk/api/program?sid=49&nid=64403&pid=crid://csi.digitaluk.co.uk/ce8d3139-a075-4a14-894f-79aecaaac387&start=2026-06-20T11:30:00+0000&duration=PT30M from server.
Fetching https://www.freeview.co.uk/api/program?sid=49&nid=64403&pid=crid://csi.digitaluk.co.uk/c23a539b-c4ee-4ce2-a803-156823c44533&start=2026-06-20T12:00:00+0000&duration=PT30M from server.
Fetching https://www.freeview.co.uk/api/program?sid=49&nid=64403&pid=crid://csi.digitaluk.co.uk/c3520e18-8818-4619-be46-545f49a91e0d&start=2026-06-20T12:30:00+0000&duration=PT30M from server.
Fetching https://www.freeview.co.uk/api/program?sid=49&nid=64403&pid=crid://csi.digitaluk.co.uk/e323849b-e3fe-49c9-aa1a-df7653382958&start=2026-06-20T13:00:00+0000&duration=PT1H from server.
Fetching https://www.freeview.co.uk/api/program?sid=49&nid=64403&pid=crid://movida.bebanjo.net/mas/version/77950/001/ASDELIVERED/C&start=2026-06-20T14:00:00+0000&duration=PT1H from server.
Fetching https://www.freeview.co.uk/api/program?sid=49&nid=64403&pid=crid://csi.digitaluk.co.uk/863a6524-c543-4409-83ec-31b658f73938&start=2026-06-20T15:00:00+0000&duration=PT1H from server.
Fetching https://www.freeview.co.uk/api/program?sid=49&nid=64403&pid=crid://csi.digitaluk.co.uk/a0291492-9f60-46d6-ad00-97bd29d28838&start=2026-06-20T16:00:00+0000&duration=PT1H from server.
Fetching https://www.freeview.co.uk/api/program?sid=49&nid=64403&pid=crid://csi.digitaluk.co.uk/d1f86910-3c83-42b8-9541-1a78e2a2e889&start=2026-06-20T17:00:00+0000&duration=PT1H from server.
Fetching https://www.freeview.co.uk/api/program?sid=49&nid=64403&pid=crid://csi.digitaluk.co.uk/b05c2ddf-fd8c-48f9-863c-b6a001e0cea3&start=2026-06-20T18:00:00+0000&duration=PT1H from server.
Fetching https://www.freeview.co.uk/api/program?sid=49&nid=64403&pid=crid://movida.bebanjo.net/mas/version/75608/012/ASDELIVERED/C&start=2026-06-20T19:00:00+0000&duration=PT1H from server.
Fetching https://www.freeview.co.uk/api/program?sid=49&nid=64403&pid=crid://csi.digitaluk.co.uk/72fd0654-53e0-422a-bec0-2d5741cf2cde&start=2026-06-20T20:00:00+0000&duration=PT1H from server.
Fetching https://www.freeview.co.uk/api/program?sid=49&nid=64403&pid=crid://movida.bebanjo.net/mas/version/77436/001/POSTWATERSHED2100/C&start=2026-06-20T21:00:00+0000&duration=PT1H from server.
Fetching https://www.freeview.co.uk/api/program?sid=49&nid=64403&pid=crid://movida.bebanjo.net/mas/version/78253/014/ASDELIVERED/C&start=2026-06-20T22:00:00+0000&duration=PT1H from server.
Fetching https://www.freeview.co.uk/api/program?sid=49&nid=64403&pid=crid://csi.digitaluk.co.uk/45510e1a-79de-468f-ad1f-ca66412fb8b7&start=2026-06-20T23:00:00+0000&duration=PT1H10M from server.
## Wanted 14384 
Fetching https://www.freeview.co.uk/api/program?sid=64&nid=64403&pid=crid://csi.digitaluk.co.uk/d8376711-9f7e-4f74-9cb3-df6f13b5c96e&start=2026-06-20T00:00:00+0000&duration=PT1H from server.
Fetching https://www.freeview.co.uk/api/program?sid=64&nid=64403&pid=crid://csi.digitaluk.co.uk/e1003b7c-3883-4b71-90fb-d5ffc8cfb434&start=2026-06-20T01:00:00+0000&duration=PT1H from server.
Fetching https://www.freeview.co.uk/api/program?sid=64&nid=64403&pid=crid://csi.digitaluk.co.uk/4f43c9d6-2198-48db-ac80-e1b1e82f0292&start=2026-06-20T02:00:00+0000&duration=PT45M from server.
Fetching https://www.freeview.co.uk/api/program?sid=64&nid=64403&pid=crid://csi.digitaluk.co.uk/732c2888-a89b-4555-8468-2e52f5f9f139&start=2026-06-20T02:45:00+0000&duration=PT25M from server.
Fetching https://www.freeview.co.uk/api/program?sid=64&nid=64403&pid=crid://csi.digitaluk.co.uk/979c56ba-70c2-408e-b80e-67e58c2ebb9d&start=2026-06-20T03:10:00+0000&duration=PT25M from server.
Fetching https://www.freeview.co.uk/api/program?sid=64&nid=64403&pid=crid://csi.digitaluk.co.uk/384887fc-fc5f-4487-b8f1-f017a884d634&start=2026-06-20T03:35:00+0000&duration=PT25M from server.
Fetching https://www.freeview.co.uk/api/program?sid=64&nid=64403&pid=crid://csi.digitaluk.co.uk/f72cd885-4e68-4eb9-aefd-997e395fc754&start=2026-06-20T04:00:00+0000&duration=PT1H from server.
Fetching https://www.freeview.co.uk/api/program?sid=64&nid=64403&pid=crid://csi.digitaluk.co.uk/8623a832-3add-483a-945b-5995c7c73eb5&start=2026-06-20T05:00:00+0000&duration=PT20M from server.
Fetching https://www.freeview.co.uk/api/program?sid=64&nid=64403&pid=crid://csi.digitaluk.co.uk/8f45d8d5-342c-44a6-831c-8f243ace5dba&start=2026-06-20T05:20:00+0000&duration=PT25M from server.
Fetching https://www.freeview.co.uk/api/program?sid=64&nid=64403&pid=crid://csi.digitaluk.co.uk/2488fdf7-3ec9-402b-909a-d5a421529bb3&start=2026-06-20T05:45:00+0000&duration=PT25M from server.
Fetching https://www.freeview.co.uk/api/program?sid=64&nid=64403&pid=crid://csi.digitaluk.co.uk/0b7ffc19-1b0d-45da-8b10-be97f6dad64c&start=2026-06-20T06:10:00+0000&duration=PT20M from server.
Fetching https://www.freeview.co.uk/api/program?sid=64&nid=64403&pid=crid://csi.digitaluk.co.uk/daa9a6ad-bba7-4075-8d6e-6b07285834fe&start=2026-06-20T06:30:00+0000&duration=PT25M from server.
Fetching https://www.freeview.co.uk/api/program?sid=64&nid=64403&pid=crid://csi.digitaluk.co.uk/a4528d5e-9f94-44a4-a6eb-ca2d5d72f947&start=2026-06-20T06:55:00+0000&duration=PT25M from server.
Fetching https://www.freeview.co.uk/api/program?sid=64&nid=64403&pid=crid://csi.digitaluk.co.uk/67171978-25bc-47a7-a690-52acb341caab&start=2026-06-20T07:20:00+0000&duration=PT55M from server.
Fetching https://www.freeview.co.uk/api/program?sid=64&nid=64403&pid=crid://csi.digitaluk.co.uk/ebd33892-027b-47bc-b198-88811c269774&start=2026-06-20T08:15:00+0000&duration=PT55M from server.
Fetching https://www.freeview.co.uk/api/program?sid=64&nid=64403&pid=crid://csi.digitaluk.co.uk/b2005f09-4188-447f-8fff-a49e14ab4aef&start=2026-06-20T09:10:00+0000&duration=PT1H from server.
Fetching https://www.freeview.co.uk/api/program?sid=64&nid=64403&pid=crid://csi.digitaluk.co.uk/34fcc27d-d329-4956-b007-e5f2d267d962&start=2026-06-20T10:10:00+0000&duration=PT55M from server.
Fetching https://www.freeview.co.uk/api/program?sid=64&nid=64403&pid=crid://csi.digitaluk.co.uk/2bdcc9d4-54c5-469a-a3d2-6eeb39a8a81e&start=2026-06-20T11:05:00+0000&duration=PT1H from server.
Fetching https://www.freeview.co.uk/api/program?sid=64&nid=64403&pid=crid://csi.digitaluk.co.uk/29c86381-b920-4e39-b153-4b6e36e8e693&start=2026-06-20T12:05:00+0000&duration=PT1H from server.
Fetching https://www.freeview.co.uk/api/program?sid=64&nid=64403&pid=crid://csi.digitaluk.co.uk/83615371-f7f1-4cfd-a1d9-88fa3b184940&start=2026-06-20T13:05:00+0000&duration=PT1H from server.
Fetching https://www.freeview.co.uk/api/program?sid=64&nid=64403&pid=crid://csi.digitaluk.co.uk/1dd8bf78-248a-40d2-89ff-52b149a34527&start=2026-06-20T14:05:00+0000&duration=PT1H from server.
Fetching https://www.freeview.co.uk/api/program?sid=64&nid=64403&pid=crid://csi.digitaluk.co.uk/8007465f-0cb0-4f7b-9ef6-7778372ee72e&start=2026-06-20T15:05:00+0000&duration=PT1H from server.
Fetching https://www.freeview.co.uk/api/program?sid=64&nid=64403&pid=crid://csi.digitaluk.co.uk/c1b86768-56f6-4a3c-b6bb-f3e3afb5323b&start=2026-06-20T16:05:00+0000&duration=PT55M from server.
Fetching https://www.freeview.co.uk/api/program?sid=64&nid=64403&pid=crid://csi.digitaluk.co.uk/73f02ea5-c4c6-4d6f-bf74-358f3046fa3c&start=2026-06-20T17:00:00+0000&duration=PT1H from server.
Fetching https://www.freeview.co.uk/api/program?sid=64&nid=64403&pid=crid://csi.digitaluk.co.uk/799823e4-b53a-465f-b845-459fe3aeb860&start=2026-06-20T18:00:00+0000&duration=PT1H from server.
Fetching https://www.freeview.co.uk/api/program?sid=64&nid=64403&pid=crid://csi.digitaluk.co.uk/efdb0c73-6def-4df6-83d2-5e686bca9909&start=2026-06-20T19:00:00+0000&duration=PT1H from server.
Fetching https://www.freeview.co.uk/api/program?sid=64&nid=64403&pid=crid://csi.digitaluk.co.uk/757973f4-d516-4940-ba7e-1f9d8a1aa648&start=2026-06-20T20:00:00+0000&duration=PT1H from server.
Fetching https://www.freeview.co.uk/api/program?sid=64&nid=64403&pid=crid://csi.digitaluk.co.uk/c623d532-4a1f-415d-b6c4-9d1d95d5eb95&start=2026-06-20T21:00:00+0000&duration=PT1H5M from server.
Fetching https://www.freeview.co.uk/api/program?sid=64&nid=64403&pid=crid://csi.digitaluk.co.uk/fd00d01e-65a8-41d2-9cf3-cee1f06a17f0&start=2026-06-20T22:05:00+0000&duration=PT1H from server.
Fetching https://www.freeview.co.uk/api/program?sid=64&nid=64403&pid=crid://csi.digitaluk.co.uk/ee4b4089-1556-430b-af2f-89d9303fe2c1&start=2026-06-20T23:05:00+0000&duration=PT55M from server.
### Wanted 17856 
Fetching https://www.freeview.co.uk/api/program?sid=103&nid=64403&pid=crid://csi.digitaluk.co.uk/26b77280-8f96-4546-9216-4cf1fe1e31e3&start=2026-06-20T00:15:00+0000&duration=PT2H35M from server.
Fetching https://www.freeview.co.uk/api/program?sid=103&nid=64403&pid=crid://csi.digitaluk.co.uk/479d5cfa-0d5a-4feb-b6ae-dbaf8938214a&start=2026-06-20T02:50:00+0000&duration=PT2H45M from server.
Fetching https://www.freeview.co.uk/api/program?sid=103&nid=64403&pid=crid://csi.digitaluk.co.uk/bf52c73e-58eb-45f4-a000-cb4dfd19b231&start=2026-06-20T05:35:00+0000&duration=PT55M from server.
Fetching https://www.freeview.co.uk/api/program?sid=103&nid=64403&pid=crid://csi.digitaluk.co.uk/af4579f1-7004-40a5-b7ee-0548e78ba16e&start=2026-06-20T06:30:00+0000&duration=PT55M from server.
Fetching https://www.freeview.co.uk/api/program?sid=103&nid=64403&pid=crid://csi.digitaluk.co.uk/74ce4e7c-dee0-4496-bcea-c52e3347c54e&start=2026-06-20T07:25:00+0000&duration=PT1H from server.
Fetching https://www.freeview.co.uk/api/program?sid=103&nid=64403&pid=crid://csi.digitaluk.co.uk/965ec78a-3248-4469-9c35-137db0098ef7&start=2026-06-20T08:25:00+0000&duration=PT5M from server.
Fetching https://www.freeview.co.uk/api/program?sid=103&nid=64403&pid=crid://csi.digitaluk.co.uk/23dd5e44-f490-4be6-8bcb-02da2f5b76c9&start=2026-06-20T08:30:00+0000&duration=PT2H35M from server.
Fetching https://www.freeview.co.uk/api/program?sid=103&nid=64403&pid=crid://csi.digitaluk.co.uk/a94aac66-1f84-450a-9c60-96884265e0ac&start=2026-06-20T11:05:00+0000&duration=PT30M from server.
Fetching https://www.freeview.co.uk/api/program?sid=103&nid=64403&pid=crid://csi.digitaluk.co.uk/00060641-4182-47e4-b9cc-0a1fe012a12f&start=2026-06-20T11:35:00+0000&duration=PT35M from server.
Fetching https://www.freeview.co.uk/api/program?sid=103&nid=64403&pid=crid://csi.digitaluk.co.uk/10607897-a605-4138-ad5c-a838e9d00975&start=2026-06-20T12:10:00+0000&duration=PT15M from server.
Fetching https://www.freeview.co.uk/api/program?sid=103&nid=64403&pid=crid://csi.digitaluk.co.uk/3c6bd416-3c0a-4a8b-8162-9658ed4d3429&start=2026-06-20T12:25:00+0000&duration=PT5H15M from server.
Fetching https://www.freeview.co.uk/api/program?sid=103&nid=64403&pid=crid://csi.digitaluk.co.uk/30df29d3-39c0-4354-9e9b-a3bdedd20981&start=2026-06-20T17:40:00+0000&duration=PT5M from server.
Fetching https://www.freeview.co.uk/api/program?sid=103&nid=64403&pid=crid://csi.digitaluk.co.uk/004b0f1b-9df6-413d-b83b-e3c8a5ff5113&start=2026-06-20T17:45:00+0000&duration=PT15M from server.
Fetching https://www.freeview.co.uk/api/program?sid=103&nid=64403&pid=crid://csi.digitaluk.co.uk/2c9b9e14-9942-4d9f-89ff-015ef53671f4&start=2026-06-20T18:00:00+0000&duration=PT1H from server.
Fetching https://www.freeview.co.uk/api/program?sid=103&nid=64403&pid=crid://csi.digitaluk.co.uk/395361a6-16ad-4aef-ab35-37a6ace4e91c&start=2026-06-20T19:00:00+0000&duration=PT3H35M from server.
Fetching https://www.freeview.co.uk/api/program?sid=103&nid=64403&pid=crid://csi.digitaluk.co.uk/b8af7018-b34c-46ae-acbd-e0853c52dbfe&start=2026-06-20T22:35:00+0000&duration=PT20M from server.
Fetching https://www.freeview.co.uk/api/program?sid=103&nid=64403&pid=crid://csi.digitaluk.co.uk/24714763-5dfe-4dc8-b524-a103e772d587&start=2026-06-20T22:55:00+0000&duration=PT30M from server.
Fetching https://www.freeview.co.uk/api/program?sid=103&nid=64403&pid=crid://csi.digitaluk.co.uk/f5c20db1-bf7b-439f-9842-221926e4d005&start=2026-06-20T23:25:00+0000&duration=PT2H35M from server.
## Wanted 22080 
Fetching https://www.freeview.co.uk/api/program?sid=233&nid=64403&pid=crid://csi.digitaluk.co.uk/0d736cf3-cad8-4d41-8abe-f23141870c75&start=2026-06-20T00:00:00+0000&duration=PT1H from server.
Fetching https://www.freeview.co.uk/api/program?sid=233&nid=64403&pid=crid://csi.digitaluk.co.uk/0f63eab6-cb6a-4bfe-aad1-509dbf7e99ab&start=2026-06-20T01:00:00+0000&duration=PT1H from server.
Fetching https://www.freeview.co.uk/api/program?sid=233&nid=64403&pid=crid://csi.digitaluk.co.uk/f75d3da6-77cd-4cfc-a688-fe124818fc07&start=2026-06-20T02:00:00+0000&duration=PT1H from server.
Fetching https://www.freeview.co.uk/api/program?sid=233&nid=64403&pid=crid://csi.digitaluk.co.uk/7db2c007-c053-4dc4-8ff1-dc67d2a552ae&start=2026-06-20T03:00:00+0000&duration=PT1H from server.
Fetching https://www.freeview.co.uk/api/program?sid=233&nid=64403&pid=crid://csi.digitaluk.co.uk/8a9fabbd-477a-4a42-b64a-3287381ace52&start=2026-06-20T04:00:00+0000&duration=PT1H from server.
Fetching https://www.freeview.co.uk/api/program?sid=233&nid=64403&pid=crid://csi.digitaluk.co.uk/ba5095db-e9a1-495f-ba13-a807ab2f51dd&start=2026-06-20T05:00:00+0000&duration=PT30M from server.
Fetching https://www.freeview.co.uk/api/program?sid=233&nid=64403&pid=crid://csi.digitaluk.co.uk/196d8e2f-9b3a-44a1-9aac-7c9ef143a63f&start=2026-06-20T05:30:00+0000&duration=PT30M from server.
Fetching https://www.freeview.co.uk/api/program?sid=233&nid=64403&pid=crid://csi.digitaluk.co.uk/c6958858-1cd5-4bbe-86ed-12450c551246&start=2026-06-20T06:00:00+0000&duration=PT30M from server.
Fetching https://www.freeview.co.uk/api/program?sid=233&nid=64403&pid=crid://csi.digitaluk.co.uk/04497f81-f058-4d3f-8aaf-766139907f13&start=2026-06-20T06:30:00+0000&duration=PT30M from server.
Fetching https://www.freeview.co.uk/api/program?sid=233&nid=64403&pid=crid://csi.digitaluk.co.uk/367b16b4-051a-4536-ac70-a8047dce1f6d&start=2026-06-20T07:00:00+0000&duration=PT30M from server.
Fetching https://www.freeview.co.uk/api/program?sid=233&nid=64403&pid=crid://csi.digitaluk.co.uk/7fb833af-f399-4487-b251-660eba69a009&start=2026-06-20T07:30:00+0000&duration=PT30M from server.
Fetching https://www.freeview.co.uk/api/program?sid=233&nid=64403&pid=crid://csi.digitaluk.co.uk/a8fc3fa5-1b89-4195-aeb8-8e840af01bdd&start=2026-06-20T08:00:00+0000&duration=PT30M from server.
Fetching https://www.freeview.co.uk/api/program?sid=233&nid=64403&pid=crid://csi.digitaluk.co.uk/1b5fb848-2783-4222-b2e4-ac1ee4568caa&start=2026-06-20T08:30:00+0000&duration=PT30M from server.
Fetching https://www.freeview.co.uk/api/program?sid=233&nid=64403&pid=crid://csi.digitaluk.co.uk/a421f806-edff-44e4-869b-113045fc93bc&start=2026-06-20T09:00:00+0000&duration=PT30M from server.
Fetching https://www.freeview.co.uk/api/program?sid=233&nid=64403&pid=crid://csi.digitaluk.co.uk/bf8aea5c-f454-4bf7-89df-2be1d92fcc7a&start=2026-06-20T09:30:00+0000&duration=PT30M from server.
Fetching https://www.freeview.co.uk/api/program?sid=233&nid=64403&pid=crid://csi.digitaluk.co.uk/28e9353a-1025-4188-aa22-5e4552154d86&start=2026-06-20T10:00:00+0000&duration=PT30M from server.
Fetching https://www.freeview.co.uk/api/program?sid=233&nid=64403&pid=crid://csi.digitaluk.co.uk/b09a054c-b03c-4277-9c68-d761afab4191&start=2026-06-20T10:30:00+0000&duration=PT30M from server.
Fetching https://www.freeview.co.uk/api/program?sid=233&nid=64403&pid=crid://csi.digitaluk.co.uk/70fe0fc7-dfac-411f-aaf0-664169ab4f68&start=2026-06-20T11:00:00+0000&duration=PT30M from server.
Fetching https://www.freeview.co.uk/api/program?sid=233&nid=64403&pid=crid://csi.digitaluk.co.uk/ced6ca96-bebd-447d-9bc9-d77e111392bb&start=2026-06-20T11:30:00+0000&duration=PT30M from server.
Fetching https://www.freeview.co.uk/api/program?sid=233&nid=64403&pid=crid://csi.digitaluk.co.uk/6e863492-26dc-420d-b8fc-afb17473b10a&start=2026-06-20T12:00:00+0000&duration=PT30M from server.
Fetching https://www.freeview.co.uk/api/program?sid=233&nid=64403&pid=crid://csi.digitaluk.co.uk/098caa91-f43f-4e24-a0cf-77009588c146&start=2026-06-20T12:30:00+0000&duration=PT30M from server.
Fetching https://www.freeview.co.uk/api/program?sid=233&nid=64403&pid=crid://csi.digitaluk.co.uk/978767f6-9380-4bae-aa50-fcc962b0653d&start=2026-06-20T13:00:00+0000&duration=PT30M from server.
Fetching https://www.freeview.co.uk/api/program?sid=233&nid=64403&pid=crid://csi.digitaluk.co.uk/6f950567-b1b2-40f4-8c46-e90e0a7b3336&start=2026-06-20T13:30:00+0000&duration=PT30M from server.
Fetching https://www.freeview.co.uk/api/program?sid=233&nid=64403&pid=crid://csi.digitaluk.co.uk/b12bccc7-7540-4bab-bb01-1e0b5247efae&start=2026-06-20T14:00:00+0000&duration=PT30M from server.
Fetching https://www.freeview.co.uk/api/program?sid=233&nid=64403&pid=crid://csi.digitaluk.co.uk/6e2c667d-6478-4733-86c5-c461d8791de0&start=2026-06-20T14:30:00+0000&duration=PT30M from server.
Fetching https://www.freeview.co.uk/api/program?sid=233&nid=64403&pid=crid://csi.digitaluk.co.uk/ae98b866-78f3-4380-98e1-ac7b8e54c4e3&start=2026-06-20T15:00:00+0000&duration=PT30M from server.
Fetching https://www.freeview.co.uk/api/program?sid=233&nid=64403&pid=crid://csi.digitaluk.co.uk/375f8e76-8f33-469e-99aa-4aac68bdc140&start=2026-06-20T15:30:00+0000&duration=PT30M from server.
Fetching https://www.freeview.co.uk/api/program?sid=233&nid=64403&pid=crid://csi.digitaluk.co.uk/96124b23-c500-4671-8dac-e42af410f576&start=2026-06-20T16:00:00+0000&duration=PT30M from server.
Fetching https://www.freeview.co.uk/api/program?sid=233&nid=64403&pid=crid://csi.digitaluk.co.uk/468f7a8c-7713-4b09-99fd-99b2fb467f47&start=2026-06-20T16:30:00+0000&duration=PT30M from server.
Fetching https://www.freeview.co.uk/api/program?sid=233&nid=64403&pid=crid://csi.digitaluk.co.uk/fed07afe-8ee5-4ff9-8ebd-92db30df8bbf&start=2026-06-20T17:00:00+0000&duration=PT30M from server.
Fetching https://www.freeview.co.uk/api/program?sid=233&nid=64403&pid=crid://csi.digitaluk.co.uk/cae55817-64cb-431a-b4c8-9a593e25f0d3&start=2026-06-20T17:30:00+0000&duration=PT30M from server.
Fetching https://www.freeview.co.uk/api/program?sid=233&nid=64403&pid=crid://csi.digitaluk.co.uk/be02d5ab-0d9d-419a-bf09-ac6b00a67fbf&start=2026-06-20T18:00:00+0000&duration=PT30M from server.
Fetching https://www.freeview.co.uk/api/program?sid=233&nid=64403&pid=crid://csi.digitaluk.co.uk/a69839e3-027f-4bf8-a4ab-a87700f46333&start=2026-06-20T18:30:00+0000&duration=PT30M from server.
Fetching https://www.freeview.co.uk/api/program?sid=233&nid=64403&pid=crid://csi.digitaluk.co.uk/7e1f4d17-a6af-42a6-99cb-62342eac114d&start=2026-06-20T19:00:00+0000&duration=PT30M from server.
Fetching https://www.freeview.co.uk/api/program?sid=233&nid=64403&pid=crid://csi.digitaluk.co.uk/c5a375f7-3789-486d-b005-a533c5c965e1&start=2026-06-20T19:30:00+0000&duration=PT30M from server.
Fetching https://www.freeview.co.uk/api/program?sid=233&nid=64403&pid=crid://csi.digitaluk.co.uk/224f5a2f-def9-4fd0-b7f8-eb677f09ec21&start=2026-06-20T20:00:00+0000&duration=PT30M from server.
Fetching https://www.freeview.co.uk/api/program?sid=233&nid=64403&pid=crid://csi.digitaluk.co.uk/e825d3d5-6ddf-4009-a1ae-102fe7b0b4f1&start=2026-06-20T20:30:00+0000&duration=PT30M from server.
Fetching https://www.freeview.co.uk/api/program?sid=233&nid=64403&pid=crid://csi.digitaluk.co.uk/3e320dd9-7241-4e0d-9913-5166d42867df&start=2026-06-20T21:00:00+0000&duration=PT30M from server.
Fetching https://www.freeview.co.uk/api/program?sid=233&nid=64403&pid=crid://csi.digitaluk.co.uk/42f22a25-1d61-4775-9f27-4118fb557771&start=2026-06-20T21:30:00+0000&duration=PT30M from server.
Fetching https://www.freeview.co.uk/api/program?sid=233&nid=64403&pid=crid://csi.digitaluk.co.uk/b6b862c8-a100-49eb-b911-68e44e50f479&start=2026-06-20T22:00:00+0000&duration=PT30M from server.
Fetching https://www.freeview.co.uk/api/program?sid=233&nid=64403&pid=crid://csi.digitaluk.co.uk/f134f061-a0ce-4227-a421-c234dd7ce5c5&start=2026-06-20T22:30:00+0000&duration=PT30M from server.
Fetching https://www.freeview.co.uk/api/program?sid=233&nid=64403&pid=crid://csi.digitaluk.co.uk/adf13117-5d80-4509-b96d-b2f08c41c1f1&start=2026-06-20T23:00:00+0000&duration=PT1H from server.
###
